transaction_id,user_id,amount,transaction_type,merchant_category,country,hour,device_risk_score,ip_risk_score,is_fraud
9608,363,4922.587542,ATM,Travel,TR,12,0.9923465237,0.9479076766,1
456,692,48.01830286,QR,Food,US,21,0.1685712394,0.2240574035,0
4747,587,136.88196,Online,Travel,TR,14,0.2961272488,0.1250576924,0
6934,445,80.53471896,POS,Clothing,TR,23,0.1248009784,0.1592425052,0
1646,729,120.0411582,Online,Grocery,FR,16,0.09812895371,0.02754196922,0
2183,944,97.10862458,POS,Clothing,DE,17,0.2353994324,0.1054540511,0
1919,829,166.2092619,Online,Travel,UK,12,0.1159059086,0.2237178434,0
3479,845,96.51263663,Online,Grocery,US,7,0.08225043329,0.03402301013,0
6796,129,83.33870063,QR,Food,DE,16,0.02177444136,0.2795975065,0
5129,249,89.69573135,QR,Grocery,UK,6,0.09535343717,0.1363364134,0
7402,701,101.4038267,QR,Travel,FR,7,0.1647939348,0.2919396246,0
6188,116,106.5634436,QR,Food,DE,23,0.1362359686,0.1358305529,0
8538,679,55.36360145,Online,Food,US,10,0.07430426367,0.1287602547,0
8410,559,99.41209708,Online,Food,DE,10,0.08477355164,0.01433368864,0
8201,564,94.54560514,ATM,Clothing,TR,20,0.1334897274,0.1620098345,0
2187,336,133.4106627,POS,Food,UK,19,0.08313216365,0.2860201892,0
5666,166,157.9981233,QR,Electronics,FR,19,0.2075330047,0.01996165722,0
1419,288,202.9958954,QR,Grocery,TR,23,0.1565442993,0.08275756653,0
6484,984,88.50981483,QR,Travel,UK,19,0.1478030298,0.2064802039,0
2480,137,115.3065595,Online,Food,FR,14,0.206384378,0.06876635332,0
2818,893,63.99286999,QR,Travel,FR,12,0.04374362149,0.2228466121,0
8826,620,113.3057512,ATM,Clothing,TR,9,0.1421629827,0.03488554332,0
8257,600,131.9634974,Online,Clothing,FR,18,0.03989732745,0.04451144238,0
9933,121,4284.177967,ATM,Food,TR,12,0.7378542343,0.7310706966,1
9035,358,76.69547979,POS,Grocery,TR,7,0.09397596615,0.1849988394,0
7468,688,138.6417025,POS,Electronics,TR,17,0.1080456295,0.2096710068,0
464,832,133.2635753,Online,Travel,DE,15,0.05743408766,0.09218882146,0
599,155,17.55120811,POS,Electronics,FR,7,0.01246941956,0.1750715829,0
3094,200,1,POS,Food,US,9,0.1065835523,0.180465035,0
8745,865,154.7180429,Online,Grocery,FR,9,0.1640808975,0.03092037722,0
2730,375,103.7813389,ATM,Grocery,US,17,0.2061667497,0.1443677662,0
4155,826,54.19831276,ATM,Grocery,TR,22,0.0920109879,0.01083811749,0
4298,847,91.65205847,QR,Food,TR,18,0.2663406895,0.1302051708,0
9139,769,135.3354235,POS,Grocery,FR,16,0.0731185041,0.08330499402,0
3983,271,64.96868149,POS,Grocery,TR,16,0.01990412981,0.2453589853,0
8777,568,117.1648845,POS,Food,DE,10,0.1274318614,0.2934155658,0
2140,719,174.5891082,Online,Clothing,FR,6,0.1654247258,0.2109866241,0
3084,161,98.82222999,ATM,Food,TR,19,0.1993176693,0.0508497547,0
7706,557,101.6373824,POS,Food,TR,15,0.07841237101,0.1608796427,0
7574,421,138.3272376,POS,Electronics,FR,8,0.2640777761,0.1512479525,0
4233,561,118.6259834,ATM,Travel,FR,15,0.01863146105,0.05695733237,0
3826,920,109.3592014,ATM,Electronics,TR,8,0.05952247911,0.02968987267,0
8966,430,140.4680036,POS,Grocery,US,9,0.011949905,0.101848813,0
5329,968,120.1175994,POS,Clothing,FR,19,0.08275895115,0.2299784061,0
6819,927,50.68069644,POS,Travel,TR,12,0.2844115003,0.2144245321,0
1711,813,173.9763602,ATM,Electronics,TR,9,0.003056771783,0.09095194238,0
8484,879,53.25379593,POS,Electronics,FR,19,0.2647985062,0.09667006134,0
7710,984,26.69304334,Online,Electronics,US,17,0.2521844631,0.1027052956,0
4048,798,79.42255258,ATM,Food,US,8,0.01312104577,0.1470069861,0
4570,566,3.625878623,POS,Food,US,20,0.218252273,0.2374910586,0
5474,94,123.1393693,Online,Food,UK,12,0.2171114882,0.05783471436,0
4669,656,90.12027156,Online,Clothing,US,19,0.15954776,0.2543958334,0
2459,900,49.77455845,QR,Electronics,DE,10,0.2638938638,0.06520393877,0
8065,822,91.05626976,Online,Clothing,FR,16,0.1377325482,0.2797528842,0
2577,71,127.5826134,QR,Clothing,UK,15,0.21876076,0.1226037875,0
3055,29,115.1338447,Online,Clothing,US,12,0.2273141317,0.2435908853,0
7148,370,159.5444268,Online,Electronics,DE,15,0.1882386572,0.2722497398,0
7100,122,5.482909887,ATM,Grocery,FR,15,0.04514825351,0.1057934501,0
9046,904,139.8297151,Online,Travel,DE,18,0.03151037216,0.1687592612,0
6599,550,122.5953099,Online,Clothing,US,13,0.004126559839,0.126611798,0
7821,289,165.5441363,Online,Electronics,UK,18,0.07036328274,0.22769297,0
4263,81,132.9033788,POS,Electronics,FR,10,0.09340228056,0.1684848877,0
2421,851,47.64250861,POS,Electronics,FR,22,0.1673007578,0.05142108415,0
9424,180,101.8452669,ATM,Food,DE,23,0.2474308323,0.07494734649,0
858,422,107.1882322,ATM,Grocery,FR,23,0.17919455,0.07018595389,0
2617,886,91.43583378,QR,Grocery,TR,16,0.2389992556,0.2610743228,0
6602,687,138.7089759,Online,Electronics,UK,7,0.06439623093,0.07296019034,0
7364,864,103.362998,POS,Grocery,DE,14,0.1134908952,0.2005185478,0
8924,383,115.4729998,ATM,Travel,UK,9,0.2455626136,0.04041258247,0
5516,236,108.868967,ATM,Clothing,TR,17,0.008884435877,0.06355318886,0
430,644,101.3627816,ATM,Travel,FR,6,0.02568504719,0.1665511851,0
780,963,124.6119732,Online,Travel,FR,10,0.05065553889,0.05828465839,0
3134,313,136.8206872,ATM,Clothing,FR,6,0.1177676393,0.01194046118,0
6656,225,96.46399755,POS,Grocery,TR,21,0.01093849474,0.01741558779,0
1619,469,11.67006403,POS,Travel,UK,15,0.01027381504,0.1449002648,0
6718,671,76.32103401,POS,Grocery,TR,6,0.1315186394,0.2124975401,0
4444,573,46.34745206,QR,Food,UK,19,0.1899341999,0.1057544734,0
4224,49,55.52541298,ATM,Food,FR,6,0.08191691217,0.1377486654,0
4045,196,169.0403294,POS,Food,TR,15,0.07522785525,0.2474212584,0
8807,399,136.9700908,Online,Food,UK,21,0.2678971293,0.1590627707,0
5198,935,91.08125402,Online,Travel,UK,20,0.1681825773,0.1089065344,0
4094,466,209.804478,QR,Food,DE,19,0.1318268787,0.1122927258,0
9468,739,50.13743828,POS,Clothing,US,12,0.1116919021,0.2071592207,0
8627,507,101.9242764,ATM,Food,DE,7,0.1227364907,0.05610323622,0
9637,560,1148.378114,POS,Travel,DE,19,0.9457090365,0.8356164712,1
4098,541,123.5764242,Online,Clothing,US,7,0.2138955716,0.2250940693,0
4554,390,184.844491,POS,Food,US,13,0.0228809153,0.2030070771,0
9711,935,952.5479054,QR,Travel,UK,20,0.7836105783,0.9855213091,1
5481,532,104.4178996,Online,Food,FR,6,0.1916519243,0.105711992,0
9939,291,2865.421641,ATM,Food,TR,13,0.8348428961,0.9043038262,1
2670,770,94.9940299,QR,Travel,DE,8,0.06690341363,0.05035060545,0
6904,310,1,POS,Food,DE,14,0.1105089221,0.2025404875,0
5261,594,32.68619384,POS,Food,UK,17,0.1457751823,0.06662461545,0
5119,413,78.25866044,ATM,Clothing,UK,17,0.2390064359,0.1289880463,0
1286,384,87.00080374,POS,Travel,TR,17,0.1745919315,0.00386516284,0
3477,282,122.4198508,Online,Electronics,FR,13,0.2458539319,0.1852440355,0
7000,992,74.89142466,POS,Grocery,UK,6,0.245766591,0.04509822001,0
4910,471,200.5075425,QR,Food,US,20,0.1774556849,0.01250731094,0
7867,362,97.60850769,POS,Clothing,FR,9,0.001520291651,0.255209491,0
2909,26,111.9967639,QR,Grocery,UK,11,0.05999368418,0.02567378768,0
3556,116,84.72038662,Online,Grocery,DE,6,0.1010236789,0.1993266304,0
1062,438,104.4550383,POS,Electronics,DE,16,0.188332128,0.1885833864,0
7850,966,96.87859313,QR,Travel,DE,6,0.2919247991,0.03906249983,0
3658,332,75.07009822,ATM,Grocery,DE,20,0.102213305,0.2791777912,0
5505,192,36.12910259,ATM,Food,US,7,0.08926498933,0.05852493768,0
8275,596,102.7431644,Online,Travel,US,23,0.003356228863,0.114691779,0
7595,666,90.70496524,POS,Electronics,US,7,0.2419137647,0.11445806,0
9723,631,2830.433626,POS,Clothing,US,4,0.9251573393,0.7427565817,1
5772,258,95.9253067,ATM,Travel,US,10,0.1604574221,0.1205271504,0
5378,707,146.7335079,Online,Food,DE,6,0.2912353971,0.194938238,0
6053,258,65.08888838,POS,Electronics,FR,11,0.1454358604,0.2927562038,0
7396,309,103.4943998,POS,Food,UK,13,0.281913234,0.1661318152,0
20,733,133.631288,POS,Clothing,US,16,0.1866851325,0.2734289398,0
170,590,58.46892097,QR,Clothing,FR,12,0.0379919707,0.06748148454,0
641,605,82.70095845,POS,Travel,US,20,0.1573565256,0.1892699535,0
3354,920,82.75751238,Online,Food,UK,23,0.2933566782,0.2038087684,0
1423,194,99.23809767,QR,Food,DE,22,0.1590644578,0.1389549414,0
2254,824,190.5151305,QR,Travel,TR,18,0.2332580674,0.06043244844,0
1640,649,128.3093468,ATM,Food,DE,18,0.02029815721,0.2349969983,0
7264,52,184.9006581,ATM,Food,DE,16,0.2839151467,0.1594095216,0
9223,554,116.5894016,POS,Food,DE,7,0.1900830097,0.1373201316,0
9507,706,2705.98569,QR,Electronics,FR,10,0.7666914162,0.8031706038,1
6208,457,91.64444361,ATM,Grocery,UK,11,0.05895375138,0.1892548631,0
9248,355,95.67712897,POS,Food,US,15,0.03784444674,0.1888138537,0
1004,140,28.79387942,Online,Travel,TR,8,0.1389189828,0.1447030846,0
4876,773,80.66033311,ATM,Food,FR,13,0.2873580502,0.1709294329,0
1049,777,147.6379845,POS,Clothing,DE,12,0.1275843972,0.2647858681,0
7330,393,11.07323654,POS,Clothing,UK,16,0.1705884985,0.08446080279,0
5266,3,168.7527246,Online,Food,TR,11,0.0276605678,0.204280455,0
6209,546,135.1096456,POS,Food,DE,6,0.1423762917,0.1641147555,0
1515,193,124.6584917,ATM,Travel,TR,8,0.02566014631,0.1462111827,0
4154,221,141.2335197,QR,Travel,TR,19,0.2892007545,0.1568061163,0
1078,833,56.93184735,POS,Food,UK,16,0.1599881115,0.1584369323,0
4650,511,141.425154,POS,Clothing,DE,21,0.02256374706,0.1134523061,0
4181,730,170.6530422,ATM,Clothing,FR,12,0.1978830378,0.2126288078,0
8490,752,186.9073379,POS,Clothing,US,8,0.03672589971,0.2071210142,0
4305,481,88.35448963,POS,Travel,TR,17,0.01908763876,0.2648651821,0
2148,184,166.9388985,POS,Travel,UK,18,0.02494480582,0.1088704738,0
6610,49,120.9775221,POS,Travel,DE,15,0.2064157886,0.1143649604,0
4346,131,99.22645776,ATM,Travel,US,9,0.1953801579,0.06438752189,0
2021,375,149.3041946,Online,Food,UK,16,0.1268871831,0.1378097045,0
6992,603,96.03369018,ATM,Travel,TR,19,0.2238354949,0.1751550914,0
7122,951,126.7253774,QR,Food,US,11,0.1590983573,0.0212916552,0
8520,667,152.332418,Online,Travel,TR,10,0.05630783422,0.1462687928,0
7995,854,96.40617352,ATM,Travel,FR,6,0.02540303094,0.05252183487,0
4436,966,202.5787161,Online,Food,DE,20,0.1411092322,0.1146009979,0
5807,366,22.28109604,POS,Travel,FR,11,0.2986620431,0.07155889593,0
2714,92,147.0233504,Online,Grocery,TR,6,0.200674639,0.1075732059,0
9984,63,2995.346498,ATM,Grocery,NG,11,0.8636356015,0.8870338382,1
7375,234,167.0860144,Online,Clothing,US,10,0.08320322168,0.1026452154,0
251,809,141.2977078,Online,Food,UK,22,0.1077652446,0.05657583122,0
9820,840,10,Online,Travel,DE,18,0.7457403542,0.9018426586,1
9929,735,2400.732779,QR,Food,NG,15,0.985201597,0.9825089942,1
3481,657,80.7687912,ATM,Electronics,UK,11,0.1506688915,0.2967642337,0
9701,64,1489.051311,Online,Food,US,14,0.7855839745,0.7007343621,1
3952,44,92.19931703,POS,Travel,UK,8,0.03395787822,0.2673053263,0
7112,904,41.18853738,Online,Clothing,FR,7,0.2825878408,0.1333751036,0
3741,708,103.1416786,POS,Electronics,DE,20,0.00240219035,0.1944238233,0
5296,433,151.1380278,QR,Food,TR,19,0.04972715789,0.151297033,0
9795,537,22.16842906,ATM,Clothing,US,4,0.9900607647,0.9207362301,1
1956,267,93.92401609,ATM,Grocery,US,6,0.02509924127,0.04833467914,0
8908,282,10.35247114,POS,Electronics,US,13,0.2484163259,0.06144795188,0
5878,69,167.4721253,Online,Food,FR,22,0.2778528033,0.1759721278,0
6637,662,70.38097698,POS,Food,US,7,0.2100279571,0.2207941815,0
2984,414,64.23687403,QR,Clothing,FR,10,0.07173444825,0.0890983777,0
5182,709,90.01681629,ATM,Food,TR,20,0.03531235125,0.1662214362,0
6129,215,74.0566416,Online,Grocery,TR,18,0.1702594957,0.1705658477,0
4067,593,102.3517182,ATM,Grocery,UK,19,0.09807632316,0.135283766,0
4006,66,177.8052219,ATM,Electronics,US,18,0.2228297712,0.2071961915,0
5227,311,27.76704142,POS,Travel,FR,10,0.1603283007,0.1612914189,0
4087,216,1,Online,Grocery,DE,7,0.2364570952,0.01981156256,0
5935,791,88.52199135,Online,Clothing,TR,12,0.1117499459,0.2410369884,0
1051,344,56.41126295,QR,Grocery,TR,9,0.2242612104,0.228704911,0
4121,547,137.5811981,POS,Travel,TR,19,0.2272238937,0.1448455172,0
2322,667,111.5030202,Online,Clothing,TR,22,0.2805138791,0.1660993436,0
1278,206,3.565928257,ATM,Clothing,FR,10,0.2235609154,0.238608516,0
2009,35,125.4156478,QR,Food,US,17,0.1813931507,0.1020386326,0
2262,842,171.0309146,ATM,Grocery,DE,6,0.205091456,0.1617991557,0
239,784,65.40343388,Online,Electronics,FR,7,0.2373464317,0.06161816602,0
3199,846,1,ATM,Electronics,US,21,0.05031776128,0.07809253301,0
5197,486,36.85773751,QR,Grocery,TR,13,0.1319638267,0.05348352884,0
2889,781,128.698835,Online,Electronics,US,14,0.2881095386,0.09487204276,0
5434,690,64.0483202,ATM,Travel,TR,7,0.06215789598,0.09686680931,0
2581,508,19.30044365,Online,Electronics,DE,8,0.21710938,0.1665712522,0
8204,891,25.70833802,Online,Electronics,US,11,0.09871197293,0.004056716383,0
5352,473,176.675042,Online,Food,US,15,0.0046139563,0.1206243448,0
5148,203,184.8395549,Online,Electronics,UK,15,0.1641499154,0.05582786298,0
2879,803,107.8329416,POS,Food,DE,12,0.197355681,0.2511334905,0
6626,973,158.6614546,POS,Clothing,DE,18,0.279541581,0.212505513,0
9728,572,10,ATM,Clothing,US,16,0.8494823441,0.7982471023,1
814,660,64.69356939,QR,Grocery,TR,11,0.1351664745,0.1261274378,0
8226,896,102.426957,POS,Food,DE,15,0.06179436207,0.2694964755,0
8156,540,134.5592079,POS,Travel,UK,6,0.2803769488,0.04364908305,0
4812,139,109.5365363,POS,Food,FR,11,0.02721029651,0.2905077846,0
7788,627,148.3270207,POS,Electronics,UK,14,0.05430382215,0.03218157875,0
7343,773,111.9219922,QR,Clothing,US,8,0.1804850157,0.03892982604,0
4026,507,91.06998353,QR,Electronics,UK,23,0.08996106219,0.1642438956,0
316,117,101.6127115,ATM,Grocery,TR,23,0.1650491481,0.02325537331,0
5012,241,92.99094032,POS,Clothing,US,17,0.2128861474,0.1860235807,0
8314,441,65.07234753,QR,Grocery,UK,12,0.04464713784,0.2939397391,0
1635,954,14.23573913,QR,Clothing,FR,22,0.1016802498,0.2438075993,0
2906,20,105.9007982,POS,Food,FR,22,0.010858456,0.1605139233,0
7826,127,77.82567805,Online,Electronics,UK,10,0.0438169806,0.2375198381,0
1848,510,110.9382368,QR,Travel,UK,17,0.02661360994,0.1034714963,0
6186,762,65.06515324,Online,Clothing,US,21,0.1714951478,0.07975366691,0
4474,886,98.10501689,ATM,Electronics,TR,18,0.1639199852,0.1681760329,0
560,570,162.855139,POS,Clothing,FR,7,0.008645438362,0.2214786846,0
4685,93,48.21486611,QR,Food,UK,19,0.2529130724,0.04728552204,0
9500,438,1927.704051,POS,Grocery,NG,21,0.9961891088,0.7991851195,1
2985,338,102.7705628,Online,Clothing,UK,23,0.04638440635,0.1057910792,0
4996,128,77.20586323,Online,Electronics,TR,17,0.06093550446,0.2078098279,0
4499,679,23.01702905,Online,Grocery,TR,12,0.07827568258,0.1890734088,0
383,518,148.695256,QR,Grocery,TR,10,0.01069878028,0.0668646406,0
7817,343,135.6798744,ATM,Travel,US,23,0.1373413315,0.1720813432,0
9345,600,128.1405485,ATM,Travel,US,18,0.005139326307,0.1764152072,0
9211,601,86.7763108,Online,Clothing,TR,10,0.09721503954,0.08999584289,0
1041,467,84.62216324,QR,Clothing,US,11,0.2545209665,0.1071545847,0
8650,76,51.18303404,QR,Electronics,FR,14,0.08314124534,0.1800691477,0
3464,177,40.999256,POS,Travel,UK,10,0.2534583683,0.2312359856,0
6571,537,107.2179144,POS,Food,DE,10,0.09211131112,0.1921155106,0
3567,682,71.38563137,POS,Food,US,10,0.2535253058,0.1476020089,0
2597,25,33.75419903,POS,Clothing,DE,7,0.02697770922,0.0889808294,0
2858,878,163.7562202,QR,Food,FR,8,0.2166042697,0.1892767286,0
4107,721,36.31285573,Online,Food,TR,13,0.1375336232,0.02797891037,0
4195,483,161.7084929,QR,Electronics,UK,23,0.2686641253,0.002160039769,0
4821,747,31.58753775,Online,Electronics,TR,19,0.06882266082,0.06118171988,0
6518,947,73.39353113,POS,Electronics,US,20,0.294034893,0.0850055505,0
4603,179,38.74082507,POS,Travel,FR,13,0.2781387104,0.1071695186,0
5156,782,177.5718883,Online,Electronics,TR,22,0.08908116863,0.03426171553,0
7602,880,96.2958669,ATM,Grocery,DE,7,0.05244387421,0.2378377483,0
9307,63,143.7802465,Online,Clothing,FR,12,0.1833455727,0.2925174578,0
9575,622,1110.128547,ATM,Electronics,US,4,0.9758575877,0.834083675,1
2344,569,101.9351147,QR,Electronics,TR,10,0.2995297515,0.1653558611,0
2379,183,103.2269032,ATM,Electronics,UK,11,0.05385539026,0.1862793074,0
3176,598,123.4118805,Online,Travel,US,20,0.2867446883,0.0164044463,0
7796,604,23.93701802,Online,Grocery,TR,13,0.2150193621,0.144717341,0
9138,110,111.0438113,Online,Clothing,FR,17,0.2892636614,0.04770105423,0
3299,210,99.46287267,ATM,Food,FR,23,0.1787169169,0.247865087,0
5656,199,182.6342732,QR,Clothing,DE,11,0.2341077488,0.2298207201,0
1781,767,81.49683577,ATM,Clothing,FR,10,0.03801805271,0.2776902031,0
8105,809,149.549809,QR,Grocery,DE,12,0.1961928442,0.2801284455,0
688,660,129.5002381,ATM,Travel,TR,23,0.008673685961,0.2871517044,0
9119,684,104.9351984,QR,Food,TR,15,0.1593206598,0.01675804889,0
2963,953,56.01805336,POS,Clothing,DE,7,0.1642569013,0.2900885703,0
4977,873,95.1309497,QR,Electronics,DE,19,0.07480597324,0.2745115574,0
842,868,111.5628874,POS,Clothing,TR,21,0.1535900773,0.08087623431,0
5231,877,186.939918,Online,Food,US,22,0.04450388273,0.05423607555,0
71,684,88.56324869,POS,Clothing,US,9,0.1876929833,0.2528514403,0
4538,339,1,ATM,Clothing,TR,10,0.2148537986,0.005978735608,0
6903,59,29.84994665,QR,Electronics,FR,16,0.1664083867,0.1786031328,0
6091,301,81.14933585,QR,Electronics,UK,10,0.06112913674,0.1812589971,0
1077,366,72.25003059,POS,Clothing,UK,10,0.2441093144,0.2712736489,0
9754,616,1094.091909,ATM,Electronics,TR,9,0.9962314778,0.8968234201,1
8773,486,93.83509768,ATM,Food,UK,23,0.1212439915,0.02680882825,0
3702,24,118.6083381,POS,Clothing,DE,17,0.06754721293,0.1518293947,0
5176,354,91.22143954,Online,Grocery,DE,22,0.05428101462,0.2461808779,0
8888,256,115.0329724,POS,Travel,FR,18,0.05881283473,0.2569814642,0
6462,641,49.9595403,Online,Grocery,DE,6,0.04089189585,0.2175407456,0
3102,59,26.85580311,ATM,Food,FR,10,0.09162356538,0.09636092429,0
7899,960,7.678917047,POS,Travel,DE,22,0.02049674867,0.09050747924,0
2052,824,75.47381737,QR,Food,DE,14,0.0828862437,0.09309719245,0
6723,214,101.3414765,POS,Electronics,US,8,0.07678637714,0.2212067239,0
7907,438,89.86601625,QR,Clothing,DE,19,0.1387772195,0.2397810943,0
434,433,1,Online,Grocery,TR,20,0.2054392727,0.03557111089,0
3457,426,137.0582524,QR,Food,TR,15,0.2515917999,0.02408183051,0
987,887,65.10853559,Online,Electronics,US,16,0.2966184738,0.1670549051,0
5612,364,97.61459217,QR,Food,FR,9,0.1648819191,0.2750318104,0
8510,680,64.49704717,Online,Food,DE,6,0.02833864635,0.2048014329,0
4819,893,6.414244014,POS,Clothing,DE,18,0.2903279811,0.1462116571,0
1122,880,75.22539277,Online,Food,UK,6,0.1874851641,0.2634949194,0
4955,636,95.93071529,POS,Electronics,TR,14,0.1370541204,0.2842054412,0
6092,30,59.84100271,Online,Clothing,TR,15,0.02577871209,0.1794074515,0
9200,243,47.92667775,ATM,Electronics,TR,6,0.2237061724,0.1573466191,0
4352,58,106.5524582,POS,Electronics,TR,14,0.06898835559,0.01627949515,0
5596,610,97.39946096,Online,Clothing,UK,20,0.2815414121,0.03859332535,0
2422,139,129.2769129,QR,Food,DE,15,0.2297548616,0.05916337614,0
29,326,82.43639814,ATM,Travel,FR,6,0.1784757236,0.1950065195,0
804,378,54.31033242,QR,Food,TR,18,0.1360716434,0.01386062274,0
4614,125,64.17635495,Online,Clothing,US,13,0.1488837599,0.1431553729,0
2965,988,131.7626532,POS,Grocery,TR,9,0.06594770123,0.1650233863,0
5276,419,44.76662261,ATM,Electronics,UK,17,0.112567139,0.09284931879,0
9036,918,164.8615177,QR,Food,US,10,0.01582788776,0.1067481151,0
5723,313,21.08548119,ATM,Clothing,FR,17,0.1553045098,0.2810482072,0
5247,567,131.2045092,Online,Grocery,TR,12,0.08000891426,0.2105190244,0
5774,868,167.9859228,Online,Clothing,TR,17,0.2665877903,0.2526012481,0
5491,693,55.62922912,Online,Electronics,US,19,0.2348742768,0.1615612501,0
3343,327,93.4489949,Online,Clothing,UK,7,0.117977597,0.2610265924,0
9478,503,143.9648263,QR,Food,UK,12,0.1484973555,0.1444308541,0
1433,757,114.4125789,Online,Grocery,FR,6,0.1445148308,0.01905304097,0
2698,732,50.09480445,QR,Electronics,US,12,0.1656057656,0.2536399433,0
5858,808,55.15591893,POS,Travel,DE,23,0.137868413,0.1624027802,0
9347,792,128.2150676,Online,Travel,DE,9,0.2879626055,0.1365230085,0
7584,391,141.477461,ATM,Food,FR,18,0.2066160351,0.1096489227,0
7243,304,110.8588186,Online,Clothing,UK,10,0.009356268645,0.1219302734,0
6405,721,121.7311204,ATM,Clothing,UK,20,0.04115083333,0.2705676491,0
5642,821,38.25581863,POS,Grocery,DE,7,0.1836702677,0.2192222568,0
7209,312,58.82829525,QR,Electronics,TR,8,0.1114968383,0.09835949296,0
8989,294,67.70937736,ATM,Food,DE,15,0.03578420792,0.0840672315,0
7730,218,122.0460855,ATM,Grocery,US,21,0.1572145176,0.1484465091,0
9566,461,3444.773786,ATM,Clothing,FR,4,0.7823408061,0.9278837373,1
9369,443,109.4888807,Online,Travel,US,17,0.1396593582,0.1782079752,0
912,700,170.6190336,Online,Food,TR,18,0.2180107395,0.1321574348,0
4443,610,158.9150722,QR,Electronics,TR,11,0.1415270806,0.02208376323,0
6745,598,87.64241713,POS,Grocery,DE,6,0.2117893074,0.2858340366,0
8249,504,172.207166,Online,Grocery,TR,9,0.140750182,0.1125275766,0
1844,644,100.659013,QR,Clothing,DE,19,0.2066239939,0.2946199872,0
6080,485,126.0837325,POS,Travel,US,9,0.1170587101,0.203003933,0
3461,512,80.72381478,POS,Clothing,UK,23,0.151429496,0.1367609489,0
4284,339,84.82803064,QR,Grocery,UK,19,0.2958797212,0.08440919707,0
2738,95,65.02695632,ATM,Food,TR,22,0.09234845636,0.2214569269,0
5162,819,88.40379989,POS,Food,FR,14,0.2866640462,0.2581104003,0
6042,235,141.7458674,POS,Electronics,DE,17,0.01969455184,0.002884969582,0
5953,737,242.2938725,ATM,Food,FR,6,0.09906056463,0.273639633,0
7395,436,160.2233604,Online,Clothing,FR,16,0.2892873999,0.2321432053,0
3183,555,105.7726733,ATM,Travel,UK,11,0.077601253,0.05818475301,0
9091,537,59.0823769,ATM,Travel,DE,10,0.2771806291,0.06569391066,0
8126,640,129.0209878,Online,Grocery,TR,12,0.1289858926,0.2524167666,0
1068,19,60.76623062,QR,Food,FR,17,0.2510394874,0.2571196676,0
909,800,129.6018413,Online,Food,UK,14,0.2292955235,0.1779467197,0
6124,504,21.10967974,QR,Grocery,US,8,0.02398107542,0.120239069,0
5408,364,173.6451623,ATM,Grocery,US,21,0.1751887388,0.1537777733,0
3921,428,238.1342266,Online,Grocery,US,10,0.2282005433,0.2869512514,0
3198,205,60.2727096,ATM,Food,TR,19,0.04788708998,0.1867168773,0
3558,769,98.57096242,POS,Clothing,US,12,0.1788291199,0.2914443743,0
6786,605,99.73661117,ATM,Electronics,TR,21,0.287504821,0.1886783822,0
3989,246,150.6833543,ATM,Travel,US,6,0.1388009012,0.1878470699,0
9982,802,10,ATM,Food,FR,4,0.9906954002,0.8981764777,1
582,38,117.9824579,POS,Electronics,UK,21,0.2082269539,0.03358890653,0
6897,304,137.1681781,ATM,Clothing,FR,18,0.2388500218,0.272482218,0
8947,14,121.1305787,Online,Travel,TR,18,0.232935355,0.0931034079,0
1773,919,1,ATM,Food,DE,8,0.0189770094,0.1857748095,0
7516,239,54.45409682,ATM,Clothing,DE,9,0.001137344602,0.2521111218,0
3896,901,121.4163707,Online,Electronics,US,10,0.2211056134,0.05768649441,0
473,558,149.3867551,ATM,Grocery,TR,21,0.1297513988,0.1057750545,0
6488,70,105.2184391,QR,Grocery,US,20,0.1953464659,0.2665558497,0
9050,802,90.66760311,POS,Electronics,TR,17,0.1956734308,0.2803861116,0
9441,949,94.22585518,ATM,Food,DE,19,0.05720171615,0.186479072,0
6341,296,101.5436592,Online,Food,US,22,0.1717739118,0.03970663569,0
8398,519,17.69018498,ATM,Electronics,UK,18,0.2174141511,0.01802412478,0
6248,6,155.0869825,QR,Food,DE,16,0.07351464537,0.1313993476,0
6105,83,118.7595008,POS,Grocery,US,18,0.1564005737,0.03520539053,0
1521,750,44.1567014,QR,Travel,US,15,0.1225363248,0.08270563345,0
4697,912,114.482676,Online,Clothing,UK,15,0.08249401703,0.06687189785,0
2250,383,121.7468527,QR,Travel,FR,12,0.09572572954,0.03203534301,0
9434,758,64.19157418,Online,Travel,FR,11,0.171712895,0.1552738751,0
1469,764,108.4622702,POS,Clothing,US,16,0.03786275896,0.1629679945,0
2441,725,143.4105809,ATM,Electronics,US,20,0.01168292962,0.2461025408,0
6471,351,138.9286449,ATM,Grocery,US,17,0.1429386731,0.2518160675,0
6368,928,65.22396424,Online,Electronics,TR,13,0.1672803622,0.06132610706,0
9101,698,79.27269429,POS,Clothing,DE,23,0.03964688576,0.1039383601,0
9060,782,92.17518047,QR,Electronics,UK,12,0.1231605769,0.1692754649,0
7524,374,109.4823699,Online,Electronics,DE,8,0.2656749746,0.0622490446,0
4328,341,127.7723091,QR,Clothing,TR,19,0.0358476731,0.2234347821,0
2990,186,118.0095639,Online,Electronics,FR,14,0.1346171348,0.1830183531,0
9932,473,2186.584742,QR,Food,NG,0,0.8553959543,0.8001883301,1
6048,122,52.83786187,QR,Electronics,UK,21,0.2698286949,0.1332371879,0
5569,423,1,ATM,Travel,UK,6,0.1238985268,0.08067264824,0
1382,661,62.07592004,ATM,Electronics,TR,8,0.05657956406,0.2300897216,0
3775,562,220.919561,QR,Travel,DE,13,0.2894061171,0.2884443683,0
2989,833,104.7203477,ATM,Travel,US,11,0.07284282395,0.1722686877,0
6193,494,13.50471513,QR,Grocery,TR,11,0.1756078907,0.2239883298,0
7931,665,1,POS,Clothing,UK,19,0.03801878977,0.17241634,0
2992,137,206.7843705,ATM,Clothing,DE,22,0.1630211618,0.04639200235,0
5959,350,130.5871303,QR,Grocery,FR,9,0.05630856848,0.06349963149,0
7269,977,113.2180964,POS,Clothing,TR,10,0.0354448674,0.1293722104,0
1729,263,55.35290159,POS,Clothing,FR,12,0.01618819741,0.1282031778,0
3262,325,121.8911439,Online,Travel,US,15,0.2826057863,0.2045389912,0
9612,854,1220.173695,Online,Travel,TR,18,0.7825292536,0.8369106355,1
4640,638,32.82496351,POS,Travel,FR,21,0.1747984303,0.1258889445,0
2036,423,104.3664352,Online,Clothing,TR,7,0.08814522653,0.1449930443,0
8100,42,1.255248447,Online,Grocery,US,10,0.1666918694,0.1207886281,0
3327,522,79.12269669,POS,Travel,DE,17,0.2207948065,0.1325735326,0
9636,451,22.16842906,QR,Food,UK,4,0.8903044934,0.8981834772,1
7580,548,119.127041,QR,Food,US,17,0.01295552607,0.08055244437,0
2471,987,81.80442181,QR,Travel,US,10,0.245256188,0.2267467677,0
8899,220,149.0569577,Online,Electronics,FR,21,0.07670348757,0.002225961443,0
1316,318,154.8271398,QR,Travel,TR,20,0.2339559699,0.2541588194,0
8452,324,88.54716389,Online,Clothing,TR,15,0.2597322121,0.08353583329,0
3557,270,89.76217205,Online,Clothing,UK,6,0.05868691332,0.1074181561,0
7947,412,109.3270911,QR,Food,FR,23,0.1498339682,0.2811562382,0
4818,727,81.3363071,Online,Travel,FR,22,0.05987653311,0.1683920728,0
5892,288,72.3156242,ATM,Electronics,DE,12,0.1754132422,0.0005672056557,0
7946,339,116.7967696,QR,Grocery,US,13,0.048605184,0.101470403,0
5493,155,63.27330908,Online,Electronics,US,19,0.2799406858,0.05888713798,0
1299,302,109.9753663,ATM,Grocery,US,7,0.0409755968,0.1174580098,0
2149,5,11.98687497,Online,Clothing,FR,15,0.22637313,0.1812764249,0
806,885,45.48824599,QR,Clothing,US,16,0.1844744408,0.2302981466,0
8048,169,190.9079418,ATM,Travel,US,21,0.07609368827,0.05815497452,0
2843,75,132.0062438,Online,Electronics,UK,17,0.1263681706,0.2411104197,0
6755,355,123.5392487,POS,Travel,DE,11,0.05128437688,0.174033496,0
1427,448,90.29101314,Online,Grocery,US,16,0.00900193973,0.1023325974,0
4965,761,28.51346719,Online,Travel,US,6,0.222113228,0.243357036,0
2753,979,106.4683836,POS,Travel,TR,8,0.1241946022,0.2711389611,0
5448,68,140.2913605,QR,Grocery,TR,11,0.1769393853,0.05337604952,0
94,183,94.04569283,QR,Clothing,DE,10,0.06239735259,0.1208166618,0
8130,791,139.9238505,POS,Grocery,TR,11,0.001078632475,0.07223717161,0
973,564,34.96491151,QR,Food,TR,7,0.1911828839,0.115487634,0
5940,492,171.4321272,ATM,Grocery,US,10,0.1786579185,0.264577832,0
5259,772,117.120679,Online,Grocery,UK,15,0.2013149239,0.1343325678,0
6716,944,101.803303,ATM,Food,TR,17,0.05086959137,0.2193724131,0
3636,34,97.32073123,POS,Electronics,FR,9,0.107182071,0.2706210863,0
2579,654,141.2591862,ATM,Clothing,US,21,0.06217878448,0.09955471198,0
5471,377,122.5744241,QR,Clothing,FR,21,0.2676316017,0.2476434208,0
3570,421,55.33752512,POS,Grocery,US,23,0.1963072926,0.1957744243,0
3075,236,119.8962423,Online,Electronics,UK,6,0.09198573429,0.05458333084,0
5318,757,28.5192663,POS,Travel,UK,8,0.04144619239,0.0161877153,0
8418,889,127.2007469,ATM,Travel,US,20,0.1578706959,0.1774551109,0
4215,316,96.0553889,Online,Grocery,US,18,0.2915111773,0.1656295654,0
8675,957,165.7331865,ATM,Food,UK,22,0.1122110628,0.2221925892,0
6983,287,84.52644627,QR,Clothing,TR,11,0.04716754659,0.1591464161,0
6991,648,78.44649295,POS,Clothing,FR,18,0.1263128229,0.2437941862,0
951,882,95.74778305,POS,Travel,FR,17,0.1845788529,0.1565917096,0
3315,751,168.5570524,POS,Travel,UK,15,0.04507178306,0.1849447923,0
8733,949,25.36049397,Online,Electronics,US,20,0.1091229838,0.1623661155,0
9232,542,123.9914186,Online,Travel,FR,13,0.1778855261,0.1536752797,0
9544,833,378.0323711,QR,Electronics,DE,10,0.8859479786,0.9725722188,1
3612,661,118.9441894,ATM,Travel,US,10,0.2935585037,0.26556326,0
92,473,105.0516744,Online,Clothing,DE,12,0.1265817476,0.2770249727,0
1866,720,71.35887382,QR,Clothing,UK,15,0.2171008178,0.1596517748,0
6287,108,73.14202688,QR,Electronics,FR,9,0.2342589566,0.03852517012,0
331,848,28.35254582,Online,Travel,UK,19,0.09172017734,0.01462969593,0
5662,397,163.9033052,QR,Grocery,FR,16,0.2055013692,0.07003161879,0
1960,809,51.13811556,ATM,Electronics,US,21,0.07956011638,0.008527843583,0
5728,782,112.5825333,POS,Grocery,UK,16,0.2944994111,0.1174733082,0
6879,497,52.36733853,POS,Grocery,TR,20,0.1820694131,0.1797530328,0
225,631,148.4615294,ATM,Electronics,FR,11,0.1747188986,0.07773629272,0
2349,246,116.0127391,ATM,Clothing,DE,7,0.1333737666,0.2597534993,0
7138,817,178.677146,ATM,Clothing,DE,20,0.02411220662,0.1248959493,0
7968,729,59.19789995,QR,Travel,US,7,0.1714238323,0.09231420927,0
296,803,56.55769608,QR,Grocery,TR,10,0.2552438958,0.2083114452,0
6684,128,143.105569,Online,Electronics,UK,14,0.1035841502,0.070522793,0
437,799,113.3349895,POS,Grocery,US,13,0.2092053755,0.157693473,0
7623,926,143.7248164,QR,Clothing,TR,8,0.155850774,0.1614140261,0
772,84,125.702407,Online,Travel,DE,6,0.2940831261,0.09419548204,0
9158,676,80.66477294,Online,Food,TR,8,0.06193008877,0.2174674989,0
7724,866,86.34754587,ATM,Food,DE,16,0.2248532556,0.2209808645,0
5002,555,56.43770941,POS,Travel,UK,8,0.07340539317,0.0639861001,0
4739,692,114.2870081,ATM,Electronics,TR,15,0.08080071376,0.05821689065,0
8537,949,152.4320355,ATM,Grocery,FR,23,0.2489552632,0.01047899806,0
7368,126,112.7266295,ATM,Clothing,UK,7,0.1920082007,0.2180393808,0
6631,934,53.67947677,ATM,Clothing,FR,23,0.1434094561,0.1802890458,0
4544,197,15.41490887,ATM,Food,US,12,0.1023044956,0.2356169644,0
8072,770,86.59961287,POS,Clothing,US,21,0.2517092538,0.05393094379,0
7397,595,158.7398847,POS,Travel,DE,12,0.005468392978,0.07741239883,0
9848,216,10,ATM,Electronics,US,4,0.7518448903,0.9674578342,1
4131,438,80.66829011,POS,Grocery,FR,16,0.02737130183,0.1724629532,0
3406,347,123.958958,ATM,Grocery,FR,17,0.265927962,0.09522255707,0
3975,190,72.98141899,QR,Electronics,UK,20,0.07182127592,0.1800131233,0
562,353,36.65516435,QR,Food,TR,19,0.2644001432,0.1220194428,0
9521,369,2920.360866,ATM,Grocery,TR,15,0.9073790991,0.8521798668,1
4755,665,110.9062185,ATM,Grocery,DE,22,0.02095385426,0.2273922885,0
2850,473,152.7063504,ATM,Grocery,FR,13,0.2410529543,0.229777011,0
3742,536,77.80882602,QR,Food,DE,22,0.02478707004,0.1525631891,0
7197,289,163.9824217,ATM,Clothing,UK,6,0.09467823175,0.2767107241,0
2733,834,139.4442104,ATM,Travel,UK,12,0.2644984717,0.07310666,0
8085,421,111.3296063,Online,Grocery,US,20,0.1709486405,0.0354231725,0
2102,707,80.78373866,POS,Clothing,TR,8,0.07635188838,0.2619510176,0
2536,563,36.69044902,QR,Electronics,TR,15,0.2926842039,0.1773928009,0
6659,33,83.78389795,QR,Clothing,TR,19,0.008432802662,0.001363522152,0
3364,45,88.44486747,QR,Travel,DE,9,0.02560023749,0.1942051319,0
5229,196,47.09823706,POS,Travel,US,22,0.2183413845,0.1966637405,0
1387,637,104.9429723,QR,Grocery,US,17,0.275305239,0.1530415189,0
6485,161,51.88346163,QR,Food,UK,10,0.2343927574,0.135249641,0
6399,61,80.24380359,POS,Food,UK,14,0.1888561838,0.1513389289,0
3499,38,36.48953783,POS,Grocery,TR,15,0.1506950167,0.1713889991,0
4357,104,107.2909049,POS,Clothing,TR,7,0.07221632113,0.1043493861,0
1578,931,199.0762134,ATM,Travel,DE,17,0.05507554198,0.01593961231,0
5979,410,144.3254401,ATM,Travel,US,21,0.002238046411,0.2785714514,0
6288,371,138.9886405,ATM,Grocery,DE,15,0.101373863,0.1716400549,0
7759,593,18.54533557,Online,Travel,TR,23,0.01087191474,0.102972236,0
5851,711,33.16120609,Online,Travel,FR,7,0.29322793,0.2551856273,0
4980,525,82.10165556,POS,Travel,DE,21,0.2968239059,0.2566004186,0
4392,707,78.94848271,POS,Food,FR,13,0.03879920123,0.05454188492,0
1443,831,168.8803724,QR,Clothing,US,19,0.1295610419,0.1726470221,0
1187,298,185.4603577,QR,Grocery,FR,13,0.1273457841,0.08668136425,0
75,572,80.95934839,QR,Clothing,FR,23,0.1084212448,0.2074572642,0
4200,738,73.03071365,ATM,Electronics,TR,20,0.2866858726,0.08030940038,0
9690,877,10,QR,Food,NG,12,0.8345840555,0.9428675537,1
4383,78,87.40425336,QR,Clothing,UK,15,0.1209532105,0.08832921164,0
299,27,122.6627251,POS,Food,TR,14,0.07439951087,0.2574494891,0
9219,624,91.24341222,POS,Grocery,TR,9,0.271695659,0.2397391177,0
4266,476,20.58153759,QR,Clothing,FR,10,0.2199224715,0.2953159385,0
1310,311,37.09900444,POS,Grocery,UK,17,0.1440773322,0.07289558998,0
5464,845,139.4885514,POS,Electronics,US,10,0.1442165905,0.1332065178,0
3787,859,115.0900379,ATM,Food,FR,17,0.02336250786,0.1798089388,0
9299,639,121.7181245,QR,Electronics,FR,10,0.2592595261,0.1545062678,0
9153,870,134.0976941,POS,Clothing,UK,14,0.03662542061,0.2805435581,0
529,667,20.81960328,ATM,Clothing,UK,21,0.2181172633,0.02289116658,0
6742,913,117.4965997,POS,Food,FR,18,0.03957930627,0.09638318529,0
2191,896,87.54303769,QR,Grocery,TR,7,0.0006009942604,0.1091064961,0
208,82,72.35520332,Online,Electronics,UK,10,0.2601577214,0.2463115127,0
2011,793,81.63220956,ATM,Grocery,DE,6,0.1734274586,0.2072438439,0
851,488,13.54504113,QR,Food,TR,12,0.2063714295,0.2849636319,0
9495,463,198.6562333,ATM,Electronics,DE,19,0.2962563181,0.003854185121,0
8264,544,169.5381586,Online,Clothing,US,17,0.00363706878,0.2433822772,0
2071,974,1,ATM,Clothing,FR,12,0.1334663165,0.0285771392,0
1586,829,126.5832798,POS,Clothing,TR,11,0.2094091369,0.2075059095,0
506,589,159.7988231,ATM,Grocery,US,20,0.09782341917,0.05229928874,0
581,426,64.7060493,ATM,Food,FR,9,0.1812885853,0.05827516233,0
9660,598,2011.577943,ATM,Electronics,NG,8,0.8016230776,0.9862994857,1
1963,914,54.42450157,Online,Electronics,TR,12,0.2038275744,0.11400474,0
206,818,94.46042622,QR,Electronics,TR,13,0.1049866658,0.254656315,0
5694,619,110.2450429,ATM,Grocery,FR,8,0.01409453722,0.2635924109,0
4291,783,111.7032996,POS,Food,UK,15,0.01410034994,0.03621142697,0
9005,392,70.92687204,POS,Electronics,DE,7,0.1213865614,0.1890173546,0
5916,15,122.4554045,ATM,Food,UK,11,0.042320226,0.2750556724,0
4228,334,168.7729839,Online,Grocery,TR,23,0.196966057,0.09431646397,0
9252,164,137.7156984,POS,Food,UK,11,0.08611085789,0.03385107641,0
4969,739,57.50458736,QR,Grocery,US,22,0.1233605204,0.1506633304,0
3192,794,5.300320358,Online,Travel,UK,22,0.04255869687,0.1201175931,0
5187,25,117.5907725,Online,Food,US,8,0.1161260051,0.003314455807,0
8101,665,71.03610135,QR,Food,FR,9,0.1998748973,0.1448562791,0
4407,51,90.175415,Online,Electronics,US,7,0.2908481103,0.04642266054,0
81,935,115.6498152,QR,Electronics,TR,20,0.1873579901,0.1470370822,0
7374,256,136.5416118,Online,Food,UK,16,0.1944428134,0.1047740309,0
875,581,51.68104531,POS,Electronics,TR,10,0.2130251626,0.06273616631,0
5103,953,137.8023888,QR,Grocery,FR,11,0.2426143052,0.0499958705,0
1634,236,110.0561729,Online,Grocery,FR,21,0.09849675629,0.1103538362,0
5137,588,50.89165248,QR,Travel,FR,18,0.110939284,0.06202947526,0
3577,377,14.54017369,QR,Travel,DE,19,0.2698920098,0.2270172458,0
6293,67,166.3979739,Online,Clothing,US,10,0.1313767359,0.1563765761,0
9190,295,49.29009649,POS,Travel,TR,16,0.2567553893,0.2055067502,0
6276,728,145.8655399,QR,Travel,US,17,0.2837512444,0.2668411458,0
8020,389,97.69781328,QR,Clothing,FR,20,0.2437561285,0.239374406,0
2705,662,74.70485298,ATM,Food,TR,10,0.02531570451,0.1644549254,0
6187,896,99.06462524,ATM,Food,DE,6,0.1545209525,0.05494244662,0
9176,260,138.0060405,Online,Clothing,DE,21,0.1769216775,0.1337843093,0
9257,958,26.40103615,POS,Grocery,TR,14,0.1681401869,0.2697305045,0
1950,365,165.0124472,POS,Food,FR,8,0.1002697581,0.01670901755,0
8031,727,122.6780015,Online,Clothing,TR,6,0.09692216741,0.1990649608,0
486,247,106.3031164,POS,Grocery,DE,11,0.2593022376,0.03152700343,0
3309,76,128.3623424,ATM,Electronics,FR,7,0.04187425696,0.07621490376,0
666,627,126.9700994,Online,Electronics,US,13,0.1553450884,0.04021867714,0
1898,437,90.22790631,ATM,Grocery,TR,12,0.1500428043,0.2365399465,0
510,222,73.12115295,ATM,Food,FR,16,0.06116314185,0.002994192747,0
9008,380,7.315438412,Online,Clothing,UK,19,0.205910685,0.1291917035,0
4791,665,61.76251499,Online,Food,FR,17,0.130823764,0.2789866745,0
9228,123,104.0457613,Online,Clothing,FR,10,0.0770072783,0.1731971312,0
3034,530,55.70356473,QR,Electronics,US,9,0.08793702364,0.02810700048,0
9294,804,70.93804015,POS,Electronics,US,14,0.2696888861,0.1757737698,0
6084,958,60.35262485,Online,Grocery,FR,15,0.002912754017,0.07008088291,0
6094,248,157.9271726,Online,Electronics,US,20,0.03465708085,0.06852166896,0
1954,308,98.58300773,QR,Grocery,DE,14,0.2442534752,0.0936098529,0
9867,189,4120.476949,QR,Travel,NG,4,0.8161285944,0.994661321,1
3761,714,30.27917174,Online,Food,US,7,0.06429981565,0.291806704,0
6195,45,77.94374004,ATM,Electronics,TR,7,0.02480511051,0.2255997639,0
8387,809,101.8838102,POS,Electronics,US,17,0.07963074918,0.1499176251,0
6339,513,191.9453282,ATM,Travel,UK,9,0.2925079203,0.1464960751,0
6675,371,77.42046734,Online,Electronics,TR,10,0.08946303158,0.206921825,0
1587,806,122.8299924,ATM,Travel,UK,23,0.1300040415,0.003645658014,0
7097,923,43.10671627,QR,Clothing,FR,19,0.1368548863,0.08945577708,0
7974,151,1,POS,Electronics,UK,13,0.02902609184,0.04852906996,0
4715,887,171.4117107,QR,Electronics,FR,10,0.01649089358,0.1434375182,0
7056,466,163.6200314,Online,Grocery,FR,16,0.0120362586,0.2815833314,0
9462,643,56.82389335,ATM,Clothing,US,8,0.2161819377,0.2203812261,0
9704,990,2460.758192,Online,Food,NG,20,0.8015842832,0.7954231156,1
8610,714,187.4090229,POS,Electronics,US,10,0.01808883734,0.05080086585,0
4449,211,101.6868647,QR,Travel,TR,12,0.2807206764,0.1999754214,0
872,476,63.52184921,QR,Travel,UK,15,0.0593462992,0.02232128225,0
6661,741,64.60235347,ATM,Grocery,UK,22,0.1953108035,0.1110900411,0
3222,510,120.6410686,POS,Clothing,US,12,0.1969776966,0.231043278,0
7879,572,33.38525632,ATM,Travel,FR,22,0.07072368,0.2913873105,0
2752,192,127.4035579,Online,Grocery,FR,13,0.1437128832,0.1841699954,0
2563,528,46.7421993,Online,Travel,UK,17,0.216391979,0.2582855028,0
4114,702,135.096887,Online,Food,UK,9,0.06131125977,0.1241730763,0
9116,210,52.23922648,QR,Travel,US,16,0.1420402705,0.213787684,0
3233,246,47.28474787,POS,Food,US,19,0.1644763566,0.1935066729,0
1832,906,56.97463744,QR,Food,US,7,0.06228890699,0.1514119883,0
9890,109,3980.870978,QR,Clothing,NG,16,0.7503811408,0.9041680004,1
240,451,149.7946708,POS,Grocery,UK,22,0.2314584865,0.09567629112,0
5354,696,77.40540154,POS,Electronics,TR,10,0.09555794171,0.2145383682,0
5191,220,83.05159746,Online,Food,DE,20,0.05901750913,0.09894892598,0
7461,368,66.46618818,QR,Travel,TR,16,0.2341821489,0.02776288496,0
2184,275,182.2048389,POS,Grocery,FR,12,0.02087012556,0.06061365006,0
3755,494,40.39792279,ATM,Clothing,UK,7,0.1895119312,0.1209425723,0
6393,230,89.3369028,POS,Electronics,DE,15,0.06260023573,0.2730155318,0
9058,888,45.41252854,QR,Grocery,TR,13,0.04353243594,0.2630848776,0
1728,257,201.3369839,QR,Clothing,TR,16,0.1448939371,0.08527656846,0
118,780,244.5851495,POS,Travel,UK,14,0.2810965091,0.1782894241,0
8552,269,76.09829937,ATM,Food,DE,10,0.009398161117,0.2292608891,0
7866,325,115.0190468,QR,Grocery,US,21,0.007695743962,0.2572427128,0
1011,214,79.79942847,ATM,Electronics,US,19,0.2358750758,0.07701038184,0
191,156,72.58004304,ATM,Electronics,DE,18,0.1032391515,0.1726236386,0
957,951,99.41772256,Online,Clothing,FR,14,0.214321134,0.06960266467,0
4338,608,112.0777434,Online,Electronics,UK,16,0.01336849154,0.277862914,0
7149,418,30.16875171,QR,Travel,UK,20,0.05686339054,0.2908019013,0
6152,72,1,QR,Grocery,UK,12,0.08954518663,0.0009214139237,0
4234,803,168.0393178,QR,Electronics,DE,22,0.1882630806,0.2271220625,0
4868,733,138.8968884,POS,Travel,US,6,0.2390418185,0.239439829,0
350,187,81.8193352,ATM,Electronics,UK,8,0.2665114698,0.09593551466,0
183,817,127.9668662,POS,Travel,FR,21,0.1943265892,0.292340187,0
1756,880,162.5143456,ATM,Grocery,US,19,0.1576913145,0.25903802,0
1947,606,181.6614758,ATM,Clothing,US,21,0.2829174704,0.05379256996,0
8803,22,75.63235304,ATM,Clothing,US,8,0.2041359298,0.0349909141,0
863,377,108.727153,POS,Electronics,US,20,0.1835232621,0.1355019302,0
856,782,165.7547005,Online,Travel,FR,7,0.06955301728,0.2429700394,0
1198,330,75.01822984,Online,Travel,TR,23,0.1280317214,0.1266801237,0
7892,91,116.5860973,QR,Electronics,UK,23,0.1578863208,0.2303598223,0
2507,818,6.503635248,ATM,Electronics,UK,23,0.1733861169,0.175440405,0
1369,623,199.4410027,Online,Electronics,UK,22,0.1158110311,0.03430717183,0
612,602,125.8668647,Online,Electronics,DE,17,0.2150404723,0.1831859639,0
677,277,189.3298512,Online,Grocery,UK,17,0.1195064342,0.1458542567,0
8756,627,58.11430626,POS,Grocery,DE,6,0.2450863192,0.06966448407,0
7721,784,56.74967499,POS,Grocery,FR,8,0.1907509919,0.1373941066,0
1222,775,143.5224585,POS,Travel,TR,13,0.2995741866,0.2095965176,0
3470,919,17.16975408,ATM,Grocery,US,18,0.2764094938,0.0440469373,0
8078,830,9.231460515,POS,Food,US,10,0.0487850119,0.1217690577,0
7670,915,188.2369876,Online,Grocery,DE,22,0.2316458246,0.2999326286,0
6644,724,162.5278623,QR,Food,TR,18,0.2943296034,0.1706506622,0
6150,833,66.39091819,ATM,Electronics,US,23,0.2935094214,0.1572624616,0
9387,147,160.849102,Online,Grocery,DE,11,0.2759664894,0.1589715413,0
3651,690,38.02941765,Online,Food,UK,7,0.1102912784,0.07160911951,0
507,713,82.78393991,POS,Electronics,UK,23,0.2943491647,0.1392322908,0
5356,460,96.72730108,POS,Travel,UK,6,0.1299573733,0.08713086424,0
8747,342,198.4968956,POS,Grocery,FR,18,0.1450037282,0.06712129238,0
56,801,124.4047691,POS,Food,FR,14,0.2587133633,0.02010044759,0
9835,870,1223.693621,Online,Clothing,DE,4,0.9461185264,0.8700352884,1
5970,2,109.5728068,POS,Grocery,DE,11,0.08281653519,0.1413511662,0
792,305,136.1674109,Online,Electronics,UK,8,0.1119566791,0.1034847331,0
1556,842,166.2241313,QR,Clothing,FR,17,0.07901368394,0.1479035036,0
6921,976,107.5261603,ATM,Grocery,US,17,0.1167454154,0.1862037356,0
9791,637,22.16842906,POS,Travel,TR,4,0.95111836,0.7246637755,1
956,205,99.88471063,ATM,Clothing,TR,20,0.1909615268,0.1240572666,0
8954,639,99.3108294,Online,Clothing,DE,9,0.02174164638,0.2542630658,0
9241,216,116.0844685,POS,Food,DE,11,0.2152265092,0.06279556985,0
9336,327,100.5112737,POS,Electronics,US,18,0.1842749809,0.0752446515,0
4381,425,3.211383458,POS,Travel,FR,17,0.128443351,0.2208100852,0
5630,879,59.78654752,ATM,Travel,DE,13,0.2462742716,0.2934789946,0
7923,675,184.3006292,POS,Electronics,FR,6,0.08848454334,0.2218404801,0
1827,677,104.5598185,ATM,Electronics,US,17,0.04371590031,0.1926962676,0
2760,514,70.13014372,QR,Grocery,DE,17,0.2915719121,0.1276661525,0
1684,206,141.347173,Online,Food,US,18,0.1966416803,0.2849021729,0
1029,201,123.0759023,POS,Clothing,DE,21,0.18573573,0.2265137244,0
4962,840,90.63458192,ATM,Grocery,TR,15,0.2105811458,0.2109410496,0
6621,758,64.01065128,QR,Grocery,FR,8,0.1130389568,0.1529929345,0
1503,782,135.1940464,POS,Grocery,FR,23,0.107534632,0.08297421895,0
22,162,14.09312548,QR,Food,US,19,0.2223218202,0.205064183,0
6695,172,157.759642,Online,Travel,US,15,0.05967773927,0.275242891,0
1215,386,126.3654847,QR,Electronics,US,17,0.1969165911,0.1260104468,0
3846,312,98.3759325,QR,Food,US,16,0.2037302599,0.2424036421,0
5104,278,75.13129252,ATM,Clothing,US,7,0.2837171624,0.05844866023,0
967,839,121.3023244,POS,Clothing,TR,13,0.07008105498,0.2350164049,0
2448,142,99.08218879,POS,Food,UK,22,0.288736237,0.09394416254,0
1313,664,154.3726775,Online,Food,TR,6,0.2773520733,0.06813255118,0
8139,460,133.6447433,ATM,Grocery,DE,8,0.2649001543,0.003062838943,0
6526,490,122.3320251,QR,Grocery,TR,6,0.06663516029,0.02629723849,0
3410,749,117.6485375,QR,Food,FR,12,0.1065279112,0.08590846902,0
3889,57,203.1025577,QR,Electronics,FR,16,0.212515484,0.1662993066,0
6402,101,70.62839929,ATM,Travel,FR,13,0.2326133537,0.1377523627,0
8032,175,84.80229685,ATM,Food,UK,19,0.05895000292,0.1421696771,0
5351,379,75.458676,ATM,Clothing,UK,15,0.1873527871,0.02884944483,0
2018,382,15.95524586,Online,Grocery,TR,16,0.1714426756,0.03317828574,0
8119,87,48.22010126,Online,Food,DE,17,0.2426620016,0.07445931719,0
6011,491,75.50050256,QR,Food,UK,8,0.1711778996,0.07426795602,0
5316,685,139.5372004,POS,Travel,DE,23,0.1888806952,0.261313088,0
5118,409,128.1667752,ATM,Electronics,US,18,0.2560496265,0.2071299193,0
8515,728,75.67972401,QR,Travel,US,22,0.188053186,0.1672460217,0
3137,453,93.52094445,QR,Travel,DE,14,0.1481470213,0.1322574212,0
4931,734,84.61552817,POS,Travel,TR,19,0.2916830869,0.199697297,0
3898,74,129.7205177,ATM,Electronics,US,22,0.1379791404,0.01909497956,0
9363,365,98.05868557,QR,Clothing,UK,11,0.2100419635,0.09814136918,0
2325,146,25.90057294,POS,Clothing,DE,19,0.2128805038,0.001896822542,0
3713,440,99.1359932,ATM,Grocery,US,21,0.05554929593,0.0954588586,0
759,824,102.2436618,ATM,Food,FR,23,0.1619057714,0.1757958192,0
6205,448,135.988826,POS,Food,TR,6,0.2215148328,0.2952319142,0
7857,509,202.7610484,ATM,Clothing,TR,8,0.1468676072,0.09835364425,0
6056,862,101.0061951,QR,Travel,FR,11,0.2428902654,0.1385549405,0
9974,456,665.4398634,POS,Electronics,NG,4,0.7443136066,0.922452778,1
5581,195,17.99531221,POS,Travel,DE,16,0.1428818965,0.1834519687,0
2271,973,25.7734229,POS,Grocery,TR,22,0.144725445,0.2320090675,0
9741,413,2601.242104,Online,Electronics,US,21,0.8705033566,0.9449872466,1
3017,606,83.59673979,Online,Food,DE,15,0.0242229117,0.1118993359,0
39,548,1,QR,Grocery,US,22,0.2694608961,0.2221190679,0
1796,382,91.28179399,QR,Food,US,7,0.2853947114,0.2787475583,0
1390,937,1,POS,Grocery,US,8,0.2149420766,0.2078560034,0
2559,7,19.96870784,Online,Food,TR,23,0.2756389702,0.1770722298,0
9699,357,3036.509845,Online,Electronics,NG,4,0.8039035396,0.7755424966,1
3828,64,79.67365374,POS,Food,DE,18,0.1559616182,0.2063425292,0
2060,908,96.81867981,QR,Travel,DE,19,0.2623434756,0.1915734398,0
5813,441,67.35490074,ATM,Travel,TR,21,0.2995131016,0.2575160154,0
4017,508,1,QR,Clothing,DE,15,0.02873672987,0.2486172465,0
1496,717,98.87655117,ATM,Grocery,DE,10,0.06097036747,0.2595302903,0
1549,58,101.7431208,ATM,Clothing,US,21,0.03138539884,0.02553846555,0
1006,693,8.980097596,Online,Food,UK,7,0.2071518469,0.02302883144,0
6013,959,48.59591201,POS,Clothing,TR,14,0.2337841254,0.2989022917,0
5257,677,120.1319978,ATM,Electronics,DE,10,0.03170757206,0.2352140037,0
8945,186,136.2870038,QR,Electronics,TR,7,0.1540181906,0.2506752458,0
8137,862,83.25746352,ATM,Electronics,FR,13,0.1459709054,0.06400386478,0
6425,235,186.0584564,Online,Clothing,US,7,0.2202754406,0.1298173341,0
3065,807,77.19371533,POS,Clothing,FR,8,0.003076637426,0.07207790185,0
3744,117,43.25047661,POS,Electronics,TR,7,0.05947214597,0.2000641267,0
2082,730,162.7552708,QR,Grocery,US,22,0.2118663593,0.1037479724,0
6224,993,110.7705701,QR,Clothing,US,13,0.2997690492,0.1407123851,0
4220,23,79.8352209,POS,Grocery,TR,21,0.2306590965,0.1581312135,0
4658,175,105.1620829,Online,Electronics,UK,12,0.2280945637,0.01995889519,0
5794,240,63.44078795,Online,Food,FR,9,0.1051395637,0.2017347789,0
5700,870,126.1148421,QR,Food,US,23,0.2359368584,0.02100032877,0
6385,334,77.41869556,Online,Travel,DE,12,0.01438165357,0.2139667099,0
5648,401,144.6188567,ATM,Grocery,FR,10,0.06288569022,0.05103291895,0
770,614,1,ATM,Food,DE,13,0.02844733952,0.2234915912,0
2988,287,109.6057134,POS,Clothing,FR,9,0.1261206931,0.01399231855,0
9013,316,109.6410775,QR,Grocery,TR,20,0.03474744319,0.05025346338,0
8693,58,91.94073809,QR,Electronics,US,12,0.2052280808,0.1297330196,0
1025,391,78.84696995,Online,Clothing,UK,19,0.2678920748,0.1338775907,0
1045,688,223.0498113,QR,Grocery,TR,10,0.2647206049,0.2962764583,0
4867,245,61.91773805,POS,Electronics,FR,17,0.03628668595,0.2442692973,0
3764,998,82.25258666,Online,Grocery,FR,13,0.2973684967,0.2634007995,0
8735,312,51.39221733,ATM,Food,TR,9,0.1876739315,0.2063349849,0
9024,277,88.58390543,ATM,Clothing,DE,6,0.07713643678,0.2628035829,0
2973,134,84.8623565,POS,Food,US,16,0.1263463972,0.0695263448,0
7259,189,88.53474562,POS,Food,FR,11,0.1616649957,0.2091482205,0
7275,667,25.90738484,QR,Food,UK,10,0.1212849554,0.2009865518,0
3804,167,104.9697045,Online,Travel,TR,7,0.1641292524,0.1773740901,0
7260,870,178.9516851,POS,Travel,US,6,0.1229069528,0.09535458659,0
4939,865,91.87201913,QR,Travel,DE,12,0.006852386947,0.2481665375,0
4321,708,38.21042942,QR,Clothing,FR,16,0.2206678815,0.08678207367,0
5573,920,46.85286349,Online,Grocery,US,6,0.2729374749,0.2738298162,0
4117,6,163.6135189,ATM,Food,TR,23,0.06717062722,0.09282144719,0
4201,431,63.42298526,QR,Clothing,FR,16,0.07560851486,0.2142378727,0
5539,274,71.74828698,POS,Grocery,US,9,0.01241305576,0.1828223797,0
7659,857,92.90370382,QR,Travel,US,22,0.1808676492,0.1192038292,0
570,246,148.6455535,Online,Travel,DE,11,0.2705409521,0.2595281587,0
3686,11,122.5486405,ATM,Food,FR,11,0.14938898,0.1457206016,0
561,124,116.8467165,POS,Grocery,US,9,0.2355888126,0.05813442597,0
1326,863,123.7021156,POS,Clothing,FR,23,0.1749793232,0.002565304314,0
4237,590,120.3039583,QR,Travel,TR,16,0.1756292988,0.1840325581,0
9858,1,4912.022902,POS,Travel,US,13,0.7469498806,0.9560487416,1
7851,613,111.5299009,ATM,Clothing,FR,14,0.02645104401,0.1855000241,0
4974,7,68.65828396,QR,Electronics,US,6,0.2594073494,0.2426576865,0
4746,928,60.52231572,QR,Clothing,FR,12,0.006213728091,0.03957676005,0
7664,695,116.0731544,POS,Clothing,TR,18,0.2120284162,0.09796329307,0
6764,898,75.67954557,QR,Travel,UK,20,0.09968378208,0.2786538844,0
3875,812,119.2901388,POS,Travel,UK,22,0.2703038767,0.1585171696,0
6025,75,77.19628636,ATM,Food,FR,9,0.08208124242,0.252962408,0
4481,892,79.78883548,POS,Grocery,DE,17,0.2724866108,0.05988401913,0
6987,282,150.0482295,QR,Clothing,TR,21,0.1259022399,0.2656951714,0
805,46,1,POS,Travel,DE,22,0.1702719598,0.2292450197,0
3603,411,78.24288953,POS,Electronics,TR,13,0.1582280585,0.2305088367,0
5411,760,119.1911782,POS,Electronics,UK,17,0.0004664744131,0.1064187286,0
3020,970,78.95495307,ATM,Electronics,FR,15,0.2133547186,0.2593556884,0
2679,556,1,ATM,Travel,US,13,0.09441091652,0.01543580255,0
4388,797,67.90168163,QR,Grocery,DE,18,0.1943772748,0.1495822503,0
166,74,150.672288,QR,Clothing,US,11,0.2008149438,0.1241675537,0
1343,38,65.29116321,QR,Travel,US,13,0.1569191816,0.2219423872,0
6863,883,131.8609046,POS,Food,FR,9,0.01629908994,0.02871557856,0
5900,373,55.16078071,Online,Grocery,US,9,0.0952141402,0.2975841901,0
9070,82,109.2322928,QR,Grocery,UK,18,0.002076204422,0.24497158,0
7920,853,234.7744355,QR,Travel,TR,21,0.1817783275,0.2001392796,0
2710,633,76.27765043,ATM,Electronics,US,21,0.09303460725,0.2380715148,0
7896,332,116.2011717,QR,Grocery,UK,11,0.07823783407,0.06498300688,0
4329,831,199.2972388,QR,Grocery,UK,23,0.1071673783,0.1680092609,0
1166,784,104.8371956,POS,Food,US,13,0.1356918727,0.08062180092,0
7530,129,114.5666822,Online,Travel,DE,6,0.1629220022,0.1643835966,0
9729,135,941.1662995,POS,Food,US,19,0.9523065321,0.985888806,1
1597,540,127.0012098,QR,Food,UK,9,0.162245958,0.2248432258,0
4706,72,123.2671997,Online,Clothing,DE,20,0.1387236226,0.2019758931,0
2568,848,27.1104306,POS,Grocery,DE,15,0.01671831665,0.2329258374,0
255,303,126.7271807,Online,Electronics,FR,22,0.08881269271,0.04499193001,0
6688,28,1,ATM,Grocery,UK,22,0.2684297672,0.274367875,0
125,725,135.3857441,POS,Grocery,TR,14,0.2400753818,0.1318900763,0
2980,162,146.8807422,ATM,Electronics,US,22,0.005535127453,0.1119033568,0
882,574,44.0969786,QR,Grocery,FR,23,0.2735018515,0.2138687467,0
4303,596,104.668443,ATM,Food,DE,7,0.1929480257,0.09346352648,0
7065,432,113.8748986,POS,Travel,DE,10,0.1439443306,0.1999153381,0
4545,210,66.28270867,QR,Travel,FR,22,0.1512189326,0.2451894905,0
6156,598,183.9512399,POS,Food,US,9,0.2319172374,0.05839920337,0
2997,784,143.1543893,ATM,Grocery,TR,13,0.1669685993,0.0243126529,0
8790,868,53.69737691,Online,Travel,DE,19,0.2061141491,0.05953060235,0
5483,126,122.2258772,POS,Food,TR,21,0.1186037323,0.1073336092,0
4415,762,146.5784616,POS,Grocery,US,15,0.2355008031,0.004869142959,0
2435,377,101.2120121,QR,Food,UK,16,0.06857838039,0.2070490831,0
5537,508,81.66319607,QR,Travel,UK,15,0.1942653944,0.2021260546,0
9215,220,10.38668971,QR,Electronics,US,22,0.1962285217,0.1107666453,0
2039,919,1,QR,Travel,DE,7,0.06800470207,0.2803936743,0
6101,796,30.50241263,ATM,Food,FR,7,0.06743672587,0.09660502209,0
3862,339,102.01652,Online,Electronics,DE,13,0.1132703192,0.1756824522,0
2308,232,78.75321051,Online,Travel,TR,14,0.2537605925,0.1779131722,0
5635,529,193.9138676,POS,Grocery,US,13,0.2519585945,0.1847619244,0
4136,537,66.6688222,ATM,Grocery,DE,17,0.1521245162,0.2374384537,0
9026,573,168.4204009,POS,Travel,DE,14,0.06538771186,0.2967508109,0
2437,984,5.494676367,Online,Clothing,DE,21,0.02986240348,0.05497737867,0
8466,841,121.6896703,ATM,Grocery,US,19,0.2425562264,0.04211485959,0
6296,180,110.0419869,POS,Travel,US,11,0.1634097394,0.09141978141,0
2846,899,31.50071138,Online,Food,DE,23,0.116490239,0.1983066305,0
157,11,190.4533374,Online,Electronics,FR,12,0.1264192576,0.2703252905,0
3133,127,180.2263964,POS,Travel,TR,9,0.2150339794,0.2205749239,0
7506,92,131.6831011,ATM,Grocery,UK,7,0.1405363293,0.2105309146,0
4251,883,53.30040202,QR,Clothing,UK,10,0.1171855433,0.1818023643,0
1340,5,136.208362,ATM,Clothing,US,10,0.05857358032,0.142139031,0
3766,537,84.48789709,ATM,Travel,US,17,0.2482835516,0.2637126483,0
4038,486,131.3696037,POS,Grocery,UK,19,0.2786562636,0.08646203879,0
4004,616,69.15757045,POS,Grocery,DE,20,0.2433257115,0.001099680173,0
5392,916,100.0236017,QR,Grocery,UK,21,0.2063178192,0.03322300104,0
4095,869,48.2615111,QR,Clothing,UK,16,0.1547582938,0.1295117393,0
7616,165,148.2567062,ATM,Travel,US,10,0.1587531673,0.2331392367,0
6940,72,43.52500186,ATM,Travel,UK,11,0.1149780363,0.107531737,0
9362,955,95.29938779,ATM,Clothing,DE,10,0.02757473333,0.1539434202,0
3489,186,130.3683543,QR,Electronics,FR,7,0.2407736036,0.2897603311,0
7802,791,101.2410277,ATM,Food,TR,21,0.08083777733,0.1270142919,0
1628,527,158.1003852,ATM,Food,FR,12,0.2727979632,0.1171973808,0
2205,473,49.59350216,ATM,Clothing,FR,15,0.03432926534,0.1464259593,0
2310,226,89.87385013,POS,Grocery,US,23,0.1019448942,0.2039499771,0
7280,366,147.7289791,Online,Electronics,UK,11,0.03789995399,0.1824537673,0
7273,6,70.76747023,QR,Travel,US,6,0.1990705921,0.2700040461,0
1379,619,153.0543314,Online,Travel,TR,6,0.07871462826,0.1150051027,0
8454,146,175.6182899,ATM,Food,UK,13,0.1896366413,0.2565613314,0
869,417,44.42473096,POS,Grocery,UK,10,0.05013671522,0.01212190269,0
2674,782,134.2421097,POS,Food,DE,6,0.1566746194,0.2267062186,0
7262,510,103.7694235,POS,Grocery,FR,17,0.002992523948,0.2062402724,0
4862,277,84.69772675,POS,Travel,UK,12,0.04665866576,0.1041401361,0
4182,463,53.74846764,Online,Clothing,DE,17,0.1135812419,0.09436262363,0
5039,585,39.53756228,QR,Food,US,14,0.1486767537,0.2267979534,0
4805,921,111.1401051,POS,Food,US,14,0.247734779,0.0546690426,0
6616,424,1,Online,Clothing,FR,20,0.1917702828,0.1041110293,0
802,381,103.0514292,ATM,Electronics,TR,9,0.05630230937,0.2738099391,0
4979,252,144.2062161,ATM,Grocery,DE,13,0.1314691695,0.1886551551,0
5868,710,74.03293446,Online,Electronics,UK,20,0.2056963156,0.2354408312,0
5993,704,137.0549614,Online,Electronics,US,16,0.1702137602,0.004213879595,0
9895,624,2110.3836,ATM,Food,US,1,0.7716231872,0.8689048216,1
4770,829,82.22541685,ATM,Electronics,DE,12,0.1649447762,0.02295083706,0
433,979,154.6561488,POS,Clothing,TR,23,0.1984668425,0.2468023815,0
3515,454,177.2836863,QR,Clothing,UK,16,0.0398972827,0.1645752311,0
2091,37,87.98495974,ATM,Travel,DE,13,0.167705529,0.2455644853,0
4460,401,180.7745972,QR,Grocery,UK,22,0.1736285613,0.006435273573,0
3856,679,128.1419998,POS,Travel,TR,16,0.05234662473,0.06382690021,0
3502,541,130.6320471,QR,Travel,UK,12,0.08129695485,0.2976194713,0
5540,210,1,POS,Food,FR,7,0.2797939415,0.07785827371,0
6133,946,103.9535134,POS,Grocery,DE,14,0.1363062142,0.05694950955,0
8060,183,62.83818166,Online,Electronics,UK,17,0.2603628068,0.1900168881,0
1877,42,99.69757407,QR,Food,TR,7,0.2529627868,0.2816363379,0
3425,245,81.34297619,POS,Clothing,US,16,0.09941246562,0.1095289906,0
3378,74,125.4523069,ATM,Electronics,US,12,0.1352303622,0.01773359391,0
8014,185,1,ATM,Grocery,FR,16,0.1904186169,0.03017746681,0
1829,13,42.79267615,POS,Food,FR,11,0.2358089872,0.1826481319,0
42,647,154.1176937,POS,Food,US,6,0.02696887716,0.1278112962,0
8341,105,192.8163857,QR,Electronics,FR,9,0.02908968725,0.1062753728,0
8279,782,156.7523281,POS,Clothing,US,22,0.2703766396,0.2570010474,0
4509,888,128.034033,Online,Grocery,DE,13,0.2327198571,0.1130488295,0
4310,984,71.04691993,POS,Food,DE,6,0.1484232893,0.2954777807,0
9966,339,22.16842906,Online,Travel,US,5,0.8711477201,0.9401450552,1
2815,502,36.26943543,Online,Electronics,US,17,0.07323631924,0.125081911,0
9064,509,119.3158484,ATM,Electronics,FR,18,0.2156694731,0.2485201847,0
7443,404,95.22959091,ATM,Clothing,UK,8,0.213151573,0.2592000161,0
5610,794,95.11925606,Online,Clothing,US,7,0.0487820557,0.02667747697,0
7190,282,48.61984284,QR,Travel,US,6,0.2540033085,0.2298431702,0
2132,52,102.9956619,Online,Food,TR,17,0.07198673845,0.192985985,0
1229,389,162.6247865,ATM,Clothing,UK,10,0.2907501175,0.04286790666,0
5048,790,97.00502378,POS,Food,TR,23,0.1482320996,0.05544852487,0
5513,322,139.1066507,QR,Electronics,UK,6,0.1203172682,0.1275591398,0
5397,402,111.8940385,Online,Food,DE,19,0.2932902376,0.09594108639,0
655,692,137.7031064,ATM,Grocery,FR,22,0.2925334539,0.24638341,0
518,492,79.9014514,Online,Food,UK,11,0.2870538442,0.1572381811,0
5314,855,137.9072445,POS,Grocery,DE,11,0.2619503408,0.225240612,0
778,341,126.084563,POS,Clothing,DE,10,0.06181332921,0.1201510466,0
9378,177,1,Online,Clothing,UK,14,0.1512936428,0.2803160091,0
5286,62,170.8486987,QR,Electronics,UK,16,0.2839231603,0.1197742926,0
5067,225,1,POS,Electronics,DE,14,0.07654779485,0.198584192,0
3405,797,79.34385571,POS,Travel,UK,8,0.04215540445,0.2208708197,0
3583,880,131.0041841,POS,Electronics,DE,16,0.1506328311,0.1044964637,0
8447,52,98.01789611,Online,Grocery,TR,11,0.04014290725,0.247832923,0
5485,823,59.43107496,Online,Electronics,US,10,0.2798088199,0.08422429196,0
6979,689,162.2051258,ATM,Electronics,UK,19,0.1879048869,0.04663235023,0
6683,964,169.1578585,Online,Grocery,FR,12,0.0800034536,0.01516246772,0
9587,740,1343.714808,Online,Travel,US,20,0.8565535052,0.7027233702,1
9474,661,119.4292645,POS,Food,UK,23,0.2793481095,0.04581830109,0
5563,757,26.51869744,QR,Grocery,UK,17,0.05587149009,0.2368290295,0
6809,340,103.6036696,Online,Grocery,DE,6,0.04619845236,0.247476858,0
9069,435,35.97920983,QR,Food,DE,10,0.0442431964,0.2882148002,0
3459,729,78.86709857,ATM,Electronics,UK,18,0.1027842326,0.2867196672,0
8706,254,186.055162,QR,Food,UK,14,0.004181962673,0.2871476035,0
1421,480,99.56325121,POS,Travel,UK,18,0.03319441276,0.1099041646,0
156,465,100.125115,QR,Food,TR,8,0.2081599233,0.06064263082,0
1772,461,97.87579387,QR,Clothing,TR,8,0.1196340561,0.1291858124,0
7272,408,7.438071192,QR,Clothing,TR,8,0.09261720851,0.1016455288,0
3310,923,97.89247342,ATM,Food,US,19,0.0001628106746,0.1695361559,0
1017,403,94.43535462,QR,Clothing,FR,16,0.1607355695,0.1422401259,0
3411,413,64.38553571,QR,Travel,UK,15,0.0108001836,0.2351792784,0
7929,484,106.8097931,Online,Clothing,TR,14,0.2782821866,0.02097518793,0
1370,918,98.89568425,ATM,Travel,TR,6,0.03172981112,0.067511794,0
1889,93,182.6374478,Online,Clothing,US,14,0.06582863473,0.1877557584,0
9528,702,4603.116689,QR,Grocery,US,9,0.7485760842,0.7408068171,1
4642,113,100.0771984,Online,Clothing,UK,14,0.1111057742,0.2916897718,0
5832,885,49.68561231,POS,Grocery,DE,22,0.2383069414,0.2154226729,0
2584,752,122.1645463,ATM,Travel,TR,16,0.1556451112,0.2859267426,0
9481,427,115.1878975,Online,Grocery,FR,6,0.2536303842,0.1101916572,0
8409,19,52.46045407,Online,Clothing,DE,15,0.2406078872,0.280818731,0
1304,68,96.74497306,ATM,Electronics,DE,6,0.0240834527,0.2684658641,0
7266,485,95.94690691,ATM,Travel,TR,10,0.1632961683,0.1154117967,0
5841,522,82.84029759,QR,Grocery,DE,18,0.01805869985,0.1607387206,0
2737,400,95.74574172,POS,Grocery,DE,14,0.1793859571,0.07922377196,0
9043,776,141.2303646,ATM,Travel,FR,14,0.2031383412,0.02757249884,0
3128,868,176.1219455,QR,Clothing,FR,22,0.1840011292,0.0110036116,0
7590,809,46.42903041,Online,Grocery,UK,8,0.07411679301,0.07105236731,0
8284,505,123.7067401,POS,Travel,DE,18,0.07242551362,0.1016708587,0
6574,71,19.12551104,QR,Grocery,FR,14,0.04790488402,0.1789491132,0
5626,102,120.1636139,Online,Electronics,US,21,0.27932505,0.2415269985,0
9145,98,66.54286247,ATM,Travel,DE,21,0.2360431035,0.2762771835,0
808,550,175.7357306,QR,Food,FR,8,0.2760873951,0.1849601547,0
1584,367,142.2925592,POS,Travel,DE,23,0.2001467836,0.01525336066,0
3100,787,106.579648,QR,Electronics,UK,19,0.1164089466,0.2180199029,0
2510,987,51.54246336,QR,Travel,FR,12,0.01648489048,0.2260459124,0
9443,630,66.80552472,POS,Electronics,DE,23,0.2905634,0.2554305965,0
6332,98,67.96356937,POS,Electronics,US,6,0.1036791491,0.002799543866,0
2046,144,138.1719091,ATM,Clothing,TR,22,0.1152218458,0.2043799226,0
2296,406,3.653185588,QR,Grocery,FR,23,0.04687259466,0.2435838288,0
7306,233,63.5517089,QR,Clothing,UK,13,0.004046101332,0.2535474125,0
205,910,148.3972757,ATM,Food,UK,11,0.06805373634,0.2335254395,0
216,400,107.5615536,ATM,Travel,FR,16,0.06600204442,0.1089474404,0
5740,578,26.38713183,ATM,Clothing,DE,11,0.02471058438,0.03065607276,0
1084,133,184.5917419,QR,Food,FR,14,0.2210411763,0.02790977276,0
1322,310,91.44218066,QR,Food,FR,12,0.2735920109,0.02680957896,0
4664,343,55.23077289,Online,Clothing,US,8,0.1927272157,0.1558339082,0
1670,991,118.4092518,POS,Electronics,TR,18,0.2277528891,0.08850592931,0
308,355,89.84096317,POS,Food,TR,23,0.1806423359,0.08593861305,0
5615,320,79.4871982,POS,Travel,FR,14,0.1691446815,0.2567928243,0
493,14,60.68479734,ATM,Electronics,TR,22,0.04255948553,0.03821127222,0
230,724,164.7913536,POS,Electronics,TR,6,0.2487631863,0.2956616357,0
718,614,22.30534978,Online,Clothing,US,16,0.1151370908,0.003969650586,0
2382,471,101.973029,QR,Electronics,DE,15,0.1283316286,0.1846894962,0
6919,278,22.88349012,QR,Travel,UK,18,0.1255719815,0.0910049237,0
7007,942,13.25121515,POS,Grocery,FR,23,0.2685862739,0.1413721391,0
8216,712,175.3292423,Online,Travel,UK,21,0.05812285256,0.2378915352,0
5183,576,137.2264804,Online,Travel,US,10,0.1659780881,0.1768875274,0
1480,667,87.08556683,ATM,Clothing,TR,23,0.03779020416,0.05167872781,0
9958,894,132.4883479,Online,Clothing,NG,8,0.9444376554,0.931043746,1
540,698,145.3999578,ATM,Grocery,FR,16,0.02336239184,0.1248729444,0
5105,250,140.6685511,Online,Clothing,DE,7,0.2428793222,0.03280113154,0
7938,227,145.7832348,POS,Travel,DE,6,0.1899049875,0.01827711275,0
3476,810,83.42994482,QR,Clothing,FR,18,0.2867455312,0.235092853,0
2181,937,102.7628049,Online,Travel,FR,13,0.2752054734,0.09864200194,0
5783,295,124.206396,ATM,Grocery,DE,22,0.09542708859,0.1547695962,0
4615,955,186.9495905,POS,Food,FR,19,0.252649101,0.1383947125,0
3522,89,102.2814665,ATM,Travel,DE,20,0.2499089896,0.0573715707,0
3059,792,87.13445669,POS,Grocery,DE,15,0.13566419,0.2396752046,0
3677,265,1.144341027,Online,Travel,UK,7,0.2570480406,0.01387691995,0
3374,952,131.131352,Online,Travel,DE,6,0.1230951041,0.2392215449,0
7894,480,113.9004642,Online,Grocery,US,21,0.1414172053,0.270820148,0
3052,897,108.7854471,POS,Travel,TR,7,0.1038067553,0.05183848032,0
8408,970,127.8735264,POS,Food,TR,13,0.2627963554,0.163996721,0
389,719,6.925777472,POS,Clothing,US,14,0.1138859203,0.1699689437,0
3312,19,122.1992911,ATM,Clothing,FR,23,0.08076344498,0.1600317821,0
8784,56,79.36549202,POS,Clothing,DE,11,0.1233770561,0.03631310992,0
4096,611,84.07591006,POS,Food,FR,7,0.1205921961,0.2151941219,0
1099,412,67.96575033,QR,Grocery,FR,20,0.1762452099,0.1935018774,0
5145,281,1,Online,Electronics,DE,23,0.2509766828,0.04531588782,0
8849,228,140.741269,QR,Food,DE,15,0.151308167,0.2053946529,0
4304,934,149.1867756,Online,Grocery,FR,14,0.1090157638,0.07168795678,0
8286,319,31.05417256,ATM,Food,DE,22,0.152379509,0.2397820198,0
9071,224,26.86830236,Online,Electronics,TR,17,0.1943774225,0.1088031431,0
6817,385,107.9543263,QR,Clothing,DE,18,0.01783853764,0.1717300005,0
9583,808,10,POS,Travel,TR,19,0.7288061766,0.7491614155,1
7221,674,81.39327293,POS,Travel,US,6,0.08945878423,0.1608846854,0
9475,374,187.31461,QR,Electronics,US,23,0.2952061287,0.1085729481,0
4359,227,100.9517088,QR,Food,DE,11,0.1154855612,0.195504055,0
2047,64,158.7094083,QR,Electronics,DE,18,0.1106924474,0.2940135665,0
3057,677,133.8052465,QR,Clothing,UK,8,0.2448808408,0.04312565677,0
8779,970,132.7114753,QR,Food,US,6,0.2470378369,0.001430302121,0
3812,527,91.91600364,POS,Grocery,DE,15,0.1045534992,0.03417804008,0
943,659,48.72681627,ATM,Food,FR,20,0.2788281343,0.1999542185,0
8098,83,191.690193,Online,Clothing,US,14,0.1325637634,0.1357404412,0
822,31,101.7190911,POS,Clothing,UK,19,0.03009071726,0.1565691604,0
9231,186,108.35583,POS,Grocery,DE,23,0.2716349279,0.1934154203,0
3064,297,183.8529588,Online,Electronics,UK,17,0.07504491053,0.2694598441,0
8984,104,17.41582558,ATM,Food,FR,21,0.08946210793,0.0950987838,0
8734,87,161.1556473,POS,Grocery,UK,21,0.09058701602,0.264108695,0
1776,991,87.12956964,POS,Clothing,US,18,0.2978934315,0.0005878017195,0
8025,664,115.5676192,Online,Food,TR,22,0.1522050284,0.2642080973,0
4552,409,68.58345827,QR,Food,UK,21,0.08773109132,0.2592806158,0
7913,820,126.6682354,POS,Food,US,10,0.2607893073,0.001145993559,0
5542,902,180.9189238,ATM,Travel,UK,15,0.1388438113,0.1682852022,0
6581,281,84.22299686,Online,Electronics,UK,19,0.04034957328,0.1929487139,0
162,849,114.6475917,ATM,Electronics,FR,9,0.08463131659,0.2932872542,0
8442,583,140.316601,Online,Electronics,FR,12,0.1163944169,0.2558180561,0
8847,605,103.9638458,QR,Food,DE,9,0.1362522213,0.05020428206,0
7986,155,58.38250427,ATM,Travel,DE,8,0.1706826122,0.2027686931,0
6645,232,114.701248,QR,Grocery,UK,19,0.1751975217,0.2308615757,0
8128,381,73.12079724,ATM,Grocery,UK,16,0.1087180699,0.1831629877,0
7720,157,72.17576149,POS,Electronics,DE,13,0.1917461504,0.207036834,0
5530,370,77.31578652,QR,Grocery,FR,17,0.1724667969,0.05594419061,0
4667,119,77.5520092,POS,Food,DE,21,0.202073103,0.09419851413,0
4495,491,69.94949397,POS,Electronics,US,20,0.2249586163,0.287665569,0
2762,315,162.9590661,ATM,Clothing,US,23,0.1610030365,0.06507263312,0
8332,818,146.4081417,ATM,Travel,UK,6,0.2572246187,0.2042878307,0
9666,554,1513.834351,QR,Food,UK,19,0.9650234083,0.9714807314,1
7597,135,9.779613875,QR,Clothing,FR,21,0.1403961896,0.2144395683,0
5679,403,154.5258837,ATM,Electronics,TR,13,0.04351085755,0.2864668349,0
6444,252,137.826595,Online,Travel,TR,18,0.03118405706,0.04785546586,0
242,792,188.3025152,QR,Electronics,US,18,0.04549856362,0.0795315614,0
5768,515,136.9199225,Online,Grocery,FR,11,0.2064746715,0.2051034516,0
8061,663,146.6996112,ATM,Clothing,DE,10,0.2609498605,0.2518364081,0
6739,322,75.03143978,Online,Clothing,DE,7,0.002240769542,0.1751976699,0
1353,975,176.5821233,POS,Food,FR,8,0.1245981611,0.07360564162,0
8147,335,78.8026169,ATM,Clothing,UK,20,0.1902431372,0.2363762235,0
877,339,108.9557006,Online,Electronics,FR,10,0.2084571676,0.1650961424,0
5321,560,192.8421831,Online,Food,TR,18,0.2509572183,0.04272080604,0
9806,374,3842.81369,ATM,Electronics,UK,13,0.8048819544,0.7542479417,1
276,897,101.6861551,POS,Food,UK,19,0.07809265632,0.2370398423,0
3990,260,161.085407,QR,Clothing,DE,21,0.2264682293,0.1317356568,0
9818,215,10,QR,Travel,DE,4,0.9035449815,0.8505457206,1
6839,993,175.2619345,ATM,Travel,TR,20,0.100751929,0.1052753578,0
3220,796,187.5567799,POS,Travel,UK,8,0.193525306,0.1801294454,0
9622,596,1034.938212,ATM,Clothing,UK,5,0.7030317407,0.9405241763,1
9237,885,115.5488173,POS,Clothing,FR,22,0.2425583129,0.2282351695,0
1894,944,43.42971949,QR,Clothing,FR,19,0.1528704984,0.04210607123,0
1199,527,96.93853124,Online,Food,FR,23,0.05218304727,0.006734716713,0
8433,129,142.5941705,QR,Electronics,UK,15,0.06422271918,0.2034708857,0
9658,15,1074.597536,Online,Clothing,NG,7,0.9969873088,0.7591640551,1
2932,829,127.3284581,POS,Grocery,DE,15,0.08788461482,0.2382924638,0
62,990,17.41952016,QR,Travel,DE,10,0.0722711132,0.1858354751,0
976,282,87.51529138,QR,Food,TR,12,0.1626325085,0.2520724292,0
4414,520,83.0796389,QR,Grocery,US,8,0.1206005151,0.2165219136,0
4302,131,22.92609475,ATM,Clothing,TR,15,0.2115150679,0.2131587638,0
5664,157,139.4035201,QR,Grocery,FR,7,0.2510807414,0.1526407534,0
7278,875,222.6430811,ATM,Clothing,DE,16,0.02078421957,0.1565480203,0
5978,202,167.8794105,Online,Clothing,FR,14,0.1734154092,0.09153152801,0
2776,174,84.13254163,POS,Electronics,TR,18,0.2960177128,0.09832625802,0
8274,41,62.31228297,QR,Grocery,FR,19,0.2946708996,0.1448275517,0
9572,57,567.6843302,POS,Grocery,NG,4,0.774067037,0.8564688229,1
7041,627,40.61965662,POS,Grocery,US,21,0.1524693335,0.1458090566,0
4934,779,1,ATM,Clothing,TR,20,0.04673676371,0.08549677606,0
9479,667,123.2278451,QR,Grocery,FR,17,0.08178400832,0.04095375586,0
534,579,70.01681728,POS,Electronics,UK,17,0.2675510327,0.2615785851,0
3282,786,103.5809196,Online,Clothing,TR,21,0.02544985702,0.178913951,0
7429,272,116.088178,POS,Electronics,UK,12,0.2920812729,0.13664486,0
9287,629,161.6323752,ATM,Travel,FR,9,0.2312379178,0.1080252889,0
4906,266,106.6620027,Online,Electronics,UK,9,0.05093914159,0.1536519249,0
591,43,81.79468893,ATM,Food,DE,19,0.07974265019,0.06537092776,0
8514,524,72.35475308,POS,Clothing,US,11,0.2789993142,0.1356522348,0
2042,111,65.66703954,ATM,Grocery,TR,10,0.1359034535,0.05701328677,0
8150,320,27.99394355,ATM,Food,FR,15,0.216362705,0.07320672541,0
2297,567,25.91163887,QR,Food,US,13,0.1586485987,0.00307815457,0
2439,432,72.6607922,Online,Grocery,DE,20,0.1664624055,0.2903437821,0
4313,659,43.90595168,Online,Grocery,FR,7,0.09883415329,0.2099301351,0
2249,470,163.6248272,Online,Clothing,TR,22,0.01598399864,0.04751282182,0
9878,567,3541.402578,Online,Clothing,TR,17,0.7238617664,0.7871765399,1
916,314,112.7157813,QR,Grocery,US,11,0.1989627166,0.2866121934,0
9967,728,3856.707129,QR,Electronics,US,4,0.8442207147,0.8080028041,1
1559,618,1,Online,Food,US,11,0.06600651103,0.0273177123,0
8700,288,112.5693019,Online,Grocery,UK,23,0.09576095461,0.1532245809,0
2131,219,95.66388754,Online,Clothing,FR,22,0.2362056062,0.138218707,0
2110,848,134.5127965,Online,Electronics,US,10,0.1146280889,0.04937668593,0
2981,440,75.46039872,QR,Food,TR,19,0.2926813621,0.02912692076,0
6670,402,95.19543904,QR,Grocery,DE,20,0.1250744032,0.2054612701,0
5037,297,86.54503407,ATM,Clothing,TR,16,0.1161108602,0.06253960445,0
1804,275,67.96838849,POS,Clothing,US,17,0.05446463746,0.1095750824,0
5564,762,44.79533444,Online,Food,US,10,0.05094229622,0.03653166606,0
2337,217,49.75120425,POS,Clothing,DE,23,0.05331816569,0.03555587137,0
6590,864,77.82377926,Online,Travel,TR,8,0.1152960329,0.178564601,0
8608,686,145.1866392,POS,Electronics,TR,16,0.1098438991,0.07492906947,0
4256,445,201.8436086,Online,Grocery,US,20,0.1703757032,0.1862431649,0
9611,63,3079.544746,ATM,Electronics,TR,8,0.85346723,0.830715962,1
9977,112,1665.529692,POS,Travel,US,8,0.7994725916,0.982315851,1
9888,278,1853.09676,Online,Clothing,DE,11,0.9739420506,0.727396732,1
8380,656,67.4913864,Online,Clothing,FR,23,0.05386954211,0.07564026389,0
723,474,121.2566623,QR,Grocery,DE,8,0.1334978364,0.2921918956,0
7379,551,159.3171618,ATM,Travel,UK,11,0.1702518385,0.1360465649,0
8632,72,89.45958377,ATM,Travel,TR,16,0.2209764023,0.1532086287,0
496,121,92.39545569,Online,Food,FR,17,0.08586172242,0.137597358,0
807,739,92.88757857,POS,Clothing,US,8,0.05740084933,0.2278477131,0
4464,293,53.6537957,POS,Grocery,DE,13,0.2660079855,0.04413642997,0
9330,382,75.73243446,ATM,Food,US,22,0.1655215862,0.2201760093,0
7712,642,137.5560595,QR,Clothing,UK,17,0.297638039,0.2508333382,0
9724,613,1597.295574,QR,Food,US,7,0.9925048728,0.7506675671,1
2593,816,183.0495952,Online,Travel,TR,13,0.2250649276,0.1945580609,0
5838,887,50.25845043,ATM,Clothing,DE,23,0.07037207506,0.1957204896,0
4793,333,136.996038,POS,Food,TR,10,0.1388097292,0.2462886624,0
6823,322,126.8835059,QR,Travel,FR,6,0.01596715036,0.2562872573,0
2352,82,59.59056709,Online,Travel,US,7,0.1469198555,0.1573441684,0
8836,639,46.20670373,QR,Electronics,UK,18,0.2647885432,0.1274175757,0
9449,738,82.77566175,POS,Electronics,DE,7,0.2221072957,0.07133891154,0
5981,20,112.594018,Online,Travel,TR,10,0.1262744652,0.198866168,0
2729,623,15.49018912,QR,Food,TR,16,0.2431127002,0.07459562543,0
3628,122,67.22969802,POS,Electronics,TR,14,0.05639022178,0.0217427236,0
5281,308,143.2270335,Online,Food,DE,18,0.2893808933,0.1431143082,0
4261,348,83.29553965,QR,Clothing,FR,14,0.2174988777,0.03258139372,0
4659,426,1.505160328,QR,Electronics,US,7,0.1459152607,0.2786077261,0
5628,853,112.2350213,Online,Grocery,US,20,0.08452520197,0.07328392039,0
934,957,64.32628409,Online,Clothing,DE,8,0.0104317727,0.2093240645,0
665,403,121.5649907,QR,Food,DE,12,0.1055971027,0.06280541749,0
6608,645,102.0781396,QR,Travel,FR,18,0.1403074479,0.2731360854,0
8578,209,1,Online,Electronics,TR,16,0.2136311941,0.2950399862,0
553,977,107.0577707,POS,Grocery,FR,8,0.2575196293,0.1417418393,0
3124,916,106.8295759,POS,Electronics,FR,21,0.2364227038,0.02887043579,0
4494,527,74.49567116,Online,Grocery,US,17,0.1252998191,0.03538762407,0
3835,874,67.02521458,POS,Food,UK,14,0.1733715025,0.1598007336,0
4007,495,112.3365226,QR,Food,UK,10,0.2666149268,0.1450844129,0
1430,353,120.1957791,POS,Electronics,TR,7,0.1694730368,0.07036238515,0
1022,713,99.63637025,QR,Food,TR,14,0.1929334314,0.07920576386,0
9072,411,114.6938106,Online,Clothing,US,13,0.1193446791,0.1898757114,0
5498,942,76.59137422,Online,Clothing,DE,7,0.09994742581,0.2745506044,0
9889,767,10,Online,Grocery,US,16,0.7727458303,0.9624934763,1
9664,427,2983.889201,ATM,Travel,NG,4,0.7027946499,0.7897428578,1
9185,471,111.0106593,ATM,Electronics,UK,8,0.08701168262,0.2934494213,0
292,904,82.76112773,ATM,Food,US,12,0.1597341642,0.01937854795,0
6059,207,140.1530244,ATM,Food,FR,12,0.03705796744,0.09441858112,0
6612,105,35.74392507,Online,Travel,FR,21,0.03415400091,0.08965873775,0
1897,803,132.5932426,Online,Clothing,TR,9,0.1875434174,0.04734730279,0
9814,854,10,POS,Clothing,US,9,0.9928075257,0.8272431384,1
9614,200,1535.111248,ATM,Travel,FR,15,0.732247712,0.8497187392,1
8932,214,132.1403994,POS,Food,DE,16,0.1583491687,0.009922942624,0
2920,783,173.6068914,Online,Grocery,DE,8,0.2783391256,0.1275967054,0
306,437,123.1131232,QR,Grocery,US,23,0.1825140599,0.04790067883,0
5524,980,86.11906504,ATM,Food,TR,10,0.1049103021,0.1988176564,0
5207,615,1,Online,Food,US,13,0.1453217675,0.2297540443,0
1328,547,76.75369128,ATM,Clothing,TR,10,0.2172206015,0.01863791532,0
5627,891,125.5160206,Online,Clothing,UK,16,0.06262094319,0.01482831581,0
231,916,128.3212514,QR,Electronics,UK,7,0.1016041873,0.2777783009,0
8534,961,190.2127569,QR,Travel,TR,19,0.1318681781,0.2000666554,0
7207,555,223.6499963,POS,Grocery,TR,20,0.07390541329,0.08106349444,0
3385,347,214.0951458,Online,Food,TR,17,0.08090302614,0.2874974097,0
8162,41,132.4971509,ATM,Electronics,US,21,0.06071893699,0.1721276602,0
1135,45,92.95370381,ATM,Travel,DE,23,0.1691790615,0.02410114706,0
6828,12,199.0800701,POS,Food,UK,12,0.2302842774,0.1849086329,0
544,138,9.591103873,ATM,Food,TR,21,0.1703212342,0.1817970194,0
682,579,128.4092002,Online,Clothing,UK,16,0.2916157514,0.274132703,0
9188,559,116.5200556,ATM,Grocery,US,20,0.2299367978,0.2731930821,0
6007,50,49.09186073,QR,Clothing,DE,17,0.1800759807,0.07691742589,0
9924,168,1772.440176,Online,Clothing,NG,4,0.9637341983,0.899179417,1
1814,708,83.96268057,QR,Grocery,US,17,0.1291940114,0.289711121,0
8856,10,126.5154968,QR,Travel,UK,7,0.001905653162,0.1780701686,0
5093,524,41.4292804,QR,Food,FR,6,0.05871993625,0.04974106707,0
5412,427,102.6520392,QR,Travel,DE,20,0.1691449023,0.001292397869,0
7052,915,144.0187712,ATM,Grocery,DE,9,0.07878557707,0.2534380296,0
4274,346,41.12570132,QR,Grocery,US,7,0.2911149117,0.2428825744,0
6272,797,78.99385114,QR,Electronics,TR,11,0.1552636882,0.1766793127,0
9692,573,10,Online,Travel,UK,14,0.970426779,0.8564787891,1
5169,361,118.915528,ATM,Food,US,12,0.1171715248,0.2622455184,0
4523,15,143.6697768,POS,Electronics,TR,14,0.248602128,0.03533068235,0
9972,561,1144.00393,POS,Clothing,UK,19,0.8305861112,0.7922752761,1
4105,690,50.4113677,ATM,Electronics,DE,6,0.2087524702,0.2408754717,0
7238,899,92.70238637,QR,Clothing,TR,16,0.2179700851,0.08812257164,0
741,535,45.50782075,ATM,Clothing,US,7,0.2075191107,0.2660837761,0
7903,717,203.5126542,POS,Food,US,10,0.1098915212,0.2223817944,0
2694,657,151.6814601,QR,Electronics,UK,14,0.2131709312,0.2824709981,0
2557,610,120.6242231,QR,Travel,UK,11,0.08183266176,0.1809966543,0
6196,822,24.79845049,ATM,Grocery,FR,23,0.05030910671,0.1442688447,0
849,803,109.2208285,QR,Grocery,FR,20,0.008368932332,0.05755963848,0
7984,461,65.370714,QR,Grocery,US,6,0.1128901218,0.2328234621,0
107,26,130.3782814,POS,Travel,DE,18,0.2054252331,0.1034489952,0
8403,708,121.1966156,QR,Grocery,TR,10,0.02639356335,0.03423490493,0
2750,290,112.4943779,ATM,Electronics,TR,17,0.1227519871,0.1063937952,0
2697,884,91.11864812,Online,Food,UK,6,0.2804281769,0.2633133078,0
821,201,20.22163769,Online,Grocery,DE,20,0.1217807676,0.1290740107,0
1486,504,95.94880816,ATM,Food,UK,21,0.2426074244,0.1693573101,0
7085,83,77.47001377,Online,Electronics,US,13,0.1493883646,0.2008545352,0
9715,356,802.5493259,QR,Food,TR,2,0.9273698237,0.7459487935,1
1920,746,178.780228,ATM,Grocery,TR,22,0.2579240902,0.114407241,0
5057,575,163.248178,Online,Grocery,DE,21,0.2647390956,0.06402472021,0
7255,638,70.80986165,ATM,Grocery,FR,20,0.2513526867,0.199925102,0
7204,23,65.30290056,POS,Travel,FR,9,0.06749449484,0.01027725088,0
4851,77,97.03869157,Online,Clothing,DE,16,0.2846181665,0.1456654813,0
2814,902,43.16795583,POS,Electronics,TR,20,0.2358438402,0.048803654,0
3662,827,140.2289818,Online,Travel,UK,19,0.2949689978,0.1687746317,0
5186,619,89.50461044,Online,Grocery,UK,6,0.01499398434,0.03598914277,0
6700,405,119.3733396,ATM,Clothing,FR,9,0.1850757827,0.1068358983,0
3371,380,106.4861524,POS,Grocery,FR,8,0.2710372641,0.03255165936,0
3408,962,152.9237386,Online,Electronics,FR,9,0.2107375875,0.1527818527,0
7915,597,91.59595078,ATM,Food,TR,23,0.1238664178,0.2618648247,0
1700,574,90.75436406,QR,Grocery,US,11,0.166362023,0.2016496257,0
784,510,122.3626078,ATM,Travel,US,12,0.1684869059,0.2037729082,0
6181,367,121.1251813,QR,Grocery,UK,20,0.002138490088,0.01337816591,0
7786,788,63.2418845,POS,Grocery,FR,23,0.2459237764,0.2810303444,0
6604,752,78.77578417,ATM,Grocery,US,14,0.1011263553,0.02229512429,0
2302,932,111.9885087,ATM,Electronics,UK,22,0.2096688051,0.1022324993,0
6390,440,54.94225243,POS,Travel,UK,9,0.2803139068,0.2933395441,0
2165,307,111.0783764,POS,Food,FR,21,0.03705088006,0.2513739426,0
9586,456,889.3794299,ATM,Food,TR,14,0.9648265491,0.7743769494,1
8391,122,77.57046893,POS,Travel,US,6,0.01190181861,0.2679793938,0
7593,237,136.4916056,Online,Electronics,DE,14,0.06135632683,0.1076071992,0
6790,219,119.8233486,POS,Grocery,FR,17,0.1778547986,0.2121909316,0
3021,347,21.97902348,ATM,Clothing,FR,7,0.2493274198,0.1576340647,0
4930,957,128.3251228,QR,Electronics,DE,19,0.2916479927,0.07460597834,0
9899,551,2894.05469,POS,Electronics,UK,6,0.8812833371,0.7253641623,1
2412,104,111.4547378,POS,Grocery,DE,9,0.220126343,0.2239109513,0
5986,65,96.58985137,QR,Electronics,FR,14,0.04550052637,0.1674115637,0
9077,191,168.5936293,ATM,Grocery,DE,16,0.09443787052,0.1664224701,0
1115,789,63.80459054,Online,Food,FR,11,0.23349854,0.2548102066,0
4297,272,212.8814273,QR,Travel,US,6,0.1377655497,0.2917097345,0
8125,81,170.1290709,ATM,Electronics,TR,6,0.05038042634,0.1667075211,0
4036,807,52.14594614,QR,Grocery,TR,11,0.1767490763,0.1605335123,0
6337,946,82.16807529,ATM,Grocery,US,19,0.1466639345,0.2924775911,0
8121,894,154.3330414,POS,Food,UK,16,0.2525943045,0.07886796086,0
1908,28,128.8596659,POS,Electronics,DE,18,0.08011478699,0.1133100666,0
3630,386,82.2101711,Online,Clothing,UK,17,0.02601818808,0.1449716244,0
3171,717,87.40764473,QR,Electronics,FR,13,0.009412972449,0.1188906574,0
3357,869,98.25740248,QR,Clothing,FR,21,0.01239304379,0.1221149729,0
445,198,67.98406204,ATM,Grocery,FR,16,0.1730013714,0.07045759397,0
1249,187,3.677253027,POS,Clothing,TR,18,0.001496789274,0.06075465814,0
580,832,136.8812965,QR,Clothing,DE,7,0.1224651386,0.1810185626,0
8758,782,51.16534023,POS,Electronics,UK,10,0.2048821544,0.206093538,0
5058,454,70.19817251,ATM,Electronics,US,8,0.1277102477,0.2633070323,0
2937,691,60.37922941,POS,Travel,DE,20,0.05285010826,0.04386508879,0
521,160,190.3795161,Online,Grocery,TR,20,0.1668283525,0.2169527035,0
6396,269,60.84836007,POS,Food,DE,18,0.08396190498,0.01908816818,0
1274,821,22.33583737,Online,Clothing,UK,22,0.2665479853,0.2478476496,0
7887,192,1,POS,Grocery,TR,18,0.2151692454,0.2125274918,0
8917,909,23.528614,QR,Grocery,TR,15,0.2654795014,0.09724856741,0
4870,50,94.12907381,ATM,Electronics,UK,15,0.1769689371,0.08511425831,0
8295,616,35.06783025,QR,Clothing,FR,15,0.01537236989,0.2058237579,0
5862,440,46.52200471,POS,Food,FR,9,0.1968967299,0.2851156001,0
8822,392,205.6343694,POS,Clothing,TR,14,0.08871964187,0.2288654153,0
3513,692,148.3085653,POS,Electronics,US,18,0.1246779298,0.1363733294,0
6100,393,97.34200971,ATM,Electronics,FR,21,0.2261322321,0.01382767171,0
4141,283,199.6182832,POS,Clothing,FR,9,0.03130175088,0.1975056949,0
4322,425,162.1204654,POS,Travel,TR,16,0.1635969546,0.1719268666,0
7356,713,28.19697526,QR,Travel,TR,12,0.07196698457,0.1910716883,0
9366,784,148.1554506,Online,Grocery,UK,17,0.2117204258,0.2642038195,0
9753,188,3578.485626,POS,Clothing,UK,3,0.8576924264,0.9011539824,1
6824,736,109.0884448,ATM,Electronics,DE,19,0.2153453242,0.04546783837,0
4594,31,52.37728791,Online,Travel,US,23,0.2393038714,0.225734498,0
6057,524,25.98098063,QR,Grocery,DE,12,0.1546244908,0.03047358019,0
3756,972,150.3241665,QR,Grocery,FR,11,0.04687725648,0.2135554707,0
7654,655,73.12448646,Online,Clothing,FR,16,0.2348077249,0.1232102607,0
7791,536,82.44758713,POS,Grocery,DE,6,0.1748983529,0.2934705064,0
9172,688,54.06073456,Online,Grocery,FR,6,0.1450169749,0.2872454595,0
1446,294,53.25566536,POS,Grocery,US,13,0.2133150444,0.208925957,0
355,118,80.21998134,QR,Electronics,TR,7,0.07722252227,0.02653293367,0
9807,405,1495.035643,Online,Travel,TR,4,0.726237037,0.8262902681,1
4472,962,149.4319261,Online,Electronics,UK,19,0.2547200625,0.2597566492,0
525,332,131.1947972,Online,Electronics,US,21,0.1553162308,0.2516835078,0
8883,433,102.7537819,POS,Travel,FR,6,0.1391860867,0.183188712,0
1002,451,69.00221513,POS,Travel,DE,14,0.150194278,0.07172818972,0
1609,726,1,Online,Grocery,FR,10,0.04205682977,0.1430665394,0
2731,890,123.5299457,QR,Grocery,US,19,0.2768245979,0.05791314338,0
1739,651,165.7943634,QR,Grocery,DE,16,0.1442183454,0.07559815137,0
7470,216,150.2663013,POS,Clothing,FR,17,0.128005239,0.1790169189,0
1571,123,147.1525723,POS,Food,TR,20,0.07377950727,0.1177755696,0
5962,575,85.30228039,ATM,Clothing,TR,6,0.2108475638,0.2414795673,0
1312,534,97.80374335,ATM,Grocery,FR,19,0.1517907609,0.2936951701,0
1458,313,131.6584302,ATM,Grocery,FR,13,0.02217375096,0.2966340145,0
6749,404,110.7400188,POS,Food,UK,19,0.1429126188,0.1669625275,0
8716,198,172.0977077,ATM,Food,UK,15,0.09408266141,0.289826663,0
1731,992,118.5859619,Online,Clothing,DE,18,0.2408086909,0.298639126,0
1566,255,36.08686854,QR,Clothing,TR,21,0.2716254655,0.2777400511,0
1784,354,27.31007246,Online,Electronics,US,9,0.1714757038,0.0888648691,0
3682,951,89.7353703,POS,Electronics,TR,17,0.274367399,0.1987932806,0
215,420,74.38524269,QR,Travel,US,22,0.007151136309,0.07979208125,0
7534,625,77.72645566,POS,Food,UK,9,0.02692562473,0.08887081314,0
8566,19,94.92855534,Online,Food,FR,22,0.07083635448,0.01986740709,0
8796,642,153.3978872,POS,Grocery,FR,11,0.1367771326,0.06684866279,0
1692,868,78.92567321,POS,Food,US,17,0.01631159133,0.2052151195,0
5026,983,124.0721731,POS,Grocery,DE,9,0.1601979169,0.2901724348,0
5293,424,150.0018723,POS,Travel,UK,11,0.2449511281,0.05771647608,0
5752,230,102.9571791,POS,Travel,DE,7,0.08065832179,0.01516677205,0
7754,203,79.51535619,Online,Food,TR,18,0.007712332226,0.2702479288,0
7075,938,136.3136113,POS,Clothing,FR,14,0.05135013645,0.06731135543,0
6912,781,76.29191573,POS,Electronics,UK,23,0.1556083901,0.01039365898,0
7387,609,54.67463573,QR,Electronics,UK,17,0.1449344481,0.1426095589,0
7194,887,105.2716953,Online,Grocery,UK,6,0.2234741164,0.1105681303,0
9896,277,7801.156913,ATM,Travel,TR,15,0.9210460794,0.7471342949,1
2139,737,139.0939921,ATM,Food,US,6,0.1491188744,0.1768657823,0
8412,129,98.0330022,Online,Travel,UK,7,0.2349944786,0.1314491746,0
8203,355,53.88379719,POS,Electronics,UK,7,0.07955589682,0.2876782302,0
3626,966,79.73494696,QR,Electronics,US,19,0.2256001722,0.2775560471,0
3498,943,51.41331896,ATM,Clothing,UK,18,0.06429591916,0.2148762169,0
8307,581,117.0589815,Online,Food,US,8,0.09830754025,0.05448635054,0
4202,388,21.78975493,POS,Clothing,UK,11,0.04952971236,0.1426002527,0
2666,863,45.68040611,Online,Clothing,TR,16,0.09315126565,0.250560618,0
4146,77,108.6884601,ATM,Food,TR,8,0.2374168078,0.07018755114,0
4160,735,110.8472164,QR,Food,FR,17,0.1488447971,0.2715818631,0
3674,996,7.781916889,ATM,Grocery,US,19,0.2083537319,0.0342310493,0
3918,0,85.20141034,POS,Travel,US,17,0.06446101003,0.03310751982,0
1003,288,70.71890824,ATM,Travel,UK,19,0.04823312933,0.003530199763,0
1965,522,114.837424,ATM,Clothing,DE,9,0.02824163651,0.01872535238,0
9438,111,160.6192226,ATM,Food,TR,23,0.03713071441,0.1099783532,0
9677,741,2035.363078,POS,Travel,US,4,0.8682303717,0.9371350513,1
5370,753,38.92857508,POS,Electronics,FR,18,0.2105178351,0.09627504456,0
7513,230,67.77235341,QR,Food,TR,20,0.1722502096,0.2223811069,0
5827,119,156.8626623,ATM,Food,UK,21,0.2071953038,0.238244133,0
983,923,135.324238,POS,Clothing,US,21,0.2158616663,0.26566967,0
6726,542,67.02310639,QR,Food,DE,19,0.03852787609,0.2019097648,0
354,851,32.84373662,Online,Travel,DE,9,0.2714436023,0.163835243,0
5780,55,81.34703278,ATM,Food,FR,19,0.2552480344,0.06028229445,0
187,324,48.64412879,Online,Electronics,DE,18,0.1466799037,0.2066185375,0
2551,425,42.11841595,ATM,Clothing,UK,9,0.2321200383,0.2100147025,0
8019,320,98.51000119,QR,Grocery,US,21,0.2446549379,0.04896445564,0
4353,543,148.4601611,QR,Clothing,US,9,0.05875979754,0.2992304598,0
3545,154,132.2420645,Online,Grocery,DE,23,0.2176540571,0.1926560061,0
2503,513,136.909698,POS,Food,DE,10,0.2391870761,0.2965847065,0
9590,118,913.8138985,Online,Electronics,UK,0,0.8295829431,0.8227828898,1
1533,332,108.7693062,QR,Electronics,TR,15,0.001463621224,0.2737143326,0
8310,993,146.8701355,Online,Travel,UK,19,0.241280424,0.2424804926,0
7783,128,132.8816846,ATM,Clothing,TR,15,0.1645152616,0.02430850154,0
1189,801,142.6340188,POS,Travel,US,10,0.1603085021,0.06740371588,0
4699,553,106.4112271,ATM,Electronics,TR,23,0.2736005251,0.09574979632,0
8927,736,139.7665136,ATM,Grocery,TR,20,0.1374654471,0.144026231,0
7235,236,170.4952328,POS,Electronics,FR,8,0.2854528091,0.1231333764,0
344,535,16.20294905,POS,Travel,TR,9,0.2027167249,0.1303981581,0
8633,515,219.5267739,ATM,Clothing,US,9,0.1103927517,0.06575605136,0
5087,193,31.19164918,POS,Food,US,20,0.1860178482,0.02436781204,0
809,527,120.5337293,QR,Food,UK,17,0.2490283218,0.009453494635,0
4109,591,140.6893089,QR,Travel,FR,6,0.1151646478,0.2550901959,0
6799,538,41.71583632,QR,Clothing,US,15,0.2394981706,0.08560758301,0
5834,639,155.2706203,QR,Food,DE,15,0.1646082233,0.06324478708,0
687,946,164.6214687,Online,Travel,FR,13,0.08829378963,0.2543455134,0
656,90,111.8880582,ATM,Grocery,US,23,0.1675738602,0.01283830401,0
5726,417,115.2960036,ATM,Electronics,UK,7,0.08478984337,0.1837605454,0
7,809,14.71820249,ATM,Travel,DE,9,0.1122427231,0.1002251504,0
4442,827,87.16327106,ATM,Travel,US,18,0.291985076,0.008976807701,0
4150,20,58.79704407,QR,Grocery,FR,8,0.2998649846,0.2948967924,0
3752,174,139.3872771,Online,Food,UK,10,0.02680236825,0.2686262243,0
1262,661,116.4216495,Online,Clothing,US,8,0.1003234136,0.01371070761,0
5818,614,101.2832619,Online,Electronics,TR,17,0.2290066362,0.2106468222,0
2226,497,117.1285916,Online,Clothing,US,7,0.1852125118,0.1605206793,0
4643,198,213.9922741,QR,Electronics,US,9,0.03861596334,0.03114108693,0
2466,470,23.97687088,POS,Grocery,UK,14,0.2269760222,0.120621449,0
4110,499,96.43300007,POS,Electronics,UK,16,0.2625640682,0.03985710683,0
7362,757,209.8741861,POS,Electronics,US,22,0.1669269503,0.1956713418,0
390,554,74.80803731,POS,Clothing,UK,6,0.008823786012,0.1601924541,0
8990,667,71.30322937,QR,Food,UK,21,0.01712687269,0.2582021706,0
7924,5,80.92082257,Online,Food,US,16,0.1924573942,0.1548655676,0
7341,715,126.7057234,QR,Clothing,UK,21,0.01157589399,0.07263981172,0
7875,325,92.00245577,Online,Food,FR,21,0.099987665,0.2034465495,0
6169,577,36.46156056,QR,Travel,UK,13,0.01710317456,0.06105915778,0
2081,217,220.3061179,Online,Food,TR,14,0.1406707172,0.09903808076,0
5789,666,27.12712677,Online,Clothing,FR,6,0.2655342369,0.1537276094,0
4167,668,186.8276426,POS,Clothing,US,19,0.299113641,0.06150628513,0
9267,305,48.5839109,ATM,Travel,DE,23,0.2464399866,0.2540620877,0
5845,183,137.0697046,Online,Clothing,FR,21,0.1498122379,0.01214700978,0
9642,516,395.7269656,ATM,Travel,NG,4,0.7843007641,0.8891420733,1
1946,206,139.8482898,Online,Grocery,DE,8,0.2607914163,0.08974660242,0
2074,678,93.4011179,POS,Clothing,UK,15,0.2262381535,0.179834631,0
9740,257,2727.2133,POS,Clothing,FR,13,0.8039671427,0.7531474787,1
6023,9,133.3044871,ATM,Electronics,DE,18,0.006717928561,0.2586760265,0
5601,287,118.7687312,QR,Grocery,US,12,0.02696145496,0.2398820378,0
222,827,129.431773,QR,Clothing,US,11,0.1157834316,0.1848979392,0
8239,956,92.92618983,POS,Grocery,UK,18,0.09689409623,0.05042181457,0
9227,614,1,Online,Electronics,UK,9,0.02679210093,0.1261595903,0
4855,555,189.0312478,ATM,Travel,US,6,0.07008665098,0.02861126194,0
6638,943,82.17682931,ATM,Grocery,TR,23,0.0335537759,0.06010456504,0
9400,725,100.7333686,QR,Food,FR,16,0.1896958293,0.2364333231,0
46,200,31.2387441,QR,Food,DE,18,0.1217623909,0.1687011886,0
4670,727,133.6196485,ATM,Travel,DE,21,0.2416168355,0.122643549,0
678,353,79.18948931,Online,Food,DE,23,0.2656804114,0.1897896843,0
6320,72,108.9724196,Online,Clothing,TR,17,0.08876842685,0.2197941372,0
8643,550,134.9623811,ATM,Clothing,FR,23,0.299049806,0.2863838089,0
7371,914,103.9006537,POS,Travel,TR,21,0.1015199143,0.06151778265,0
5006,374,114.5525951,QR,Clothing,UK,21,0.1013967125,0.1051645612,0
5736,213,163.8932169,POS,Food,DE,7,0.1354902101,0.1417848933,0
7872,786,133.2502958,Online,Food,TR,16,0.1078658889,0.09680431304,0
3665,326,102.1880764,Online,Grocery,UK,8,0.1303654536,0.2056271944,0
9110,75,109.6434838,ATM,Clothing,TR,9,0.04629115364,0.2344885535,0
9870,307,1157.889972,QR,Clothing,US,11,0.9611420564,0.9192420404,1
6699,98,51.41159711,QR,Clothing,DE,15,0.1276810506,0.0289901706,0
7698,939,138.3813881,QR,Food,DE,16,0.1192708514,0.1808766827,0
5918,357,87.76874585,ATM,Food,TR,20,0.2902155142,0.2669433972,0
4194,574,113.093033,Online,Grocery,FR,18,0.2105005839,0.1542811194,0
532,680,99.33335765,QR,Grocery,UK,12,0.2162101484,0.03264728166,0
9028,465,1,POS,Travel,DE,21,0.1083448542,0.02323500103,0
6256,894,48.04269348,ATM,Electronics,US,16,0.1423227279,0.05322430718,0
1582,313,118.7220612,ATM,Travel,US,15,0.2800212646,0.2861407959,0
6624,185,108.5550701,ATM,Clothing,UK,11,0.03543622113,0.2281569351,0
8223,463,118.1884953,POS,Food,TR,21,0.1849863329,0.08604505138,0
2199,108,161.7439509,Online,Grocery,DE,22,0.1647567332,0.2072681961,0
6400,873,123.9598602,QR,Food,FR,16,0.2943730034,0.06199802823,0
6607,368,99.43935059,Online,Travel,UK,13,0.2437617836,0.005510530727,0
670,714,12.77175241,Online,Electronics,TR,23,0.09561173848,0.1108896985,0
5922,513,54.00460777,QR,Electronics,US,17,0.05030455386,0.1473266393,0
8938,193,53.27945745,QR,Travel,FR,18,0.2008542642,0.05961063604,0
1589,313,89.83417331,QR,Clothing,US,18,0.2932973957,0.286002896,0
9012,108,52.15007573,POS,Clothing,FR,7,0.08814792937,0.0231519435,0
6466,171,139.81314,ATM,Grocery,US,13,0.1562636247,0.01050613978,0
1970,569,160.4134546,Online,Travel,TR,14,0.1792921949,0.2439217344,0
8751,856,159.2030807,Online,Clothing,FR,17,0.008236771082,0.2534323392,0
7312,402,139.3516736,Online,Travel,DE,13,0.2151731367,0.1778040852,0
6352,758,89.77618353,QR,Grocery,FR,8,0.2421032032,0.1019274151,0
8787,270,35.40783662,POS,Grocery,DE,10,0.2500469956,0.2355572422,0
3531,100,158.1596759,POS,Electronics,FR,19,0.1257631895,0.01166906168,0
1193,945,58.24211976,POS,Electronics,TR,20,0.08706835774,0.1603311052,0
1723,454,95.08318289,Online,Clothing,DE,22,0.1178002255,0.05714439605,0
3978,620,58.06862607,Online,Clothing,TR,13,0.1059683917,0.2006133123,0
1536,531,81.80531052,POS,Travel,TR,17,0.1387880079,0.03872689925,0
4283,92,88.10120934,Online,Clothing,FR,22,0.2036534274,0.08841928092,0
482,595,115.3349187,POS,Travel,DE,20,0.05925408281,0.05087151461,0
9306,225,145.6193287,POS,Grocery,DE,21,0.1251402076,0.02127010384,0
862,406,86.58509115,ATM,Grocery,DE,9,0.1373607676,0.1320811023,0
4634,831,119.1165164,ATM,Travel,US,19,0.1625005589,0.2235736596,0
2816,720,79.98709295,POS,Clothing,DE,11,0.1255119547,0.1107066939,0
7261,475,125.3232531,ATM,Grocery,TR,6,0.00119642932,0.06812654127,0
3916,34,111.5432205,QR,Travel,FR,13,0.1547924811,0.108157627,0
5730,325,138.4307719,QR,Clothing,UK,12,0.04284731526,0.02969417409,0
9696,720,22.16842906,QR,Food,FR,20,0.7806590617,0.9146580816,1
2571,428,159.4709142,QR,Electronics,UK,13,0.245042245,0.09885039107,0
3868,108,156.5728898,Online,Food,FR,10,0.02740511239,0.02213094103,0
4466,470,87.61789347,POS,Electronics,US,12,0.194321623,0.1393401025,0
674,889,139.9174026,POS,Clothing,TR,11,0.02009151039,0.1376676252,0
3555,701,117.896385,ATM,Food,FR,16,0.2315464608,0.2441661789,0
8703,331,60.41378631,POS,Clothing,DE,16,0.03394973746,0.07557348943,0
9838,758,2063.718073,QR,Travel,US,7,0.9592204988,0.7777415462,1
5302,627,2.972420765,Online,Electronics,DE,15,0.1369937193,0.1934328907,0
8772,48,44.74134595,ATM,Grocery,UK,13,0.2803844763,0.2072944637,0
9731,608,5450.315157,POS,Grocery,TR,21,0.8934741988,0.773945493,1
3608,432,20.72189771,ATM,Grocery,UK,23,0.06428749103,0.1854771889,0
8016,748,66.48833189,QR,Grocery,FR,18,0.1158690526,0.1757781754,0
476,685,63.85573995,QR,Food,US,21,0.0001055305121,0.06429091758,0
9310,559,10.74652704,Online,Electronics,US,18,0.02472913864,0.008653294486,0
8731,984,105.6949959,POS,Food,US,13,0.1481258142,0.2655630111,0
3529,597,48.1147589,Online,Food,TR,15,0.2991113778,0.2775866263,0
1028,668,75.75227866,POS,Food,UK,8,0.1497533333,0.1166376248,0
6306,383,117.3977066,ATM,Grocery,US,19,0.1360075281,0.03657555458,0
2472,738,4.333387493,POS,Electronics,UK,11,0.01437593591,0.2872809701,0
9680,871,1691.67068,Online,Travel,UK,4,0.9987366302,0.8492188471,1
9852,788,1919.608936,ATM,Electronics,FR,23,0.7994463511,0.8744047849,1
9446,492,152.4500351,Online,Food,UK,14,0.2565063733,0.2336692129,0
454,266,96.11136499,QR,Travel,FR,21,0.004958887999,0.1447428018,0
435,330,79.88086512,Online,Electronics,US,14,0.1758145774,0.06116687582,0
9901,766,1254.652039,QR,Travel,UK,4,0.8482094312,0.8803794729,1
6729,793,87.26470296,ATM,Food,DE,16,0.2208828597,0.1910801809,0
2280,231,112.4418539,Online,Clothing,TR,16,0.05864585752,0.1665727005,0
112,806,71.66840377,QR,Electronics,DE,19,0.2826966841,0.07378015814,0
8317,419,118.7389265,POS,Clothing,TR,11,0.2860680435,0.1515801138,0
5219,731,160.540863,POS,Food,FR,6,0.1660131189,0.008450412567,0
6469,46,72.7970391,Online,Food,DE,8,0.05177126069,0.017650912,0
7581,118,150.3881538,Online,Clothing,UK,6,0.1453750561,0.03049613595,0
4737,337,122.9007776,ATM,Food,UK,8,0.2505693305,0.1406467046,0
4142,898,150.0701455,POS,Electronics,TR,17,0.2179079609,0.08212603665,0
7274,741,171.0589548,QR,Travel,UK,18,0.1533731578,0.01929012194,0
4573,847,123.1612228,QR,Travel,TR,18,0.06592220463,0.1491405233,0
7775,688,65.18569585,Online,Clothing,DE,18,0.1381828272,0.05845212012,0
5402,61,73.7840943,Online,Clothing,FR,18,0.2068715175,0.2076237661,0
868,592,95.22636779,POS,Grocery,US,12,0.07477544848,0.08684547656,0
798,410,106.8087337,ATM,Grocery,UK,8,0.02126547638,0.06434071415,0
416,609,188.3512247,POS,Clothing,FR,7,0.1409993858,0.04669711034,0
5398,413,94.93354886,POS,Grocery,TR,22,0.2496184554,0.2060126562,0
7173,398,155.1864477,ATM,Food,UK,8,0.06607349462,0.0251511337,0
6980,938,1,Online,Clothing,US,9,0.03030785893,0.061991928,0
4399,295,107.576944,Online,Electronics,UK,11,0.03614255593,0.2396320251,0
1899,537,127.3165853,QR,Electronics,DE,10,0.2524258534,0.1759438201,0
3694,936,14.42557573,Online,Grocery,TR,15,0.2509580832,0.08358107392,0
6956,841,63.65307012,Online,Travel,UK,9,0.2101920217,0.01232891541,0
8326,707,103.6343063,POS,Travel,TR,12,0.1493633824,0.2284040993,0
7340,769,143.8207683,POS,Travel,DE,10,0.2727222927,0.1603728115,0
2475,662,60.86214956,Online,Travel,FR,14,0.02626281565,0.2589977087,0
1473,628,1,QR,Food,TR,21,0.09996261763,0.1385586842,0
5706,107,37.56557573,POS,Clothing,UK,17,0.2092725867,0.1007883642,0
280,165,135.1656531,POS,Travel,TR,12,0.268915768,0.2015005919,0
4212,446,64.61897316,ATM,Grocery,UK,20,0.1925368117,0.008935676842,0
5917,821,115.9836306,POS,Food,TR,20,0.01240294102,0.2688475545,0
9062,95,78.76141829,ATM,Electronics,DE,13,0.2588719321,0.2490275333,0
3500,488,97.12242649,QR,Food,TR,22,0.2085655787,0.1742519988,0
3606,178,87.98174842,QR,Food,FR,12,0.1624312029,0.215824821,0
5304,865,93.8923877,POS,Travel,TR,10,0.204710942,0.236971884,0
9100,695,184.9344077,POS,Grocery,UK,20,0.2304899585,0.04194893626,0
8385,650,1,ATM,Electronics,FR,10,0.1467439364,0.09323253727,0
3582,195,100.7515018,Online,Clothing,DE,11,0.2588962272,0.1726916536,0
4103,110,138.1404345,QR,Clothing,US,20,0.1568063475,0.02296086794,0
7737,982,19.39432342,Online,Clothing,US,17,0.001299277647,0.189557127,0
6643,652,70.32048203,ATM,Food,FR,15,0.1152121968,0.2465081832,0
4368,471,88.92132057,QR,Travel,UK,12,0.1674255594,0.02650223931,0
8245,531,140.8618309,ATM,Clothing,FR,19,0.0325426096,0.02659889858,0
9682,174,22.16842906,QR,Clothing,DE,15,0.7830664808,0.8548567017,1
1580,200,160.255887,POS,Electronics,US,9,0.2008555878,0.01771027465,0
4204,223,137.314693,Online,Clothing,FR,21,0.2213673128,0.01152141137,0
1056,791,142.5093277,Online,Grocery,UK,8,0.2342491382,0.2842150095,0
5107,719,137.2626114,QR,Clothing,FR,11,0.1073976733,0.09646881182,0
3586,983,110.9056778,Online,Food,FR,14,0.1477866282,0.06832265331,0
4561,547,165.6344089,POS,Grocery,UK,22,0.0110762063,0.1528558911,0
1795,540,33.16073995,ATM,Grocery,DE,15,0.1446161822,0.04214624448,0
8835,754,101.1837528,POS,Clothing,TR,16,0.2757950426,0.2335207808,0
6342,210,133.4971388,ATM,Electronics,US,6,0.1506086159,0.153835488,0
9074,980,140.4966508,POS,Clothing,TR,8,0.08359889449,0.06214163758,0
4034,790,190.4294984,QR,Clothing,FR,17,0.2545735876,0.07887887076,0
7004,197,77.06998569,Online,Grocery,UK,13,0.2730340011,0.05458359669,0
3462,70,156.6531721,POS,Travel,FR,10,0.2941576408,0.1106094858,0
9450,872,21.17804032,ATM,Food,TR,16,0.03780345772,0.2445786181,0
7372,479,114.5137509,QR,Clothing,FR,13,0.2062966874,0.173188657,0
4652,985,199.2606409,QR,Grocery,DE,13,0.2503315859,0.2192874146,0
6037,700,197.5861585,QR,Food,UK,15,0.05410191275,0.1825694291,0
7321,323,39.13780532,Online,Grocery,UK,15,0.1272118724,0.1736980768,0
1396,931,88.30012147,Online,Travel,US,19,0.2796224178,0.2049984838,0
3695,419,118.5690921,POS,Grocery,UK,17,0.07567799203,0.1094017262,0
5465,608,102.4698673,POS,Clothing,US,21,0.1252554274,0.2838580784,0
9202,986,69.96783315,ATM,Electronics,US,17,0.158164646,0.2125578261,0
3981,387,149.1525074,QR,Grocery,FR,18,0.002825613511,0.1603030943,0
1289,340,174.0443145,POS,Travel,FR,6,0.231723389,0.1302675508,0
6902,452,109.9663098,QR,Clothing,US,8,0.1948821115,0.1116483911,0
3924,125,132.7011987,Online,Travel,UK,21,0.208315249,0.1076321583,0
1583,868,145.060339,Online,Grocery,TR,19,0.03723827552,0.03140294562,0
4704,81,144.3949409,POS,Grocery,DE,14,0.1191876304,0.1129280107,0
1236,864,181.0823798,Online,Travel,TR,6,0.2749680119,0.1979956859,0
979,901,33.19985538,POS,Travel,FR,18,0.06034395035,0.01908869095,0
2446,293,12.42486481,QR,Travel,TR,10,0.1042493567,0.1801688861,0
5177,254,105.14978,Online,Electronics,UK,23,0.1601747639,0.1921817289,0
4924,168,131.0355877,ATM,Clothing,TR,21,0.05794201705,0.1435063506,0
4895,8,76.12542016,Online,Clothing,TR,14,0.2067587692,0.2791455038,0
2946,115,181.4313849,POS,Electronics,DE,22,0.1418340137,0.156196538,0
7284,239,162.4350636,QR,Grocery,UK,21,0.1055142274,0.006160010575,0
6816,536,125.1069565,ATM,Clothing,DE,16,0.261326853,0.1212673445,0
5422,41,104.2963305,QR,Grocery,DE,20,0.1855800424,0.07674002502,0
2794,493,43.34157521,ATM,Electronics,DE,16,0.1204184013,0.08461551146,0
7519,456,6.596857935,ATM,Clothing,UK,7,0.2481254798,0.06154785892,0
769,390,163.342362,QR,Grocery,DE,17,0.1613505927,0.1404849092,0
7832,526,137.7027142,Online,Electronics,TR,20,0.2470079253,0.05123727021,0
2288,272,1,POS,Food,US,18,0.1262314921,0.2024593056,0
6301,913,39.79426336,ATM,Clothing,TR,17,0.1676727848,0.2791642497,0
4952,865,149.9815522,POS,Food,FR,10,0.1490336221,0.2413979523,0
5023,56,141.6134794,Online,Grocery,TR,14,0.02686839066,0.1366329166,0
8957,16,81.65192027,QR,Clothing,FR,16,0.1775847448,0.1616234095,0
2589,5,157.7445571,POS,Clothing,FR,15,0.1510342749,0.09640824034,0
5912,299,118.1258113,Online,Grocery,FR,6,0.0831265201,0.2868347015,0
6641,945,133.5938158,QR,Food,UK,17,0.09511476659,0.2246520174,0
3271,708,51.81197008,QR,Clothing,DE,22,0.2442224878,0.1519226762,0
6883,588,117.6611534,ATM,Travel,FR,12,0.04838337816,0.1936451743,0
7553,858,148.5033894,POS,Clothing,US,6,0.120440054,0.09221456854,0
2397,959,92.75870232,POS,Food,FR,17,0.08268285082,0.1745201559,0
274,99,93.22368655,QR,Food,US,10,0.03771365329,0.2183660827,0
3932,918,106.5894579,Online,Food,DE,17,0.06901671926,0.02738327079,0
6363,68,73.66851936,QR,Clothing,UK,7,0.2802991814,0.2881410936,0
8393,798,113.6703895,Online,Grocery,UK,10,0.2226684738,0.1696051972,0
155,775,116.3022188,POS,Grocery,DE,19,0.07117558327,0.2233138918,0
7627,502,40.94347684,POS,Grocery,DE,21,0.276062321,0.003713935559,0
9079,589,142.3167609,ATM,Grocery,UK,12,0.01295331101,0.04145971626,0
349,377,11.37107173,ATM,Food,TR,7,0.2225998377,0.0207733487,0
7711,700,194.4653611,Online,Electronics,TR,7,0.005556349018,0.2601696135,0
4394,70,138.1621424,QR,Electronics,DE,9,0.2505781129,0.004817557814,0
6874,879,150.4177247,QR,Clothing,DE,17,0.2074220073,0.1916467883,0
6292,675,127.3497862,POS,Clothing,UK,13,0.04344338763,0.1501027257,0
7115,702,51.2733648,ATM,Food,TR,12,0.2013773478,0.1814586385,0
1333,806,80.81578725,ATM,Electronics,DE,6,0.03477341452,0.1294460813,0
7564,388,61.21503252,Online,Clothing,DE,15,0.1961075838,0.2411335378,0
4623,959,63.23626403,QR,Clothing,TR,17,0.04390433729,0.01803005314,0
3349,262,124.2256565,Online,Travel,TR,15,0.006214167575,0.09910785062,0
6579,964,8.494675564,QR,Electronics,US,7,0.0518148502,0.1937907351,0
3082,552,127.9019836,Online,Food,FR,19,0.006141871782,0.2928925526,0
7860,965,131.7563547,ATM,Food,FR,17,0.09780059581,0.1301601549,0
4462,121,141.5771333,POS,Clothing,FR,9,0.1236502296,0.02974844474,0
5697,357,49.39229808,POS,Grocery,DE,9,0.1390097322,0.08533416221,0
9946,556,659.9517165,Online,Grocery,DE,11,0.7221587825,0.8590978329,1
2381,286,184.3046577,Online,Food,FR,13,0.03209657834,0.1694912885,0
1360,284,69.80100567,Online,Travel,DE,23,0.1266861841,0.2128361438,0
2298,389,133.1920681,Online,Travel,US,19,0.1520594702,0.09303223607,0
8623,858,167.8023173,Online,Food,DE,21,0.1688410205,0.07815240351,0
2667,236,125.0819841,QR,Grocery,UK,17,0.1092161278,0.2897490968,0
1351,75,100.2685189,QR,Electronics,DE,15,0.04385448882,0.2634055365,0
2520,444,76.14971408,Online,Grocery,FR,16,0.2535071814,0.2282573474,0
3521,598,109.2858345,QR,Grocery,TR,15,0.2384948314,0.2759256714,0
2603,709,116.2318395,POS,Grocery,DE,9,0.2561074591,0.06496419005,0
3776,938,199.0325523,POS,Clothing,FR,12,0.1344690004,0.2955381634,0
5719,709,67.83014689,ATM,Travel,DE,22,0.1519662007,0.2977885766,0
634,604,132.8600551,QR,Clothing,TR,14,0.2664970939,0.2044902774,0
5303,68,86.01039172,POS,Clothing,TR,22,0.1977062297,0.05623776982,0
7807,446,69.12461549,ATM,Food,TR,12,0.2850153107,0.1889504367,0
1869,653,65.88444639,ATM,Electronics,DE,18,0.2768792742,0.04374780758,0
5235,617,113.2270688,Online,Food,TR,23,0.1067289022,0.2734711297,0
2518,958,188.0837548,ATM,Electronics,UK,13,0.1785645361,0.1967762218,0
6846,386,78.01442198,Online,Grocery,UK,13,0.1085683618,0.2829197844,0
3043,11,61.8162682,POS,Clothing,DE,8,0.2257562651,0.01003612752,0
7950,343,123.4207679,Online,Travel,DE,9,0.2044033477,0.2666271716,0
2826,330,10.65943891,POS,Food,FR,18,0.001093175603,0.2885802535,0
2766,224,76.34911664,ATM,Travel,US,23,0.1122788862,0.2435051892,0
9616,970,10,ATM,Grocery,NG,3,0.9139636294,0.9443634803,1
1636,385,140.3630528,ATM,Food,TR,9,0.1071646393,0.08542710783,0
1495,198,194.6005885,POS,Clothing,US,22,0.002926263946,0.1355192037,0
713,903,75.4060654,ATM,Food,US,16,0.1969394854,0.176585135,0
1117,609,79.66656405,ATM,Clothing,US,11,0.2417335504,0.0682487901,0
8368,332,159.5999458,POS,Grocery,UK,15,0.2204940981,0.2567498835,0
401,775,139.5007704,ATM,Food,TR,6,0.07246925648,0.06457473087,0
1123,300,1,QR,Electronics,DE,16,0.02859607091,0.1633112074,0
2124,844,101.1734661,ATM,Grocery,US,20,0.2363345801,0.1706253362,0
4230,581,207.555136,POS,Electronics,TR,9,0.2579494787,0.04636900266,0
5362,477,93.4254094,ATM,Clothing,UK,22,0.05578913921,0.2549549945,0
5192,852,56.37809507,QR,Food,DE,6,0.163898211,0.1552965372,0
5864,945,133.0618174,POS,Electronics,TR,14,0.196983912,0.2799111356,0
9040,746,33.09735497,POS,Travel,US,11,0.1132416751,0.2552393545,0
261,495,165.1170372,ATM,Travel,DE,16,0.0007159931984,0.2962086907,0
1267,204,154.9098059,Online,Food,DE,12,0.274230418,0.1177712722,0
6255,1,44.3371653,QR,Travel,UK,14,0.201853838,0.1553928785,0
3814,418,101.3885039,POS,Electronics,DE,12,0.2973587728,0.1343019305,0
824,161,21.01862737,POS,Food,US,22,0.2047666031,0.2556141667,0
9957,802,10,ATM,Food,US,21,0.9715263028,0.7277019259,1
3960,490,49.37628149,QR,Grocery,UK,6,0.2672341995,0.2697282895,0
9465,980,85.85963674,QR,Food,US,22,0.09571935743,0.2221966642,0
944,94,95.40521873,POS,Travel,US,21,0.2376594102,0.06444732237,0
1268,771,101.4997119,Online,Grocery,TR,18,0.0571831904,0.1278299001,0
1930,214,105.1560917,Online,Electronics,TR,14,0.255889129,0.2619838921,0
7844,804,139.6451733,QR,Grocery,FR,23,0.2310646129,0.1625766222,0
9316,59,6.165244577,ATM,Travel,TR,13,0.180521603,0.2021298529,0
9217,745,85.74621285,ATM,Food,UK,11,0.1424959589,0.09134914502,0
4843,557,101.2484932,POS,Clothing,US,18,0.09345682879,0.08550687951,0
6364,812,102.9928162,Online,Food,UK,20,0.05343270233,0.2969960956,0
2214,700,196.2813064,Online,Food,US,15,0.2364416785,0.06756279461,0
7766,783,142.3668163,POS,Electronics,DE,7,0.06585302299,0.003816482322,0
6540,274,43.89237924,QR,Food,US,9,0.2424441299,0.1868980408,0
5248,104,54.76468472,POS,Food,FR,18,0.224506709,0.03131681935,0
7399,280,111.367996,POS,Grocery,UK,11,0.01945469926,0.1808663475,0
8967,293,114.8006027,QR,Clothing,TR,12,0.1232371953,0.1120814974,0
1699,676,182.6374852,Online,Travel,US,13,0.2434173481,0.2952629153,0
9021,221,87.76491716,QR,Travel,UK,8,0.2653636395,0.2186681619,0
1269,213,87.10853117,QR,Food,UK,23,0.1586267787,0.1484643713,0
1285,120,169.8173752,ATM,Clothing,FR,13,0.2144027232,0.2972057709,0
996,196,113.1264006,POS,Food,US,11,0.03027434929,0.2826796287,0
4754,566,144.6104936,QR,Food,DE,17,0.270324837,0.0267957307,0
4286,444,78.40887253,ATM,Electronics,US,15,0.164035702,0.2728277369,0
7213,379,69.48588443,Online,Electronics,FR,8,0.05297816465,0.0989809595,0
2387,510,75.25856973,QR,Grocery,TR,17,0.2455424772,0.1049981753,0
2800,24,15.66211173,ATM,Food,FR,16,0.07897054598,0.09460697236,0
3592,425,81.53181905,ATM,Clothing,DE,19,0.2061066585,0.2414628882,0
2013,515,105.7290309,Online,Electronics,TR,18,0.0581673118,0.2083744914,0
5598,208,90.55197482,Online,Clothing,TR,17,0.2330390718,0.006346245275,0
890,64,160.8229889,QR,Food,US,10,0.1992969208,0.2765922312,0
1032,517,13.91587125,QR,Travel,UK,9,0.02354858894,0.006781416772,0
818,570,66.43378849,POS,Electronics,US,7,0.2991008385,0.0676888918,0
6160,664,116.2842263,QR,Electronics,TR,10,0.2113526777,0.2072491226,0
3328,805,42.32663994,ATM,Travel,DE,12,0.08559416905,0.01728942628,0
9659,125,10,ATM,Electronics,NG,4,0.9612217799,0.9382620636,1
5399,44,33.29196221,Online,Food,DE,12,0.08124619537,0.03274402937,0
5426,452,83.91682097,QR,Grocery,DE,9,0.2498395045,0.05220762428,0
338,110,115.8034071,Online,Travel,US,19,0.2466030009,0.0407638007,0
2185,499,32.61065124,QR,Clothing,US,11,0.05500450182,0.2220361152,0
7160,554,76.76565387,POS,Electronics,US,6,0.02152823538,0.246360863,0
8894,857,116.0003513,QR,Electronics,US,16,0.2834043476,0.2201021399,0
3302,809,57.72839081,QR,Grocery,US,18,0.1217346559,0.1739388302,0
7835,545,149.9972172,ATM,Grocery,DE,9,0.1112431233,0.09687596866,0
2572,773,58.59864104,ATM,Food,DE,16,0.1745865168,0.238367274,0
1647,513,120.3998564,Online,Clothing,DE,22,0.02086426338,0.1983136757,0
7893,138,133.930383,ATM,Food,TR,15,0.1994368441,0.2964907833,0
184,775,25.08155073,ATM,Electronics,FR,20,0.09305180686,0.233735885,0
9605,37,2440.64798,POS,Clothing,UK,9,0.7136027908,0.9119452108,1
1525,334,60.29688715,ATM,Electronics,US,23,0.2906613137,0.2785684323,0
1929,180,100.6182548,POS,Grocery,US,21,0.2729210131,0.2719974943,0
9373,554,177.6916571,Online,Food,US,22,0.01683773993,0.1120733614,0
3830,662,164.2871551,POS,Food,TR,23,0.2534286385,0.04367247195,0
661,768,88.5953384,ATM,Grocery,UK,6,0.09100156838,0.01432642387,0
2998,863,38.54985698,POS,Travel,UK,14,0.02081357554,0.1803761558,0
7017,766,39.69530269,QR,Grocery,US,17,0.006531831787,0.1522205202,0
537,559,195.0560366,POS,Food,TR,17,0.162682486,0.1190277378,0
4827,935,116.4313058,Online,Grocery,FR,12,0.0264327721,0.1853292965,0
5512,551,63.29204138,POS,Electronics,TR,12,0.2536754554,0.04518178737,0
5056,798,93.04672008,Online,Clothing,TR,9,0.2208391311,0.1241761796,0
4530,124,85.27389546,ATM,Travel,UK,15,0.2666429755,0.1573885983,0
3338,937,66.71000649,QR,Food,TR,9,0.2037718272,0.09272751971,0
9301,889,144.3319361,Online,Electronics,TR,8,0.1423582835,0.1587490412,0
6267,0,185.318989,POS,Travel,DE,17,0.02912094674,0.07831317369,0
8426,801,85.61812695,ATM,Food,TR,12,0.1314887077,0.17010447,0
4011,520,174.9638292,ATM,Electronics,FR,10,0.05455917645,0.1764859528,0
8080,782,33.51586963,POS,Electronics,UK,22,0.0697315623,0.09533254746,0
3652,596,150.1134636,QR,Grocery,DE,9,0.01092082205,0.09417778261,0
4199,208,26.34900847,POS,Electronics,TR,18,0.001146275844,0.0386755556,0
8448,939,31.55297216,Online,Travel,US,8,0.1912689531,0.04018934277,0
4889,386,115.1075119,POS,Electronics,TR,13,0.02000584569,0.1367096673,0
4513,939,40.89253756,ATM,Grocery,FR,16,0.1720891697,0.02272869021,0
5125,89,131.0420874,Online,Food,DE,17,0.008463533559,0.0981344407,0
1936,178,82.67077092,Online,Clothing,DE,13,0.1465854712,0.2151596453,0
8598,701,38.91651989,ATM,Travel,DE,12,0.1370763201,0.08228636612,0
8033,869,107.2560166,Online,Food,UK,10,0.1579934977,0.2365477468,0
5042,937,208.4635368,Online,Travel,UK,8,0.1187227785,0.07110360159,0
7276,196,139.4508626,QR,Electronics,TR,16,0.1599586508,0.2165781255,0
5747,268,173.5381237,ATM,Grocery,UK,14,0.1659306531,0.1682480811,0
3191,108,92.54330845,ATM,Food,UK,9,0.05692089362,0.2684933464,0
4363,463,133.6138848,POS,Grocery,UK,7,0.2298352639,0.02471326638,0
4091,182,1,Online,Food,UK,16,0.2701442117,0.1179106031,0
9414,697,1,QR,Food,FR,10,0.1426123574,0.05003953336,0
9980,529,3512.384404,QR,Grocery,NG,3,0.8136927482,0.9720374943,1
8143,663,64.4222253,QR,Grocery,DE,7,0.05322082076,0.001758413254,0
4316,818,126.6216864,ATM,Grocery,US,15,0.1667524846,0.07047946464,0
3794,691,77.49225401,QR,Food,TR,18,0.1208979073,0.05827171414,0
2807,98,72.85662026,Online,Clothing,DE,13,0.08642642623,0.2475487145,0
8764,781,40.31368779,POS,Electronics,FR,6,0.1213903857,0.1750714725,0
6279,594,100.199428,POS,Travel,UK,6,0.2563288254,0.02309054955,0
1478,24,91.93823727,POS,Clothing,US,8,0.07479038111,0.1360487763,0
4816,780,16.87377489,POS,Food,DE,15,0.1191490337,0.04705971531,0
3016,907,49.41094121,ATM,Clothing,US,13,0.1415290996,0.1985127337,0
4147,946,57.46175757,QR,Electronics,DE,11,0.01333073244,0.2223893884,0
4900,528,162.7372419,QR,Clothing,UK,13,0.004377544775,0.2922230831,0
850,80,77.63910926,POS,Clothing,FR,7,0.2766411237,0.1310882302,0
9321,800,112.0344911,QR,Grocery,TR,20,0.2163942561,0.0812654774,0
7727,913,157.8923426,ATM,Food,FR,16,0.1180232183,0.01945613015,0
5861,531,62.21615806,ATM,Grocery,FR,22,0.2518723604,0.1068151588,0
495,572,45.63798306,POS,Grocery,UK,22,0.2603353884,0.1806986588,0
7823,842,93.48568754,POS,Electronics,TR,20,0.0223212856,0.008876902442,0
3854,882,58.43469342,POS,Food,UK,10,0.2330407554,0.2770977247,0
1846,424,105.0226475,POS,Travel,FR,23,0.2598388302,0.116080896,0
6680,120,104.3117438,ATM,Grocery,TR,21,0.01305010746,0.2847211702,0
686,823,48.0721847,POS,Electronics,US,23,0.2582391989,0.06937917103,0
4732,153,63.84921509,POS,Electronics,TR,6,0.2925034549,0.007702239283,0
9983,525,10,ATM,Grocery,NG,14,0.9799182395,0.9624148971,1
5369,113,3.110492191,QR,Clothing,UK,18,0.1333768275,0.01027934626,0
2163,836,99.11266538,POS,Clothing,US,6,0.05033373385,0.1560714697,0
8113,897,89.32844674,QR,Food,DE,7,0.03961149584,0.1981247293,0
5185,10,228.292083,ATM,Travel,FR,15,0.2598396304,0.1512915726,0
8607,52,150.1900945,POS,Electronics,TR,9,0.281368065,0.1435160752,0
9244,535,123.7191519,Online,Travel,TR,21,0.07876584645,0.01080734453,0
5906,831,120.298275,QR,Electronics,UK,12,0.216825976,0.07132341664,0
5545,553,101.3301561,QR,Clothing,US,23,0.168486122,0.2578542171,0
3769,373,148.5443456,POS,Travel,DE,17,0.1888936749,0.1568153654,0
6289,356,113.5612807,POS,Electronics,UK,8,0.1621426686,0.1613694808,0
2778,46,142.3462791,Online,Grocery,TR,19,0.1286167165,0.03691604987,0
2383,374,210.3999327,QR,Grocery,FR,9,0.003654713005,0.2792941229,0
7991,807,91.06967823,ATM,Grocery,US,16,0.2206873078,0.2913618058,0
5386,83,118.8513417,QR,Grocery,FR,19,0.2117811027,0.04938989512,0
5327,432,224.9100059,QR,Grocery,TR,6,0.03543552588,0.1528628148,0
8058,424,122.5948793,POS,Electronics,UK,9,0.1758262403,0.06487558926,0
7246,327,59.52163066,ATM,Food,TR,19,0.03174451984,0.1182419102,0
6780,346,96.51490404,ATM,Food,UK,18,0.2700403274,0.2553957563,0
3346,885,136.1596488,POS,Electronics,FR,21,0.007352963227,0.09479116241,0
9056,801,124.5098571,Online,Food,US,6,0.1041807522,0.2832079153,0
5246,70,115.7493768,POS,Electronics,TR,17,0.07822044732,0.1555066202,0
947,150,114.3848804,ATM,Food,TR,11,0.006404475175,0.06269152913,0
5895,238,152.4200937,ATM,Travel,TR,11,0.2690840733,0.2287088748,0
7224,41,240.0438474,POS,Grocery,US,13,0.1326315111,0.03757258329,0
8190,966,61.90066769,ATM,Travel,UK,15,0.04844106889,0.208130398,0
3855,302,110.1952676,QR,Grocery,FR,15,0.01227895614,0.2470806001,0
1801,572,15.32504546,Online,Electronics,TR,16,0.08603461847,0.02700088404,0
7877,824,83.59124366,Online,Clothing,UK,20,0.1853456368,0.1821231592,0
1557,121,52.27253446,QR,Clothing,FR,15,0.1059967677,0.2441799471,0
6640,103,138.0585507,POS,Grocery,UK,10,0.2454743045,0.1922885609,0
7652,964,78.52091772,Online,Food,US,19,0.1128317175,0.1364085358,0
716,146,1,ATM,Travel,UK,20,0.06060029236,0.1509295603,0
6747,760,146.6881038,POS,Travel,US,13,0.01277700612,0.1288419305,0
2918,917,46.51104784,QR,Clothing,US,19,0.04312099609,0.1825729509,0
9447,330,116.5054005,Online,Grocery,TR,10,0.09157830714,0.04765870683,0
736,188,170.9201273,ATM,Grocery,UK,12,0.1156218448,0.06411996833,0
1416,508,18.8115824,QR,Clothing,US,15,0.03680081989,0.1461572365,0
2903,786,15.81471873,POS,Electronics,DE,17,0.1422235922,0.03911773274,0
4244,983,200.259817,POS,Food,UK,23,0.09523420457,0.1719866943,0
3897,940,1,ATM,Grocery,UK,21,0.08038868144,0.08104827654,0
7032,495,165.7370132,QR,Clothing,FR,16,0.02732616467,0.04408577864,0
7289,470,104.9500814,ATM,Clothing,UK,13,0.0101008251,0.2089106294,0
3934,24,160.1215453,ATM,Clothing,FR,13,0.09593200274,0.001140636949,0
6314,596,14.58205169,QR,Food,UK,6,0.1116200519,0.1846111287,0
7943,749,158.8008846,ATM,Clothing,UK,6,0.2233186679,0.07053440713,0
7474,163,139.1809915,POS,Travel,FR,22,0.1383642715,0.1917151364,0
5998,411,49.76368862,ATM,Travel,US,10,0.08887586168,0.08110696492,0
2324,5,75.28992254,POS,Grocery,UK,18,0.04571056579,0.04506839397,0
106,566,94.21517585,ATM,Grocery,DE,7,0.06655083026,0.2934371285,0
6483,382,98.12102043,Online,Grocery,FR,19,0.2067388553,0.1491795182,0
1867,92,155.8434081,ATM,Grocery,US,23,0.03220886599,0.1641684132,0
8473,670,93.69487917,ATM,Grocery,FR,13,0.2616532819,0.2667611717,0
7633,687,75.52025588,QR,Food,DE,7,0.2543440048,0.297764524,0
4577,719,146.1888926,Online,Electronics,UK,17,0.05005394908,0.1352645345,0
776,383,120.0732071,ATM,Clothing,FR,23,0.08840801852,0.1001381153,0
9859,926,10,Online,Grocery,DE,20,0.9338241299,0.8154143385,1
7018,633,1,QR,Travel,TR,21,0.06460197785,0.2559618646,0
1146,53,133.8926987,ATM,Food,US,15,0.007858133885,0.1492459494,0
5889,676,90.65157853,Online,Travel,TR,13,0.03932730594,0.1082076553,0
1864,753,134.96502,Online,Food,US,22,0.06739095356,0.0658198715,0
5139,981,175.2033802,QR,Grocery,US,10,0.1849447085,0.2423448157,0
7219,469,1,POS,Food,TR,7,0.2257137722,0.2320252476,0
1545,693,76.80260153,Online,Electronics,FR,6,0.1589382548,0.2466446038,0
8287,552,2.931343551,POS,Electronics,FR,14,0.1511895142,0.08565309811,0
813,309,62.65361533,Online,Travel,TR,19,0.1882454945,0.02569955162,0
725,889,99.25111132,Online,Travel,UK,7,0.1650180274,0.1819172541,0
9251,666,112.7691683,ATM,Electronics,TR,23,0.2509750237,0.05179595138,0
5441,77,156.2493553,Online,Food,UK,9,0.2457694658,0.043815995,0
6353,11,95.47064893,Online,Electronics,UK,23,0.1326570692,0.282143985,0
4515,326,49.40363453,POS,Grocery,UK,19,0.1079783904,0.1989454262,0
5324,918,139.1403412,Online,Clothing,FR,20,0.06094892826,0.2628081927,0
1599,582,129.7613886,POS,Grocery,FR,15,0.1227846562,0.2724375303,0
9284,458,87.34392119,POS,Clothing,US,12,0.08123345507,0.2532934698,0
3156,194,141.7791388,ATM,Grocery,US,16,0.06738250265,0.1225548481,0
1046,203,137.0378189,POS,Food,US,23,0.09520427176,0.01537120446,0
3837,351,148.7941042,POS,Grocery,UK,17,0.07036300353,0.09121593789,0
2059,789,65.56379217,ATM,Travel,DE,9,0.2038068065,0.07477144468,0
4435,430,199.3903282,ATM,Electronics,US,8,0.2232909572,0.1943698233,0
6838,260,180.3709674,ATM,Travel,TR,22,0.04186031975,0.08458206129,0
1475,793,221.3096407,POS,Grocery,TR,10,0.1025436665,0.03866785552,0
2177,387,97.59512885,ATM,Clothing,FR,20,0.2468959136,0.2587339943,0
2370,719,134.1039098,ATM,Food,UK,9,0.06584770604,0.1402804974,0
4405,493,130.7927399,POS,Clothing,UK,11,0.01568692474,0.06567713367,0
5999,614,116.4625031,Online,Electronics,FR,21,0.003786935411,0.2255896478,0
9210,364,83.779854,QR,Clothing,DE,20,0.183239307,0.2351089993,0
3693,845,158.9515376,ATM,Grocery,US,10,0.0886812359,0.07719902386,0
1324,543,71.60412607,ATM,Travel,DE,21,0.1703684796,0.01921966615,0
8091,913,42.62547925,ATM,Food,TR,17,0.1681048618,0.2685367795,0
7049,226,205.8759701,QR,Grocery,US,14,0.06396557312,0.08384087613,0
980,96,23.79265465,POS,Electronics,UK,21,0.1399650291,0.07429742325,0
7040,287,165.1001547,POS,Travel,FR,19,0.1422980199,0.07724671107,0
2964,835,114.9429232,QR,Food,FR,18,0.1834505315,0.003643305491,0
5143,996,62.95728868,ATM,Travel,UK,17,0.08125892756,0.1094718935,0
9220,45,133.6083791,POS,Food,DE,18,0.07736110785,0.2739976557,0
7541,462,46.23530483,QR,Food,UK,13,0.06666027505,0.2233727638,0
2660,911,97.8870422,POS,Travel,DE,22,0.07384090516,0.1536798885,0
262,657,136.9411642,Online,Food,UK,14,0.105471982,0.01317352588,0
5501,604,88.82444705,ATM,Grocery,UK,15,0.1606938121,0.2191965295,0
361,603,152.6500014,Online,Food,TR,17,0.1262183089,0.2255399474,0
9906,937,2879.084634,Online,Food,US,17,0.8724861118,0.9121738762,1
3701,426,77.37758971,ATM,Grocery,TR,19,0.03550815996,0.1510248978,0
6421,804,14.26790298,QR,Electronics,DE,23,0.09015435377,0.02611950301,0
2796,605,223.1778466,ATM,Food,TR,21,0.01030602664,0.07892344703,0
3046,794,35.33485904,QR,Grocery,TR,8,0.02344032897,0.2446601676,0
5287,632,160.3745625,QR,Travel,FR,19,0.06670934413,0.2754068529,0
7653,209,32.09949705,Online,Food,FR,13,0.07185716694,0.01513367484,0
8042,547,83.48253767,ATM,Food,UK,22,0.2961302876,0.0139359047,0
6969,591,136.7620722,ATM,Grocery,UK,9,0.1277187891,0.09182419021,0
217,697,198.1542942,ATM,Electronics,US,21,0.006956979454,0.1671527224,0
5206,67,132.9275801,POS,Travel,UK,22,0.0297379409,0.01311579655,0
5756,645,70.51903687,Online,Grocery,US,21,0.06969529,0.1956344853,0
6300,680,120.1468436,Online,Food,UK,17,0.1187115004,0.2696229357,0
5009,389,133.2226692,ATM,Travel,TR,22,0.2570566858,0.01418969195,0
8160,565,151.2531648,ATM,Grocery,FR,23,0.1115030022,0.08734084399,0
3613,415,91.67769953,Online,Food,FR,20,0.1934305945,0.205618049,0
6720,754,46.9842005,QR,Travel,FR,11,0.06339063344,0.1858930752,0
1941,750,141.3054918,Online,Electronics,TR,13,0.08674601304,0.1852052465,0
3997,524,125.2076181,QR,Electronics,US,9,0.1001683556,0.05386824847,0
7695,798,58.31245291,QR,Electronics,FR,12,0.2694358816,0.1547124361,0
7555,332,149.806133,POS,Electronics,TR,14,0.03730570208,0.06490567157,0
1153,408,33.41909419,Online,Clothing,UK,8,0.284373706,0.07799873781,0
8962,228,115.0076871,QR,Travel,FR,8,0.05486733271,0.1953178226,0
142,177,112.8478719,QR,Grocery,FR,18,0.06044462238,0.173028552,0
1275,87,133.2974419,Online,Travel,DE,15,0.1659542752,0.1431246757,0
7277,834,143.9673274,POS,Travel,US,17,0.2861031755,0.1826831021,0
5926,463,183.5425265,POS,Grocery,DE,22,0.03594005719,0.2264355789,0
6690,523,130.5340112,Online,Grocery,DE,7,0.008356008166,0.1520779624,0
1178,150,85.45926936,Online,Food,UK,7,0.04824470263,0.1731889677,0
4912,546,174.7607249,Online,Clothing,DE,12,0.2123892204,0.2785483903,0
1113,890,94.13802053,QR,Grocery,FR,7,0.06645571812,0.000748850283,0
6854,757,107.821101,QR,Grocery,UK,22,0.05195981667,0.2237844312,0
2402,151,33.94421666,POS,Clothing,FR,21,0.2844553048,0.2932526845,0
5668,959,26.09654547,Online,Clothing,US,11,0.1587921235,0.09079483266,0
523,751,71.18690355,POS,Food,US,9,0.08731749162,0.02500448369,0
5880,641,185.7850046,ATM,Electronics,UK,21,0.2768800272,0.2188950689,0
1945,263,135.2064924,POS,Electronics,DE,13,0.1244705656,0.2773759876,0
4349,81,194.0380573,POS,Clothing,TR,13,0.1128452634,0.2705014231,0
1442,244,114.5940013,Online,Grocery,FR,8,0.2457134701,0.08650728555,0
9714,568,860.8673496,POS,Grocery,US,10,0.7999614108,0.9916530518,1
1266,184,1,ATM,Clothing,TR,10,0.05812206046,0.2678717474,0
6404,873,104.3851749,POS,Travel,FR,17,0.2457120351,0.04871254053,0
343,883,81.203214,QR,Travel,FR,14,0.1157871074,0.1798481505,0
8724,248,95.25218152,ATM,Grocery,US,15,0.1973478599,0.2870877749,0
8612,647,74.85535706,ATM,Food,DE,14,0.09098526165,0.2607697559,0
3428,421,115.4641302,Online,Grocery,US,8,0.0174727219,0.2360683311,0
3809,342,26.31205493,Online,Food,US,16,0.08256624805,0.08781206546,0
8944,10,186.2759702,QR,Grocery,TR,7,0.1084398086,0.2455770597,0
2755,879,84.55031158,QR,Clothing,US,23,0.1979840576,0.0669267424,0
2356,749,158.0603836,QR,Electronics,US,8,0.2842040953,0.09413374757,0
1472,540,121.6732825,ATM,Grocery,TR,9,0.2404412141,0.0741064583,0
9066,980,119.2906352,ATM,Food,DE,22,0.2746315404,0.1591446414,0
3552,540,35.65097179,POS,Electronics,UK,15,0.09372888824,0.1822033964,0
2022,470,132.3224684,POS,Food,TR,23,0.2956989359,0.09222550522,0
5735,514,85.32310329,POS,Travel,DE,6,0.05209781594,0.1854536949,0
7556,84,135.8661747,ATM,Travel,UK,20,0.1147990985,0.06179128326,0
5602,251,37.54146902,POS,Electronics,TR,11,0.1171239216,0.2789955437,0
1020,337,72.31455035,ATM,Grocery,FR,18,0.05020922417,0.01115060306,0
7206,273,87.39311737,POS,Electronics,US,7,0.01984632563,0.283883203,0
9535,988,2185.233352,Online,Food,FR,11,0.9942850941,0.7120836132,1
4765,867,129.8286172,ATM,Food,UK,18,0.01461915479,0.1347651888,0
1570,670,129.7948729,Online,Electronics,DE,11,0.1826116116,0.02536455813,0
3450,747,197.0603004,POS,Clothing,UK,6,0.0510107845,0.064002278,0
264,973,77.77833535,POS,Food,TR,19,0.1639009651,0.03835971485,0
3255,436,114.7618518,QR,Food,FR,11,0.1549725484,0.06716851395,0
4211,269,89.37344871,POS,Electronics,DE,7,0.07785551283,0.1698649331,0
4226,717,38.37197188,QR,Grocery,TR,16,0.09200830424,0.1753777,0
2708,901,185.7277074,Online,Electronics,US,8,0.09957593848,0.2708218976,0
5223,949,91.63760476,QR,Food,FR,20,0.208219751,0.04285826614,0
3512,89,71.42746977,ATM,Electronics,FR,20,0.2411411411,0.2970270011,0
7846,404,133.9159137,QR,Clothing,UK,16,0.1884633416,0.1347610706,0
1890,12,135.1982903,QR,Electronics,US,17,0.1277127771,0.03858172369,0
2504,448,88.73023589,QR,Food,UK,6,0.1117496544,0.1250137502,0
8732,563,88.14146844,QR,Clothing,TR,13,0.02091200523,0.2627348969,0
6708,495,134.1352824,QR,Grocery,TR,7,0.1195930032,0.03512676945,0
1978,927,4.526449105,Online,Electronics,TR,11,0.05518567183,0.1895181545,0
6358,105,98.00845024,QR,Grocery,DE,6,0.06422241739,0.2095243124,0
2215,271,44.83746473,QR,Electronics,DE,21,0.172088865,0.08761137961,0
8755,175,142.2426795,Online,Travel,US,8,0.08170797829,0.1850906158,0
623,739,136.7860656,Online,Electronics,UK,9,0.2602231882,0.2281239316,0
8283,616,1,ATM,Grocery,UK,23,0.2238033621,0.2067503566,0
5592,528,98.00246012,Online,Travel,TR,14,0.06636027743,0.09011069922,0
4264,501,89.26896673,ATM,Food,FR,19,0.174655578,0.2484054168,0
9604,812,10,ATM,Electronics,UK,11,0.9599557561,0.8968610782,1
2015,337,82.91766522,POS,Clothing,TR,21,0.117537148,0.1418977909,0
3424,575,35.91021898,ATM,Travel,FR,8,0.05187138369,0.1479637974,0
4451,412,104.6255654,QR,Grocery,DE,9,0.2373785532,0.01588975264,0
6313,601,32.7125448,Online,Electronics,US,7,0.07614472474,0.1840539254,0
975,900,149.6478565,Online,Food,FR,7,0.1197546429,0.1790644863,0
6370,99,104.4395911,POS,Food,TR,20,0.08450139347,0.1007015184,0
93,12,123.4789448,POS,Travel,FR,18,0.01211013636,0.1301587492,0
2050,990,69.80070704,ATM,Grocery,UK,12,0.122532852,0.2033676539,0
9905,553,22.16842906,Online,Travel,DE,0,0.7017380516,0.8599544341,1
3209,949,55.31732449,ATM,Travel,FR,13,0.002359829294,0.1322603773,0
8636,76,126.4079261,ATM,Electronics,DE,21,0.2425679444,0.04998189163,0
4345,215,110.1707337,QR,Clothing,TR,19,0.1990025872,0.06681141365,0
35,24,131.3805606,POS,Food,DE,7,0.210065167,0.2431746374,0
6019,187,16.52365254,POS,Electronics,UK,13,0.1975590977,0.03003171812,0
3384,522,133.2880027,Online,Clothing,TR,9,0.002653293761,0.1472308483,0
9394,605,65.09991723,POS,Electronics,US,6,0.09689998444,0.1687153497,0
9832,86,2355.87733,ATM,Grocery,DE,4,0.9710118728,0.7617174509,1
4344,512,97.34369306,ATM,Food,FR,14,0.06301099331,0.0004596314298,0
1855,63,40.95820415,Online,Grocery,UK,14,0.005099762953,0.1256713401,0
6102,501,165.21276,ATM,Clothing,FR,14,0.1625715865,0.0956314864,0
3687,344,173.6315125,POS,Clothing,US,15,0.0288953413,0.1353067986,0
6235,393,170.2859322,QR,Travel,DE,17,0.03322172945,0.08898064443,0
575,477,113.0235875,ATM,Electronics,DE,12,0.03984454202,0.2164302244,0
1512,434,198.9643203,ATM,Clothing,UK,21,0.2423687387,0.1289573331,0
7646,162,153.9505681,POS,Travel,DE,8,0.08255062868,0.2090078646,0
8504,789,142.0459318,Online,Electronics,DE,18,0.2286907406,0.1618650012,0
3127,845,123.812638,QR,Electronics,FR,6,0.01321001716,0.2440528132,0
3184,400,60.96728001,POS,Grocery,DE,15,0.04950669741,0.2891651994,0
6717,191,64.10618202,Online,Clothing,TR,12,0.2228320835,0.02967945999,0
3083,335,5.633152428,ATM,Grocery,US,10,0.161908953,0.1694188276,0
5877,749,81.32128182,POS,Food,FR,16,0.2140583472,0.2788284913,0
2900,430,118.5730344,QR,Food,UK,9,0.2898535439,0.03254306139,0
1211,318,58.01541698,ATM,Food,US,21,0.13673925,0.2518647304,0
5709,195,85.62545099,Online,Grocery,TR,16,0.1309760182,0.1276179007,0
927,282,136.9772604,Online,Food,FR,20,0.2422334596,0.07312316088,0
8853,267,111.585031,POS,Grocery,FR,20,0.04919687437,0.05972831806,0
2902,435,154.4549501,QR,Food,DE,11,0.0145219967,0.2650914903,0
2028,987,96.58524264,QR,Food,FR,10,0.1973206855,0.2614249152,0
3575,954,149.7807582,QR,Grocery,FR,16,0.1665247227,0.1563050695,0
9792,882,22.16842906,POS,Grocery,TR,4,0.7091135158,0.8718956768,1
3501,643,71.32429897,POS,Clothing,DE,18,0.2987492261,0.1533177216,0
2841,303,184.2611756,POS,Clothing,UK,14,0.1377468119,0.08928598838,0
298,2,52.30554558,Online,Grocery,US,13,0.02934930341,0.2830036807,0
757,829,51.77160338,POS,Travel,DE,6,0.1397485818,0.2826550203,0
1082,917,97.62512773,ATM,Food,FR,9,0.05516094577,0.02394911124,0
3716,55,97.42352809,QR,Travel,UK,7,0.27053635,0.1313853027,0
4488,320,52.05519193,QR,Food,DE,17,0.2939941668,0.1740254851,0
3689,699,107.2090996,ATM,Clothing,UK,23,0.04119186013,0.2034776725,0
4268,703,18.13860465,POS,Electronics,US,9,0.0365240189,0.1849225635,0
9298,973,104.6281777,QR,Travel,TR,8,0.1973788222,0.1127854458,0
2293,724,81.44716426,QR,Grocery,DE,19,0.09916341013,0.1622189154,0
9624,693,986.2248826,Online,Food,NG,4,0.9560947673,0.7477473008,1
6963,217,111.58605,Online,Travel,DE,14,0.1536328259,0.1837323522,0
8517,705,75.12046277,QR,Grocery,UK,13,0.1405957522,0.02143847214,0
8926,735,134.8238232,ATM,Food,DE,22,0.1598912599,0.08913061443,0
9337,432,124.3807684,Online,Grocery,FR,13,0.244978665,0.2569414719,0
7141,68,131.2476849,ATM,Food,US,8,0.03538043402,0.1315682467,0
789,908,60.49149346,Online,Grocery,UK,19,0.03614845699,0.05480522748,0
3719,110,130.5810001,ATM,Electronics,UK,16,0.2973568227,0.1590444838,0
3306,25,120.5571767,ATM,Food,UK,9,0.277052864,0.1153644226,0
6109,341,65.15669928,Online,Travel,UK,12,0.1928733288,0.05076539809,0
3653,450,79.29677836,POS,Clothing,DE,18,0.08208241782,0.1134728818,0
7884,152,162.6887009,QR,Clothing,DE,19,0.2122220477,0.05581735616,0
4492,788,34.45145821,Online,Travel,US,16,0.176498734,0.2583578919,0
9471,80,50.8943062,ATM,Clothing,US,13,0.1637777346,0.04278329096,0
1569,347,44.49056009,Online,Travel,FR,14,0.1520748907,0.004427417204,0
7926,660,185.8179249,QR,Food,DE,9,0.2004634859,0.1853935058,0
9800,595,1783.007578,QR,Travel,DE,12,0.9920973881,0.9716293924,1
5535,200,135.5810867,POS,Grocery,FR,8,0.01278431686,0.1493393369,0
8711,605,104.1580042,Online,Food,UK,14,0.09292982184,0.07313985247,0
2774,82,117.067213,POS,Electronics,DE,15,0.06178750531,0.08750907799,0
4947,18,172.7155051,QR,Electronics,TR,18,0.2179967805,0.07095983651,0
1061,938,91.0470612,QR,Grocery,US,23,0.1444160562,0.03722103417,0
4373,17,36.27395631,Online,Travel,UK,14,0.2531251959,0.08535690333,0
1708,516,59.90689116,QR,Travel,US,18,0.1424056547,0.1736275211,0
5734,962,140.2119147,ATM,Travel,FR,10,0.2463838445,0.218172285,0
3130,727,33.22154901,QR,Food,TR,16,0.07622591212,0.07720691186,0
6999,102,68.82454933,POS,Food,FR,12,0.07536980321,0.2466875868,0
6812,254,180.2345315,Online,Electronics,FR,6,0.06235424613,0.2013244927,0
4777,143,90.92205392,QR,Grocery,UK,11,0.223206315,0.2362122173,0
2970,648,20.37585139,ATM,Food,UK,9,0.1110002587,0.1708953384,0
50,546,62.50758948,Online,Clothing,FR,12,0.1090710007,0.03278854484,0
1453,324,120.0603582,ATM,Food,UK,9,0.08820432007,0.09015320845,0
7287,871,244.1605648,POS,Food,US,21,0.06755127434,0.2747951147,0
9418,813,87.34963262,Online,Food,FR,17,0.06620920632,0.253916138,0
4455,609,67.16927343,POS,Travel,UK,23,0.2791993866,0.2747422314,0
3103,577,121.5729979,POS,Clothing,DE,22,0.01940796114,0.1159307711,0
4396,145,101.0007775,ATM,Clothing,DE,21,0.2519164875,0.2880042533,0
5588,56,117.4549001,POS,Grocery,TR,17,0.2514922108,0.2012128344,0
2662,387,156.9359034,Online,Travel,US,9,0.2613153277,0.1835861034,0
1501,936,96.7256231,QR,Food,US,9,0.279146786,0.01115806739,0
2599,4,49.1394071,QR,Travel,UK,12,0.2767398319,0.2291682632,0
6180,535,169.3625128,ATM,Travel,US,14,0.2879351057,0.09841683371,0
6882,689,55.22708431,ATM,Travel,TR,17,0.04742384624,0.03672645197,0
2,725,52.70683461,QR,Travel,US,7,0.08269060801,0.1375736683,0
5063,529,40.8876799,POS,Food,UK,6,0.2222972372,0.2573898621,0
571,519,53.7890518,QR,Travel,FR,13,0.07248467665,0.06156990489,0
6837,605,30.37767367,POS,Electronics,FR,16,0.23567464,0.2556553198,0
8336,100,93.98556442,ATM,Clothing,DE,7,0.1253846521,0.1125328178,0
66,583,30.45529344,Online,Travel,UK,8,0.07672028854,0.2188404086,0
5401,205,120.2387929,POS,Electronics,UK,18,0.02969145203,0.04234127647,0
6693,129,105.4663491,POS,Electronics,DE,9,0.08500369442,0.1042373432,0
8604,138,42.71308585,ATM,Electronics,TR,16,0.1981701604,0.1534495679,0
6005,962,88.85891929,POS,Grocery,FR,15,0.2168962611,0.07133570994,0
8913,327,65.33017315,QR,Food,TR,18,0.007623660885,0.1479424534,0
3735,791,153.5510236,ATM,Grocery,FR,15,0.04685879035,0.2660183825,0
4716,558,13.87311287,POS,Clothing,TR,14,0.228398071,0.004658476096,0
4599,616,95.1257387,Online,Travel,US,13,0.08017156562,0.1818119928,0
514,517,108.8889069,QR,Clothing,TR,19,0.1597555595,0.1936844173,0
1653,657,52.71392062,ATM,Clothing,TR,14,0.07096574373,0.1994698313,0
1638,733,210.425834,Online,Food,FR,11,0.05456978024,0.1494499409,0
846,190,79.69544356,Online,Clothing,UK,20,0.1475066246,0.2147767282,0
5854,236,92.28348121,POS,Electronics,UK,18,0.08735785066,0.2171878849,0
9429,79,62.88601572,ATM,Electronics,US,19,0.1253922077,0.167706672,0
4758,307,75.72793154,QR,Food,DE,20,0.2967794284,0.2769309472,0
8728,156,104.2474039,Online,Electronics,UK,7,0.1994042908,0.01911705545,0
5929,374,50.93770257,POS,Clothing,DE,23,0.1766579628,0.2169343246,0
5528,982,75.5231664,Online,Clothing,FR,7,0.2432135841,0.2653590597,0
7009,236,221.3686692,ATM,Grocery,DE,15,0.1649162538,0.1574152002,0
8371,591,154.2080508,ATM,Electronics,DE,12,0.2848940989,0.07636736067,0
6000,896,127.7332049,POS,Grocery,UK,22,0.02219562403,0.08343944751,0
4610,225,178.3839269,Online,Grocery,TR,18,0.1708261355,0.2229087215,0
8134,714,7.364523257,ATM,Clothing,US,23,0.01082212709,0.1627806232,0
7071,402,105.3662442,POS,Clothing,DE,8,0.1441856513,0.1826191161,0
8074,414,78.50340145,Online,Electronics,US,12,0.0168858388,0.04300492904,0
1347,260,1,Online,Grocery,DE,15,0.03045806546,0.2266550076,0
8063,127,86.29918431,ATM,Grocery,US,11,0.2087648593,0.1863836247,0
684,255,165.2701213,ATM,Electronics,DE,14,0.1955210324,0.2718739109,0
4258,235,188.4599039,ATM,Electronics,DE,12,0.07908203785,0.1134532191,0
3261,851,62.83641163,POS,Electronics,UK,21,0.2811784973,0.2578504071,0
7417,37,142.8120706,POS,Electronics,US,6,0.005353245133,0.07320137417,0
7121,77,118.8101159,ATM,Electronics,US,13,0.264421181,0.02127659286,0
2957,915,126.4585183,Online,Electronics,UK,7,0.03662946628,0.1876284476,0
7667,500,180.8913362,Online,Travel,UK,17,0.2324270678,0.08826201065,0
4403,192,101.2813836,POS,Food,DE,15,0.2464940378,0.0407604551,0
4998,421,84.21209959,ATM,Travel,TR,7,0.08215374472,0.2821432068,0
7774,511,143.2479103,QR,Grocery,US,20,0.16164735,0.2892487291,0
2582,794,96.95341824,ATM,Clothing,DE,12,0.06315664252,0.07796183196,0
1590,499,110.5782417,ATM,Clothing,US,15,0.2451475451,0.02066108146,0
662,57,57.36574919,POS,Travel,UK,13,0.2773394907,0.1914704582,0
5364,419,94.78728423,ATM,Clothing,TR,22,0.2382525512,0.2942720343,0
6913,78,185.4971025,QR,Grocery,TR,9,0.1872044852,0.04520817209,0
8291,918,185.202324,Online,Clothing,DE,16,0.2786236045,0.03418572016,0
1529,48,101.8249966,QR,Clothing,DE,8,0.0189978764,0.04519646077,0
5166,365,68.30032684,QR,Grocery,DE,10,0.1727717888,0.107285199,0
9234,59,131.6024239,POS,Travel,TR,20,0.01676781808,0.01787885794,0
7466,905,110.1757802,ATM,Food,DE,17,0.2520123506,0.04807561333,0
645,358,149.6667251,QR,Travel,TR,8,0.01943392839,0.1601553127,0
1074,402,69.84262165,Online,Electronics,UK,20,0.05867670129,0.05132979695,0
1694,203,127.8751911,QR,Clothing,DE,7,0.2421582186,0.1435711773,0
3858,681,12.26010573,ATM,Food,FR,12,0.1595611304,0.245282936,0
2947,238,109.2419882,POS,Clothing,FR,9,0.09965707844,0.1810622811,0
421,123,77.68339606,POS,Travel,FR,18,0.2591024075,0.2324657624,0
9594,773,10,ATM,Electronics,DE,3,0.7083096691,0.9397799524,1
2240,466,130.6735968,QR,Travel,US,7,0.2208931642,0.1605856163,0
5547,314,95.85500046,POS,Clothing,DE,13,0.1953074608,0.1361427807,0
5433,127,83.62202883,POS,Travel,TR,22,0.2334616357,0.06775134563,0
2688,312,142.6087091,POS,Food,FR,14,0.1685224849,0.1696876564,0
6827,772,167.9997635,ATM,Food,FR,9,0.1163067073,0.1639187805,0
6078,198,110.3710292,QR,Travel,DE,22,0.2115694404,0.1400641304,0
1027,573,191.2998606,ATM,Food,DE,15,0.08756412407,0.2393497931,0
6767,715,90.9145304,POS,Travel,FR,18,0.0271240269,0.06856465361,0
6555,895,47.07219788,Online,Clothing,UK,23,0.1175415914,0.172051259,0
7126,792,53.42009282,ATM,Grocery,US,19,0.02119772977,0.1717091948,0
7814,594,140.4814139,Online,Food,FR,17,0.2562220316,0.2544825665,0
7383,893,103.2790486,QR,Travel,UK,19,0.03053651613,0.2961965933,0
5634,731,117.0617186,POS,Food,US,8,0.003009098883,0.2957750863,0
1173,492,197.2053852,POS,Grocery,DE,20,0.2516686128,0.09125594836,0
2048,246,123.9265157,POS,Travel,UK,13,0.2167916565,0.2482579551,0
9364,419,58.55366855,ATM,Travel,FR,18,0.07348080837,0.06219807002,0
4788,232,132.6657157,ATM,Electronics,US,11,0.1086807673,0.1347938349,0
6988,403,79.48632438,POS,Travel,US,8,0.145850459,0.02998006666,0
9472,684,21.84905494,QR,Clothing,TR,19,0.04034745195,0.1102423551,0
1608,399,131.5089796,POS,Clothing,DE,11,0.04397790524,0.1179622271,0
2888,399,106.9946712,QR,Electronics,FR,8,0.1631102041,0.2695225449,0
1245,444,112.1478176,ATM,Clothing,DE,16,0.1041841061,0.09234056101,0
4395,247,170.7674073,Online,Clothing,US,23,0.2788342865,0.1326420773,0
6178,403,137.968775,POS,Travel,DE,20,0.09073201693,0.1861262282,0
7526,344,1.816493807,ATM,Travel,FR,13,0.2020149902,0.04105707576,0
6163,66,143.4754241,ATM,Grocery,UK,8,0.08561813469,0.1269761759,0
9111,50,144.7295741,POS,Electronics,UK,16,0.2712740706,0.1134447375,0
8487,274,124.8010532,ATM,Food,US,20,0.1788437631,0.2325097966,0
1383,757,77.72240482,Online,Clothing,TR,14,0.05073546294,0.09282356521,0
2587,674,115.625994,Online,Clothing,DE,9,0.2597628632,0.08142422391,0
4551,534,129.0259273,QR,Clothing,US,9,0.2649937615,0.05258518359,0
2072,830,90.59818571,QR,Electronics,US,21,0.07481204053,0.1521565797,0
1014,821,76.68946089,POS,Food,FR,20,0.05857866837,0.012942754,0
6433,31,184.7236265,ATM,Clothing,FR,18,0.02250466171,0.260833921,0
2542,551,60.59891906,Online,Food,FR,16,0.2284924278,0.1629427234,0
5717,118,69.31843808,POS,Electronics,FR,8,0.1186578226,0.2731480656,0
9417,11,108.9746681,QR,Clothing,FR,21,0.06345285326,0.05561379421,0
4518,161,104.290816,QR,Clothing,UK,17,0.2396907778,0.1525238482,0
9410,538,99.11290827,QR,Electronics,UK,9,0.1557465366,0.2192903388,0
5644,765,95.45900833,QR,Grocery,FR,13,0.1549026771,0.1311833465,0
6157,841,1,POS,Food,US,16,0.2035816935,0.01958049556,0
878,307,56.41989009,ATM,Food,DE,11,0.07089567873,0.09871275748,0
168,715,104.7139647,QR,Food,DE,18,0.2876588966,0.03379601327,0
6551,25,118.6628462,ATM,Travel,UK,21,0.1698500972,0.2615707829,0
4904,148,207.9871156,Online,Food,US,19,0.1015057802,0.1065144915,0
4490,896,137.0260077,ATM,Travel,UK,11,0.2111447833,0.09593151215,0
9780,46,2273.145748,QR,Electronics,UK,10,0.9227408796,0.9090516178,1
1949,733,68.47109188,QR,Clothing,DE,15,0.1476605759,0.08575068156,0
7483,55,130.4368448,ATM,Travel,TR,8,0.2309691752,0.03097449009,0
9584,818,22.16842906,QR,Food,NG,9,0.9428635252,0.8792714664,1
7538,654,102.7230185,ATM,Electronics,UK,8,0.04362900675,0.2539941449,0
8499,74,84.43603581,POS,Electronics,UK,7,0.02644546636,0.03623359471,0
1725,76,129.4512085,QR,Travel,DE,15,0.1609878722,0.1321556265,0
3238,607,66.00318729,ATM,Grocery,FR,15,0.1863982479,0.04206064764,0
9218,771,67.58294079,Online,Electronics,FR,13,0.1006025719,0.09855228536,0
7437,8,151.0747493,Online,Travel,US,14,0.05608748694,0.2625188137,0
3627,924,124.348032,POS,Food,UK,10,0.004700032125,0.05192547149,0
5215,601,122.5159413,POS,Clothing,DE,6,0.1392485026,0.0163815741,0
2566,656,149.6438734,Online,Travel,DE,13,0.04534731295,0.2025031467,0
2975,146,92.47650513,POS,Grocery,TR,18,0.2574976271,0.007361804072,0
102,214,125.2930955,ATM,Grocery,DE,16,0.1865880879,0.02059245193,0
9547,275,787.7082005,QR,Electronics,FR,5,0.7894584593,0.7397554718,1
1444,316,99.45421595,Online,Electronics,FR,22,0.1410256222,0.1233929256,0
3650,899,126.1081935,POS,Electronics,UK,17,0.07142381268,0.2468862032,0
8006,453,99.5401418,ATM,Food,TR,21,0.2838226502,0.0968378593,0
9451,485,19.86245563,POS,Food,DE,21,0.1581420742,0.1550486772,0
468,101,133.4811316,ATM,Grocery,FR,20,0.1804056044,0.1894840724,0
4858,133,125.2753879,Online,Electronics,UK,7,0.2876906116,0.177360532,0
4369,55,169.5497403,QR,Grocery,FR,19,0.2230076149,0.2053097908,0
4677,983,100.1991741,ATM,Food,DE,23,0.1826532778,0.10910007,0
9674,739,22.16842906,POS,Food,DE,6,0.9866779967,0.9705105624,1
5400,401,53.32807431,Online,Clothing,DE,7,0.2663209943,0.03047099194,0
5751,137,136.7354834,ATM,Food,UK,23,0.03642019781,0.2162849605,0
5500,56,144.1037408,POS,Grocery,UK,20,0.06400654236,0.142243548,0
3850,812,16.28864255,QR,Food,DE,8,0.1053892136,0.1466125592,0
3174,911,90.85987838,POS,Travel,US,16,0.01195407005,0.02174190575,0
3474,755,93.72697304,Online,Travel,UK,11,0.03127993197,0.2542234175,0
4676,317,146.9214429,QR,Electronics,FR,16,0.1782083719,0.0002281190595,0
8525,798,88.36970485,Online,Clothing,UK,8,0.2020483872,0.2455392414,0
256,870,133.1281275,Online,Clothing,UK,6,0.2829216156,0.07193675222,0
4647,214,97.35891302,POS,Grocery,US,10,0.206176203,0.2337261752,0
9506,621,2883.544964,Online,Travel,UK,13,0.7903379817,0.971973772,1
7722,826,4.842839701,Online,Electronics,DE,18,0.04449965974,0.1052030973,0
922,944,170.2856526,Online,Clothing,US,20,0.08440358386,0.001564022237,0
1695,160,95.58000416,ATM,Travel,DE,12,0.2050309229,0.1285895046,0
3493,528,88.61394985,Online,Clothing,TR,7,0.1514122343,0.03651660694,0
3566,134,126.5962661,ATM,Travel,DE,8,0.1674497849,0.2819166238,0
4242,360,102.4094377,Online,Electronics,DE,13,0.1049083433,0.2372057251,0
7499,646,84.48380421,POS,Travel,DE,16,0.2260678838,0.1096742382,0
9794,67,643.4335145,QR,Grocery,FR,4,0.7273673986,0.9185417605,1
5151,935,56.99498393,POS,Food,DE,17,0.1877861776,0.0938548926,0
556,259,101.4634492,ATM,Grocery,US,11,0.09838339804,0.2516047781,0
8372,782,71.87241132,ATM,Clothing,UK,9,0.05542964859,0.2369555775,0
5394,144,59.59491772,Online,Travel,US,6,0.2568592454,0.2640091042,0
8672,157,83.36646007,ATM,Grocery,TR,13,0.2355919127,0.1037413741,0
7247,102,48.8845172,POS,Electronics,FR,12,0.05774641568,0.2935597461,0
9047,268,147.0434619,Online,Travel,UK,6,0.04498404172,0.2931310164,0
9809,507,554.0431663,QR,Travel,US,21,0.8539911717,0.7226063024,1
150,702,262.0069574,Online,Grocery,UK,15,0.1220330515,0.1688915511,0
2223,870,99.10667093,ATM,Clothing,UK,14,0.1892040317,0.05227768252,0
2232,170,64.06564779,ATM,Electronics,UK,17,0.1591784458,0.06762187782,0
21,302,188.5352825,QR,Electronics,US,14,0.2762397284,0.173505246,0
9900,541,3476.852944,QR,Travel,FR,22,0.911046921,0.9791658532,1
9201,326,108.2139382,POS,Food,TR,13,0.1178468405,0.2198845561,0
7452,652,187.9906462,Online,Food,FR,20,0.005179590974,0.1602974112,0
6619,841,101.521184,QR,Electronics,US,18,0.2305525328,0.2638227542,0
4502,987,128.4669586,ATM,Clothing,US,15,0.189037918,0.0909506593,0
6503,187,1,ATM,Electronics,US,20,0.2609297939,0.07618321872,0
520,619,78.39780929,ATM,Food,DE,11,0.02378626211,0.1906957512,0
6782,727,182.6497834,Online,Clothing,FR,9,0.1586340036,0.01752354031,0
6257,454,134.0891591,POS,Food,DE,16,0.03834491801,0.1049157423,0
8785,375,81.2540164,Online,Clothing,UK,22,0.03294902789,0.03392756493,0
8576,185,153.9761758,ATM,Travel,TR,22,0.2276435234,0.08766362642,0
7996,851,164.6595884,QR,Grocery,FR,18,0.01432475136,0.1042315947,0
7161,94,114.4045261,Online,Food,FR,22,0.1842127385,0.114017942,0
4840,595,84.85358671,ATM,Grocery,FR,13,0.2089416911,0.2956898746,0
2420,433,165.2033232,POS,Travel,DE,23,0.2608296793,0.02533019225,0
4727,530,119.636547,QR,Grocery,TR,23,0.01017271939,0.09970342546,0
1175,38,98.48736691,ATM,Food,UK,22,0.1477606813,0.2493352899,0
2712,619,125.9673165,POS,Grocery,US,21,0.2260092955,0.2625741627,0
2220,510,174.2229546,QR,Travel,TR,19,0.2183525177,0.008759453605,0
3287,652,180.2805692,QR,Food,UK,16,0.1998789532,0.2601968034,0
4549,96,31.53864433,QR,Food,US,23,0.1331391227,0.2069177477,0
3971,328,81.43603352,POS,Food,US,22,0.0852364241,0.006928270408,0
1616,489,55.16667528,QR,Travel,TR,7,0.06332768604,0.1189822591,0
5319,934,1,QR,Clothing,TR,11,0.1908787546,0.1942947215,0
3871,532,30.22811784,QR,Clothing,FR,7,0.2277593518,0.2134291197,0
4227,497,192.7216717,QR,Electronics,FR,20,0.2285259272,0.2890799315,0
9482,867,60.01179361,QR,Grocery,UK,16,0.03812137794,0.2180814744,0
3053,315,157.5438301,POS,Clothing,UK,22,0.08497881979,0.2552804207,0
9606,412,2389.697662,Online,Clothing,FR,19,0.9931622861,0.7833344281,1
3242,343,67.42362601,ATM,Grocery,US,21,0.1566390097,0.0005290545666,0
2284,138,98.15555235,QR,Electronics,UK,23,0.2195353925,0.110191558,0
5509,276,75.06542876,QR,Food,FR,17,0.0439396027,0.2801086734,0
1912,720,49.15580072,QR,Travel,TR,8,0.1238501925,0.03939942181,0
7307,792,100.4885284,Online,Food,US,10,0.002314526617,0.08636819683,0
6002,42,70.1800047,POS,Clothing,DE,12,0.05573316494,0.02892731392,0
5204,188,61.81486704,ATM,Grocery,DE,16,0.2143177638,0.2090687798,0
4991,19,58.1078352,POS,Travel,FR,13,0.1888049013,0.09478026574,0
4259,333,2.061316935,ATM,Clothing,FR,19,0.1433905382,0.001498818731,0
2951,8,39.23637119,QR,Food,TR,7,0.009497027324,0.2569354171,0
8086,814,52.8426861,ATM,Food,FR,17,0.02759546613,0.2723613534,0
88,357,1,QR,Grocery,UK,11,0.07288484895,0.04340030295,0
6321,478,124.1721834,Online,Travel,US,21,0.1929538978,0.2305939026,0
5914,86,103.5143534,Online,Grocery,DE,9,0.1861304267,0.1907698785,0
5190,662,115.4359197,ATM,Clothing,FR,6,0.04343353762,0.06932047957,0
8808,8,125.7266233,ATM,Grocery,FR,19,0.2866594947,0.1902625008,0
6085,852,190.1518931,QR,Clothing,US,12,0.01237567912,0.192022231,0
5450,696,117.0613316,QR,Food,FR,19,0.2306054174,0.2604954278,0
5253,585,11.67910747,ATM,Grocery,US,6,0.04476093121,0.2981900383,0
2333,370,125.5865482,ATM,Food,TR,22,0.242202628,0.0814198582,0
4742,992,1,QR,Travel,DE,11,0.0890514869,0.1745065572,0
9773,865,22.16842906,QR,Electronics,US,2,0.8084557379,0.8585705524,1
7650,248,48.99223887,ATM,Electronics,US,14,0.1074993199,0.1174918832,0
2067,912,131.4818802,Online,Food,TR,6,0.1903806468,0.07500662716,0
4795,160,123.125962,Online,Food,DE,22,0.1958230703,0.1524147168,0
7046,793,43.0526564,POS,Electronics,US,8,0.0006025633686,0.1199900602,0
6727,882,116.6236716,QR,Electronics,TR,19,0.03887560895,0.003078812616,0
1133,72,100.9788381,ATM,Food,DE,18,0.02353711816,0.08108960818,0
1335,96,104.5650586,POS,Electronics,US,12,0.1651867058,0.04467035351,0
5682,310,42.1058784,ATM,Clothing,UK,9,0.08265453176,0.1009418916,0
2769,250,105.0781212,QR,Electronics,US,7,0.1658953191,0.09082564022,0
1406,757,199.0037617,QR,Food,FR,16,0.06786183095,0.07169502759,0
2229,93,118.5299207,Online,Clothing,US,7,0.2861617532,0.09741477129,0
5973,371,160.6238352,QR,Food,TR,18,0.07791772992,0.1291319629,0
1997,92,148.2089387,ATM,Clothing,UK,14,0.2270771412,0.04348969652,0
4361,581,29.83644851,POS,Clothing,UK,8,0.02018781513,0.1486742524,0
3786,731,80.93525196,ATM,Food,US,12,0.06063723129,0.06869527397,0
9973,980,22.16842906,QR,Grocery,US,4,0.9665443781,0.8867734138,1
8292,235,109.170973,Online,Clothing,FR,20,0.02207106106,0.1547820805,0
2375,922,87.01737959,ATM,Electronics,TR,17,0.2558966661,0.08609603746,0
3340,576,108.0115182,QR,Food,US,21,0.03955106395,0.2290152817,0
5307,166,67.38575776,ATM,Clothing,UK,17,0.07772589132,0.1595602875,0
7983,702,128.7898356,QR,Food,FR,14,0.1931296379,0.1224911054,0
2570,589,232.6862438,POS,Food,FR,21,0.263156977,0.2563964664,0
3138,35,181.7275846,QR,Grocery,US,19,0.03788103845,0.06296497229,0
5381,414,151.0489803,POS,Electronics,FR,16,0.06614078049,0.240154506,0
9580,248,1659.023574,QR,Food,DE,16,0.8651013483,0.9927218955,1
7529,656,160.0070794,QR,Travel,US,19,0.2815372347,0.1121395379,0
955,518,122.3224599,POS,Clothing,DE,21,0.09297729136,0.2574399042,0
6833,824,72.57885554,POS,Clothing,DE,18,0.2063527351,0.1886022029,0
4049,433,64.28241084,POS,Travel,TR,7,0.04431139528,0.08288083145,0
7981,994,73.17729425,ATM,Travel,FR,10,0.2223895857,0.2326316767,0
7863,582,72.8085473,POS,Grocery,DE,17,0.1503909395,0.1569238385,0
8797,328,121.2172472,ATM,Electronics,DE,15,0.2892665297,0.1621527174,0
9952,958,733.7874322,Online,Grocery,TR,17,0.9289956747,0.892070436,1
3789,698,150.1135518,QR,Grocery,DE,10,0.02082217458,0.1361478265,0
5996,290,81.89145306,Online,Electronics,FR,17,0.2243440839,0.2996655183,0
6931,588,127.8728,POS,Clothing,UK,21,0.1818249235,0.1895609511,0
803,495,18.87673346,QR,Travel,US,9,0.1809476531,0.1724589362,0
1052,802,184.6662818,POS,Electronics,TR,10,0.03622697366,0.2360098379,0
5251,767,65.19007638,ATM,Food,FR,20,0.07472786162,0.2835346683,0
2878,719,103.5062466,QR,Electronics,UK,9,0.1878013402,0.1912223133,0
4053,208,116.6327536,Online,Electronics,US,9,0.06166864444,0.2422286079,0
8172,553,39.49090475,QR,Food,DE,17,0.2774564243,0.2053877732,0
997,890,14.78166459,Online,Electronics,US,16,0.2613316498,0.1855400306,0
449,24,113.2135287,Online,Food,DE,9,0.1002636659,0.1886900012,0
2646,140,132.480472,ATM,Grocery,FR,22,0.03848483912,0.1528138408,0
3490,30,135.737177,ATM,Travel,UK,19,0.1757259914,0.004227749647,0
2468,90,192.1000075,ATM,Grocery,US,17,0.2973441376,0.008404148415,0
2629,674,93.48193595,QR,Travel,US,17,0.2840673619,0.1627212448,0
7406,993,150.5559536,Online,Electronics,DE,11,0.2825032759,0.04736505062,0
1860,615,110.9820793,Online,Food,US,22,0.2537571202,0.04955511456,0
95,110,104.6866652,Online,Grocery,US,23,0.1438085291,0.06093956854,0
7442,204,91.04454246,ATM,Electronics,TR,19,0.1943626781,0.05887325806,0
4126,214,90.49613764,QR,Food,TR,13,0.1484936304,0.1106495226,0
302,148,23.26063355,Online,Clothing,TR,23,0.05217010955,0.1429129117,0
9589,773,2016.502073,POS,Grocery,TR,18,0.9916284735,0.7094121375,1
4936,515,94.08099625,POS,Grocery,FR,20,0.1675316175,0.2011936372,0
1368,494,40.5732273,Online,Food,FR,11,0.2796661358,0.0311617793,0
6709,654,105.5892316,ATM,Travel,US,9,0.0009650319959,0.2607379074,0
5839,516,88.71133636,ATM,Clothing,US,16,0.1513020513,0.08102255586,0
6077,628,160.0245228,Online,Clothing,FR,13,0.00374746477,0.1651897338,0
7782,822,149.6986032,ATM,Clothing,DE,14,0.2414612484,0.2351567004,0
7313,38,60.70589385,ATM,Electronics,DE,20,0.1356753447,0.2193291305,0
985,68,159.9321304,QR,Travel,UK,10,0.03508047449,0.1727164378,0
7125,294,189.2971924,QR,Travel,DE,20,0.2882609149,0.2638181939,0
8498,103,65.98286905,ATM,Electronics,TR,7,0.07859715624,0.1146990825,0
2208,780,162.7883088,ATM,Electronics,DE,10,0.1886039741,0.0781401632,0
319,564,141.7374861,ATM,Food,TR,17,0.1270948875,0.1021871541,0
1418,174,201.3401184,ATM,Clothing,US,22,0.005182905279,0.1015104508,0
7543,275,74.74452923,POS,Food,TR,13,0.06460714479,0.1950859323,0
791,825,134.3533535,Online,Clothing,FR,8,0.2133930232,0.1529912789,0
9240,441,101.3686239,POS,Grocery,DE,7,0.19219704,0.1493441608,0
3438,329,49.40290267,Online,Clothing,FR,20,0.2366795614,0.1094369268,0
4786,335,187.9608302,POS,Grocery,DE,19,0.07171145349,0.1884734198,0
1474,415,143.6466434,Online,Grocery,US,17,0.1205240072,0.2050539045,0
6981,227,117.6476542,POS,Clothing,UK,9,0.2782932853,0.1608437485,0
7934,467,116.2319871,ATM,Travel,DE,22,0.2258753387,0.1650419694,0
2663,428,204.6697863,ATM,Electronics,US,18,0.009273506737,0.08741473444,0
8288,214,71.78192232,QR,Travel,DE,16,0.2498780787,0.04310749461,0
8936,718,125.5154003,QR,Clothing,DE,14,0.2957658879,0.2045328439,0
9706,528,913.2319182,ATM,Grocery,UK,18,0.9632033435,0.7684848355,1
9235,760,128.1144459,Online,Food,FR,13,0.1263935631,0.0598140693,0
9127,272,73.36212303,ATM,Electronics,UK,23,0.06681422705,0.1684798374,0
3497,985,126.1169315,POS,Electronics,DE,20,0.2496335877,0.1045233592,0
5833,335,110.079198,QR,Clothing,DE,8,0.1988866526,0.2293814752,0
7439,443,63.54921388,Online,Grocery,UK,21,0.01834433037,0.1114307083,0
6613,215,41.64078731,Online,Food,US,17,0.09263335752,0.02798479799,0
9940,937,1271.123288,QR,Electronics,FR,7,0.7307805736,0.9225120986,1
2427,182,200.513419,ATM,Clothing,DE,19,0.1361692898,0.2299635043,0
2155,767,49.50228987,QR,Clothing,UK,16,0.1719701734,0.1588836707,0
2114,588,107.451985,QR,Grocery,FR,7,0.2593531832,0.07216175795,0
7058,52,151.7380404,POS,Grocery,FR,11,0.1072392276,0.154471736,0
3992,78,41.74166921,POS,Travel,FR,12,0.1001465997,0.005716884643,0
4012,989,79.82510335,POS,Grocery,TR,15,0.1093914709,0.001841165421,0
8824,679,164.8876856,QR,Clothing,UK,21,0.1277726368,0.03663736015,0
4002,188,129.5858863,QR,Travel,TR,11,0.08173544904,0.01603807639,0
2704,172,87.16727316,Online,Electronics,UK,15,0.02978245244,0.2922024846,0
6382,631,155.5256276,POS,Clothing,FR,7,0.05026126326,0.232476604,0
6411,984,158.0363642,Online,Electronics,FR,10,0.1407503448,0.1625371135,0
6147,282,129.5607392,ATM,Food,TR,8,0.05928642972,0.05393259501,0
3931,914,123.3009115,ATM,Electronics,US,22,0.06480185588,0.2579838288,0
6155,128,167.6677461,QR,Grocery,US,18,0.2453611611,0.2516665156,0
5226,283,111.3769477,QR,Food,DE,18,0.005077122022,0.132357535,0
3961,550,73.24834577,Online,Clothing,US,21,0.00618783642,0.2034235769,0
6338,979,112.0223753,Online,Travel,DE,16,0.02218423533,0.04524774,0
9030,753,98.89186577,QR,Clothing,TR,19,0.1667332061,0.2806026202,0
2034,485,59.42592315,Online,Food,TR,11,0.2618652786,0.168607729,0
2795,313,128.8149827,POS,Clothing,UK,7,0.008355891114,0.08444364962,0
8561,252,208.2939871,POS,Food,TR,11,0.1168248581,0.1122889772,0
8197,560,76.31139761,POS,Electronics,UK,6,0.2308613097,0.2614618968,0
8939,379,119.8045502,Online,Electronics,TR,13,0.07453741643,0.01337277074,0
1758,458,63.75479841,POS,Travel,US,10,0.1461471853,0.2513882773,0
5579,284,119.0119798,Online,Grocery,US,9,0.1175710787,0.01932687738,0
8875,388,85.49741084,QR,Electronics,FR,7,0.1347864644,0.001586526372,0
6968,880,166.1613474,QR,Clothing,TR,10,0.1413545535,0.2662122041,0
4687,953,119.7046553,POS,Grocery,FR,14,0.03803976293,0.1515839884,0
2313,855,112.8618875,ATM,Grocery,DE,6,0.2600036647,0.08568209646,0
4019,908,112.5072224,Online,Clothing,UK,19,0.1378231582,0.1234466471,0
3386,437,72.19899889,QR,Grocery,US,13,0.2328686893,0.12318175,0
7763,82,204.0346255,ATM,Travel,DE,22,0.05908739608,0.2295671099,0
4691,913,96.08310543,POS,Clothing,DE,12,0.04534224247,0.1895209753,0
1230,618,149.0131476,Online,Grocery,TR,21,0.1418477171,0.1193776577,0
5590,779,77.33137897,Online,Clothing,FR,9,0.1750904044,0.1482555594,0
7527,663,66.37959071,QR,Clothing,TR,16,0.0193944911,0.2064691244,0
4674,351,84.57305144,Online,Electronics,DE,10,0.232499227,0.127822027,0
8583,18,36.61057179,Online,Electronics,UK,17,0.1437103698,0.2531775099,0
6741,857,144.0289835,Online,Grocery,UK,21,0.1095695968,0.125083795,0
148,21,32.99715548,QR,Electronics,US,17,0.1033971455,0.1365961383,0
4833,204,62.85329519,Online,Clothing,FR,18,0.02636301033,0.1405012932,0
4836,253,131.5272104,QR,Clothing,FR,17,0.2182822182,0.2221022613,0
2025,30,56.35083693,QR,Grocery,FR,17,0.1656584482,0.03239532324,0
8077,55,120.3698589,POS,Food,DE,7,0.07953607987,0.2279612276,0
9229,9,91.58973547,Online,Grocery,TR,22,0.181263434,0.2033972933,0
6562,800,106.8470892,POS,Food,UK,22,0.1938849632,0.1963718688,0
8345,806,69.88709114,ATM,Food,TR,6,0.09378533658,0.2055713049,0
1282,973,158.8245219,Online,Clothing,DE,6,0.04729552625,0.1115025397,0
1710,119,146.1932508,QR,Electronics,TR,8,0.150049876,0.2505452893,0
5443,29,98.96010847,POS,Food,UK,13,0.09931738545,0.124496935,0
4216,414,89.73934969,Online,Electronics,UK,12,0.2586290702,0.0567872071,0
9120,155,38.22760839,Online,Electronics,UK,8,0.2468602115,0.265475819,0
2276,189,101.5713505,Online,Clothing,DE,9,0.1452200809,0.05837126662,0
6760,378,97.21269109,QR,Travel,UK,20,0.2161461936,0.2947130023,0
2311,370,108.7265704,POS,Clothing,DE,19,0.2668217641,0.1046500408,0
8111,768,14.62835448,Online,Travel,TR,12,0.2342925775,0.03053443272,0
6646,393,116.7235353,ATM,Electronics,DE,6,0.08113941585,0.02148408462,0
9598,243,2665.556708,POS,Clothing,FR,4,0.9928839757,0.73949947,1
2952,287,138.7988783,POS,Electronics,UK,22,0.1918028495,0.2552589937,0
9735,818,4178.082595,ATM,Food,UK,4,0.9052548205,0.8783035755,1
2312,138,123.407599,ATM,Grocery,DE,13,0.03257563292,0.01671114098,0
658,323,28.33380358,POS,Food,US,15,0.1695507611,0.0516404084,0
3732,903,57.49328986,Online,Food,UK,16,0.2336244729,0.251044096,0
6398,625,64.9669449,Online,Electronics,DE,7,0.1093806388,0.1675635621,0
6245,38,58.27097113,Online,Clothing,UK,20,0.05064438594,0.2936061196,0
3524,389,17.39279341,ATM,Grocery,US,8,0.2707231495,0.06120290496,0
6722,663,114.59866,QR,Grocery,US,20,0.05648596101,0.2858792892,0
4992,215,65.47611442,QR,Clothing,US,18,0.07719496108,0.1750929982,0
9458,548,116.7164127,ATM,Grocery,TR,12,0.1726823982,0.2519640128,0
1887,183,73.59694435,QR,Electronics,TR,15,0.2519728658,0.2230511803,0
7177,479,165.722345,POS,Travel,TR,6,0.2450621619,0.212383162,0
8620,939,49.83279681,Online,Travel,US,11,0.1337869972,0.248280907,0
5600,334,113.0809217,ATM,Clothing,FR,21,0.228910902,0.2428372286,0
425,515,79.77225412,POS,Clothing,FR,23,0.03773441774,0.06774991195,0
1149,755,6.636322418,ATM,Electronics,TR,10,0.2992508204,0.1952485337,0
9382,270,80.8921069,Online,Travel,TR,7,0.04739172373,0.1318362205,0
6310,38,99.25103973,ATM,Grocery,TR,10,0.01761238877,0.1069225421,0
8871,280,157.2662133,Online,Grocery,DE,20,0.22053653,0.1794561373,0
6029,48,15.61475688,Online,Electronics,FR,12,0.2121228833,0.118589969,0
381,54,31.4720479,ATM,Food,FR,8,0.1823192113,0.1733207283,0
1504,898,151.4305156,POS,Electronics,FR,20,0.03015716852,0.07717975609,0
6975,523,1,Online,Travel,DE,18,0.2050749901,0.2994356911,0
4158,787,105.4006061,Online,Clothing,US,12,0.004564553543,0.1959024274,0
8045,933,150.4734836,ATM,Travel,UK,17,0.06100321091,0.137712728,0
2201,685,217.0148249,QR,Clothing,DE,8,0.1747831996,0.1222071674,0
7937,55,109.5053146,POS,Travel,US,16,0.02132326283,0.1284030578,0
555,389,30.72953041,POS,Travel,US,7,0.09120942277,0.201283274,0
902,850,58.47438509,POS,Electronics,DE,6,0.1060159914,0.05790061986,0
2373,933,142.8565166,ATM,Electronics,UK,23,0.05513469875,0.0148587143,0
3640,293,101.2343882,ATM,Food,FR,16,0.1958635017,0.04386453925,0
9324,409,99.6166099,Online,Food,TR,6,0.2375389935,0.01522928208,0
4672,824,173.1187076,QR,Grocery,TR,7,0.02561465841,0.06979363826,0
193,650,90.56442001,QR,Food,US,13,0.1371324236,0.07799352897,0
5748,375,104.764656,POS,Travel,TR,22,0.06553502767,0.2344015741,0
7925,499,120.5129534,Online,Electronics,TR,11,0.18064053,0.1502938164,0
1073,107,177.8150398,POS,Clothing,DE,22,0.06374260414,0.2912334836,0
9954,266,2557.058506,QR,Food,DE,4,0.7490324301,0.7974622407,1
3224,606,53.5507342,QR,Food,TR,17,0.1451257654,0.1576531637,0
8961,830,14.20304637,Online,Clothing,US,17,0.2355875377,0.203750171,0
6810,860,138.5186965,POS,Clothing,UK,17,0.1598424842,0.2859439679,0
6570,646,59.74010571,Online,Grocery,DE,13,0.2500319349,0.0335492911,0
883,560,158.176293,POS,Electronics,US,23,0.2313289983,0.2950286373,0
5977,441,1,QR,Clothing,FR,14,0.2228715219,0.2930427924,0
5617,432,38.44790086,Online,Travel,DE,15,0.2661595354,0.2732268562,0
6565,978,171.6637285,POS,Grocery,US,18,0.1722351389,0.2665578042,0
9821,743,22.16842906,ATM,Travel,DE,6,0.9827768082,0.94573264,1
9759,952,10,Online,Food,TR,20,0.8112196871,0.7486637971,1
9165,567,112.0984584,POS,Grocery,DE,19,0.001146866919,0.1718282731,0
7838,842,19.09404148,ATM,Clothing,DE,21,0.117736568,0.1908447584,0
3252,192,84.54858621,Online,Grocery,TR,13,0.1949322083,0.174429873,0
7801,889,198.3587481,ATM,Electronics,UK,9,0.04389405832,0.07795879447,0
9124,491,138.2561987,Online,Food,FR,10,0.03532534844,0.1231030578,0
3391,539,97.15171599,QR,Food,TR,13,0.1865701031,0.02698534476,0
6568,527,115.4448147,POS,Grocery,TR,6,0.1784035678,0.06291712136,0
271,209,67.13941459,QR,Grocery,DE,7,0.2042630009,0.2940138611,0
5114,529,102.9031915,QR,Electronics,DE,20,0.005517258277,0.2702002957,0
3221,325,71.12989039,QR,Grocery,UK,15,0.1042575089,0.2944251719,0
3532,913,71.70882448,QR,Travel,FR,19,0.206346483,0.05465984795,0
3079,753,2.479389917,QR,Food,DE,9,0.1696755859,0.01658870564,0
9239,781,149.1895876,Online,Clothing,FR,21,0.1209096806,0.2290208932,0
760,508,118.7242789,ATM,Grocery,US,16,0.2322624678,0.09773908047,0
238,522,159.1960242,ATM,Grocery,US,17,0.1386239738,0.02298544425,0
6068,697,117.6975397,ATM,Electronics,US,19,0.1347410169,0.2981655352,0
2549,489,139.996365,QR,Grocery,DE,14,0.1342178457,0.1166966024,0
5822,824,145.8120231,Online,Travel,FR,18,0.03619777312,0.07937616294,0
9951,336,4555.012754,QR,Grocery,DE,23,0.8492334695,0.8298389601,1
559,796,33.14624461,POS,Grocery,UK,20,0.2156121888,0.08173560458,0
5746,518,1,POS,Food,TR,17,0.07049802219,0.1719523306,0
4238,386,70.65751332,POS,Clothing,FR,16,0.06809544482,0.003437061377,0
3724,731,90.81530168,POS,Food,FR,7,0.1328117024,0.1391967874,0
1431,498,94.22953309,POS,Clothing,UK,8,0.1127962208,0.291248738,0
2585,414,109.1053016,Online,Clothing,US,10,0.05166747644,0.2535398303,0
6731,194,102.4997214,QR,Clothing,US,6,0.1220798909,0.1358276826,0
322,52,101.4231724,POS,Food,TR,10,0.04565599656,0.2056503893,0
3414,684,63.64075587,Online,Food,UK,23,0.01494473711,0.1240321714,0
6970,6,110.3043492,POS,Food,TR,10,0.2699333436,0.2265654366,0
1251,679,84.82581851,POS,Travel,US,12,0.005919269798,0.2096322646,0
4153,870,141.9270739,ATM,Travel,TR,19,0.04377677902,0.1052648423,0
5611,210,24.22367693,Online,Travel,FR,15,0.1619761216,0.293339459,0
5050,56,1,ATM,Clothing,TR,17,0.08807269516,0.0945218062,0
4953,773,143.8270256,QR,Grocery,TR,16,0.137460693,0.2348032855,0
6985,133,129.1365279,POS,Grocery,TR,7,0.290343406,0.0004640321856,0
990,317,212.4718792,Online,Grocery,UK,14,0.1533216541,0.04730602612,0
2859,886,223.697939,POS,Food,US,9,0.262638813,0.258640367,0
4148,601,92.59455103,ATM,Electronics,US,14,0.1209979712,0.215835765,0
4970,521,59.56699792,POS,Grocery,US,20,0.07279083716,0.1373666838,0
5241,41,102.6480545,Online,Electronics,DE,14,0.03890104459,0.04852547661,0
6941,928,62.66692818,POS,Grocery,US,16,0.06973459011,0.2735298278,0
2141,405,75.86583682,QR,Electronics,TR,15,0.0539801955,0.1338340087,0
9681,620,1187.52313,Online,Electronics,US,4,0.7828517016,0.9960161887,1
3886,936,42.25529819,QR,Clothing,FR,21,0.003799271134,0.01850776714,0
475,488,54.70174293,POS,Electronics,TR,15,0.2973697399,0.06225093475,0
4654,714,99.51349162,Online,Food,US,7,0.2182967589,0.05967809571,0
6804,532,44.60373869,POS,Clothing,US,12,0.2576170234,0.2257455089,0
9548,860,5955.772257,Online,Travel,US,8,0.7398234787,0.9923837529,1
5260,220,43.38604352,POS,Travel,US,14,0.2366860723,0.0540595735,0
119,532,113.9179083,QR,Grocery,DE,20,0.2285277391,0.2860165423,0
5965,636,134.9343355,QR,Clothing,UK,9,0.09174857748,0.01245948139,0
7688,292,119.0775788,Online,Food,DE,6,0.2432801812,0.1919370279,0
8471,877,157.8067874,ATM,Electronics,UK,8,0.06176573455,0.1975185505,0
1177,756,197.7355599,POS,Grocery,UK,15,0.2619881758,0.1997602947,0
6459,310,81.80420879,ATM,Clothing,UK,20,0.02934100864,0.2511276629,0
3730,322,161.0711797,QR,Electronics,DE,15,0.07568092997,0.2026724704,0
5065,928,63.0524488,QR,Food,UK,13,0.008241096003,0.1684967159,0
7618,180,105.2432517,Online,Grocery,US,20,0.1007462654,0.2491021491,0
2972,606,159.5965618,QR,Electronics,US,12,0.1831354181,0.2730990389,0
8342,678,173.2333629,QR,Clothing,FR,8,0.1238903034,0.05881354892,0
2400,210,92.2979985,ATM,Grocery,UK,17,0.1916173576,0.1186519036,0
5660,593,137.6354347,ATM,Travel,FR,19,0.1204179447,0.1113871884,0
2369,471,102.8335147,POS,Grocery,UK,21,0.2000493884,0.225068234,0
5546,41,150.5531544,Online,Food,UK,20,0.1580455966,0.1490296291,0
4083,215,178.8685435,ATM,Electronics,TR,10,0.2313968261,0.01711105306,0
1024,568,56.80670168,POS,Electronics,FR,13,0.2842695586,0.2710289186,0
5322,445,99.12320457,Online,Food,FR,11,0.08613834417,0.1419275463,0
5855,838,148.0091835,POS,Electronics,TR,13,0.1433957634,0.2747704701,0
5494,516,36.08509931,QR,Food,DE,18,0.1912247572,0.06291741431,0
4875,18,29.48677359,Online,Food,US,19,0.05223263243,0.005975351285,0
7741,869,101.8091365,QR,Electronics,TR,9,0.1559969576,0.1796857286,0
6075,775,94.88826679,QR,Food,UK,16,0.1287808835,0.2922117789,0
4489,178,68.17213951,ATM,Electronics,US,18,0.01043222459,0.003547057998,0
8475,758,9.497843874,POS,Travel,UK,14,0.1910982388,0.06442295573,0
1398,712,95.48964125,Online,Electronics,US,19,0.008368397461,0.2135327538,0
7107,561,175.5676574,QR,Travel,US,21,0.1782695018,0.06569840398,0
8049,550,134.061716,Online,Clothing,US,8,0.01196873364,0.2443009673,0
969,992,40.54889704,Online,Food,TR,6,0.1625234789,0.1885178187,0
4271,549,91.48577341,ATM,Electronics,DE,19,0.2846413764,0.1088595132,0
8059,313,139.3679023,QR,Travel,UK,17,0.2792944647,0.1184844755,0
3621,329,137.156609,QR,Grocery,TR,21,0.1372513825,0.02627704623,0
5793,743,113.9489051,Online,Food,TR,12,0.0530643911,0.06966607935,0
6867,550,116.1520812,POS,Food,US,12,0.1308099223,0.1066879461,0
3197,890,112.2606087,Online,Travel,US,13,0.2351245595,0.09537760683,0
5263,306,91.37243712,Online,Clothing,FR,20,0.07835662428,0.06646748281,0
5053,893,60.1109637,ATM,Grocery,UK,13,0.0838727781,0.2806638816,0
5821,808,82.86894351,ATM,Electronics,DE,6,0.1844663876,0.03363407031,0
9381,169,93.94963984,QR,Food,UK,22,0.1598642656,0.08261333208,0
4423,127,154.6309296,ATM,Electronics,UK,22,0.08847545558,0.240820757,0
5716,998,93.68759261,QR,Travel,TR,20,0.2589015797,0.06233494904,0
1823,757,66.66856922,POS,Clothing,FR,12,0.003047994004,0.2212187776,0
2793,489,85.68086649,QR,Food,US,23,0.1371008261,0.1287385155,0
6634,909,61.48915426,ATM,Travel,FR,8,0.05875156742,0.280585313,0
9214,791,207.9317458,ATM,Food,FR,18,0.05688678082,0.06585257707,0
9148,145,127.2584731,QR,Travel,FR,15,0.2030590839,0.1345000562,0
4411,916,56.47348719,ATM,Travel,US,6,0.2398301804,0.01562388824,0
6220,206,148.5694945,QR,Travel,FR,13,0.1253991236,0.1738901737,0
4333,438,168.494163,ATM,Travel,UK,10,0.2804318312,0.2738192528,0
6945,16,189.4849495,ATM,Grocery,UK,21,0.01737640637,0.06695244204,0
2650,397,76.67842938,Online,Grocery,FR,14,0.05752727155,0.209168609,0
5654,712,70.68295993,POS,Electronics,DE,18,0.1364951027,0.1090820852,0
4710,734,109.7066076,ATM,Grocery,DE,7,0.2823606686,0.2093960532,0
4075,826,113.2659435,POS,Electronics,UK,6,0.2690201598,0.246684477,0
3111,670,87.30704614,Online,Clothing,TR,6,0.2363523072,0.0003115767188,0
4708,432,43.0877027,Online,Travel,TR,18,0.237474003,0.1286204904,0
179,293,38.15005493,ATM,Clothing,US,13,0.2595495719,0.105542296,0
7577,61,103.6680494,Online,Clothing,FR,20,0.02588779673,0.1589993205,0
4542,500,144.5191048,QR,Grocery,US,12,0.267717976,0.0449995065,0
5967,38,207.8985843,Online,Electronics,FR,16,0.009620404153,0.2038321919,0
3948,401,42.63467581,ATM,Clothing,US,22,0.2213041282,0.04331228352,0
2089,843,1,POS,Clothing,FR,11,0.2663588988,0.01731416611,0
6031,837,71.83511662,QR,Grocery,TR,18,0.05240914797,0.1491914133,0
8798,121,140.4867875,ATM,Clothing,US,11,0.1636285825,0.1582326323,0
3527,711,121.4400359,QR,Grocery,US,12,0.01329598025,0.03160701136,0
1572,481,83.15668975,POS,Electronics,UK,14,0.2695826025,0.237855326,0
5452,478,39.63102989,QR,Grocery,UK,19,0.2226742059,0.2368070637,0
6174,1,108.757722,ATM,Electronics,TR,10,0.1790409644,0.1565826354,0
9051,992,57.73754982,ATM,Clothing,FR,11,0.1877496161,0.2637761076,0
4752,874,127.7776241,POS,Food,DE,10,0.08182564018,0.1102152951,0
1878,206,61.44325164,QR,Electronics,TR,19,0.1795516978,0.06408600556,0
7435,975,94.54533959,POS,Electronics,TR,10,0.08389793917,0.03425768256,0
2085,844,114.9886118,ATM,Clothing,UK,9,0.1244454791,0.1507674684,0
8407,912,164.6618526,QR,Electronics,DE,21,0.05929467908,0.1517768673,0
9609,974,1868.153411,Online,Food,TR,22,0.9471563361,0.9217552838,1
317,53,190.8303082,Online,Travel,UK,19,0.2312824478,0.244158588,0
6422,519,119.4628461,QR,Food,DE,19,0.1923954763,0.2715108745,0
7366,5,125.2025169,QR,Clothing,UK,9,0.1162194855,0.06344034147,0
3231,600,113.7237901,POS,Clothing,DE,16,0.2071350369,0.2223359024,0
710,627,143.9226786,POS,Electronics,FR,22,0.06317798709,0.2375263338,0
8174,415,1,POS,Grocery,US,16,0.1863850727,0.06989761203,0
2332,292,56.0017824,POS,Travel,UK,7,0.2244497741,0.006945362921,0
9558,114,22.16842906,ATM,Travel,DE,6,0.9566050642,0.8868340263,1
1548,39,183.6969899,ATM,Clothing,UK,19,0.0356196578,0.2643357771,0
461,411,145.035386,POS,Clothing,DE,16,0.2861226515,0.2935513871,0
1483,823,185.7091733,ATM,Food,UK,20,0.2520607875,0.04506892272,0
8789,110,141.1030892,ATM,Travel,DE,10,0.01527964515,0.2629250805,0
7619,860,124.9265096,POS,Electronics,DE,7,0.1745396171,0.1971882542,0
1244,769,65.13581598,QR,Electronics,DE,10,0.2743764217,0.1433229884,0
2088,446,102.0059541,POS,Grocery,TR,7,0.1498334376,0.1228093029,0
6959,852,104.568388,ATM,Travel,FR,23,0.288289111,0.04443619592,0
4166,896,105.5448215,POS,Electronics,FR,10,0.09662467441,0.0637280462,0
8979,275,100.8252228,POS,Clothing,TR,16,0.2600890865,0.02482376513,0
8122,395,40.99954563,QR,Clothing,DE,22,0.2839636656,0.2095837018,0
1957,944,172.9340669,Online,Travel,TR,13,0.09747914252,0.159861975,0
7398,753,61.70479945,QR,Clothing,DE,22,0.1621377244,0.2361022056,0
8972,203,128.3739317,POS,Food,UK,12,0.2775061296,0.2628770173,0
2179,556,196.3906499,POS,Travel,FR,6,0.01761615392,0.1898787634,0
6496,25,98.4992134,POS,Grocery,FR,15,0.07724963763,0.2061489134,0
5891,51,105.9798977,ATM,Electronics,US,21,0.2451308112,0.1186506304,0
9255,90,16.92048808,QR,Food,DE,19,0.0567993592,0.0371200391,0
63,357,77.64003035,QR,Electronics,FR,9,0.07339608547,0.1727266094,0
9395,737,77.42369915,ATM,Electronics,DE,20,0.0948381324,0.132205792,0
8136,955,69.80387031,ATM,Travel,US,17,0.008065054096,0.1945222505,0
511,733,156.1519649,POS,Travel,UK,17,0.2245751109,0.1135391944,0
9775,658,10,QR,Grocery,DE,4,0.9084067439,0.7690328426,1
4135,330,88.78953641,POS,Food,US,12,0.06222979802,0.02770560487,0
1631,58,50.56313408,Online,Travel,US,23,0.1098438679,0.08241929012,0
5170,759,147.0951481,QR,Food,US,17,0.05435061557,0.02239811987,0
2683,503,188.5510575,ATM,Electronics,UK,15,0.1135566992,0.1730156866,0
8511,995,114.1225245,ATM,Grocery,US,23,0.2347940451,0.1509364304,0
6994,828,180.313019,ATM,Electronics,DE,19,0.214071716,0.277508422,0
3160,122,42.11253771,ATM,Electronics,US,23,0.1364443667,0.04769426295,0
7809,739,144.9893425,Online,Travel,UK,14,0.02188233113,0.2755710522,0
4323,696,148.244886,QR,Electronics,FR,20,0.16099265,0.06574480648,0
8903,398,1,POS,Food,FR,21,0.03482351438,0.06276076235,0
2835,261,38.05924909,POS,Travel,UK,16,0.2811936036,0.1313145287,0
1219,887,170.9459036,ATM,Food,US,7,0.05295620409,0.1168171032,0
4385,918,58.14899518,ATM,Clothing,FR,20,0.01228037618,0.07034602126,0
4370,624,107.0739671,POS,Travel,DE,6,0.05877332482,0.2460386026,0
4684,367,26.28534722,QR,Food,UK,10,0.08386114572,0.1202497012,0
1738,275,169.5166592,POS,Travel,US,17,0.1004305312,0.06695325437,0
8361,353,116.0968222,POS,Food,UK,17,0.134782639,0.2636423603,0
1287,613,101.4214132,Online,Grocery,DE,20,0.00135884747,0.131514483,0
8985,265,73.94163165,QR,Food,UK,11,0.1498712141,0.03020402252,0
2851,826,117.3026155,Online,Electronics,US,20,0.009133943101,0.2732572092,0
6758,16,65.16476164,Online,Grocery,TR,14,0.1859994547,0.02375389708,0
7225,795,124.5682569,QR,Food,FR,23,0.145207358,0.07396124446,0
767,649,177.2492398,QR,Electronics,DE,16,0.2385606856,0.05467057841,0
3704,189,49.64343141,QR,Clothing,FR,16,0.1713865749,0.1888055978,0
632,671,130.8531522,Online,Food,US,11,0.09014463354,0.033558141,0
5150,150,34.71643265,QR,Clothing,US,12,0.04209602315,0.06377751161,0
323,585,101.0864745,QR,Food,FR,9,0.01905318595,0.1716824401,0
9593,201,9647.703212,POS,Travel,NG,23,0.7330713266,0.7781734649,1
273,396,95.27908689,Online,Electronics,TR,16,0.1463961166,0.01711396856,0
7560,239,169.3595357,ATM,Grocery,FR,19,0.2876401073,0.05521353368,0
4645,270,96.07848899,Online,Electronics,FR,15,0.2226475889,0.159263679,0
5256,654,38.64354315,POS,Electronics,FR,8,0.2638140045,0.1232200291,0
6788,676,69.67991189,QR,Electronics,TR,22,4.22E-05,0.263009914,0
7612,530,104.1793683,ATM,Grocery,FR,21,0.1721074496,0.03706556251,0
7066,495,155.7625247,POS,Grocery,DE,16,0.2081481856,0.2487381696,0
7317,538,138.627091,POS,Clothing,FR,6,0.0884252,0.199195131,0
6587,672,146.5563139,POS,Electronics,US,11,0.2535670887,0.01848048745,0
9456,114,81.08036537,Online,Food,UK,20,0.04520062919,0.0402871356,0
9166,942,129.8956754,ATM,Grocery,DE,21,0.2206862096,0.129852756,0
7916,508,198.8305167,ATM,Electronics,TR,22,0.2948413403,0.0502487494,0
1319,855,54.13986599,QR,Clothing,TR,6,0.1384776814,0.2635827575,0
3820,438,16.96377524,POS,Grocery,FR,17,0.05340901752,0.09694141679,0
1462,192,137.723785,Online,Grocery,US,10,0.2916606004,0.1486446646,0
4406,816,99.28654112,QR,Electronics,FR,15,0.02192533174,0.1989973048,0
1264,138,77.54981898,ATM,Electronics,TR,19,0.291189202,0.1672207397,0
6334,870,105.9728337,Online,Clothing,US,17,0.1704412274,0.2113622516,0
1973,275,102.8675635,Online,Food,FR,11,0.2096699221,0.08296315385,0
896,543,136.514191,QR,Food,US,7,0.2908250504,0.2664478283,0
346,170,3.029729593,ATM,Electronics,FR,10,0.1647779297,0.1598970816,0
3157,662,60.99670235,POS,Electronics,FR,15,0.1835795672,0.2585162012,0
8817,611,111.326077,ATM,Travel,DE,19,0.1045690095,0.2049675428,0
7696,634,173.8265019,QR,Travel,DE,10,0.2214155949,0.1204671419,0
8029,967,24.01160586,Online,Travel,UK,22,0.2376793143,0.1275489693,0
6576,105,108.1835881,Online,Grocery,TR,7,0.1822535483,0.02648849072,0
8702,954,119.4010903,Online,Grocery,TR,9,0.206042936,0.04985274029,0
5271,803,60.45230597,POS,Clothing,FR,12,0.2081415818,0.001595462274,0
8334,741,103.7075948,ATM,Electronics,TR,22,0.05149439762,0.1913233218,0
2982,852,62.5439462,POS,Food,FR,21,0.2875045245,0.02366152918,0
6052,420,184.9572791,ATM,Grocery,US,12,0.1074757881,0.2743827722,0
6611,677,19.8441872,ATM,Travel,DE,22,0.219630013,0.09774372764,0
9189,108,98.12946759,Online,Travel,UK,20,0.1806198542,0.2634034265,0
6204,844,89.78797552,POS,Grocery,TR,6,0.2449390576,0.1371112882,0
6730,540,194.969188,POS,Clothing,FR,17,0.09384704564,0.1466015553,0
2212,155,64.9410674,ATM,Electronics,US,6,0.007399706093,0.151574137,0
1367,371,48.47971314,POS,Grocery,UK,15,0.1634521815,0.07706589465,0
2787,247,120.7108792,QR,Travel,DE,16,0.1563020734,0.1925692922,0
1243,852,180.1105694,POS,Clothing,TR,10,0.2721182784,0.1763984454,0
8556,912,77.44869407,POS,Travel,DE,14,0.1222465749,0.02669338038,0
2635,919,133.7875941,QR,Clothing,TR,18,0.1854379051,0.2315599509,0
1911,925,66.99859255,Online,Clothing,US,18,0.2775995907,0.01492311565,0
2195,919,77.93206042,Online,Travel,US,9,0.03600956209,0.08867831371,0
8480,845,188.6491926,ATM,Food,UK,13,0.2581476292,0.0499690841,0
7999,696,56.9290681,ATM,Travel,DE,20,0.2199712457,0.2800548954,0
5963,348,110.0347063,POS,Food,TR,11,0.03458306003,0.290417128,0
8046,778,108.9154978,Online,Food,US,8,0.1881924225,0.1966168267,0
2690,994,151.7180049,ATM,Food,US,16,0.2314318082,0.07130456607,0
7251,440,96.40372035,QR,Food,UK,10,0.2372207066,0.2067750657,0
6172,81,177.1769466,ATM,Grocery,US,23,0.2103429087,0.02970311908,0
5332,214,68.92632976,Online,Clothing,UK,11,0.03494445695,0.2646657785,0
7128,905,64.99335235,POS,Travel,US,13,0.2565081011,0.07652821914,0
1136,617,93.2600074,POS,Electronics,DE,10,0.06854267204,0.05491221815,0
5022,852,46.38820233,QR,Electronics,FR,16,0.157143388,0.09167932679,0
9552,407,405.1598972,Online,Travel,TR,2,0.835743409,0.9206418439,1
1106,820,86.66934934,ATM,Grocery,DE,17,0.05371095912,0.2474445769,0
7370,748,89.52061169,QR,Electronics,UK,13,0.2600383002,0.2816710893,0
7381,708,87.21043608,Online,Grocery,DE,23,0.0414507881,0.2217751977,0
9981,645,1609.086276,QR,Clothing,DE,13,0.9399524309,0.7891792766,1
8512,22,49.49567706,ATM,Food,TR,9,0.1964765004,0.2566131727,0
2744,978,172.2130023,QR,Travel,US,9,0.1529977639,0.1835496102,0
5725,893,63.36466055,POS,Grocery,UK,23,0.2403359646,0.006612763737,0
8678,623,105.510344,QR,Electronics,TR,19,0.2154709877,0.281844685,0
6926,157,34.69211498,POS,Electronics,UK,10,0.2390421357,0.09857671719,0
2529,697,226.66695,Online,Grocery,US,6,0.1216578308,0.08278628598,0
5580,968,68.21841921,POS,Grocery,DE,20,0.2382468682,0.1657682056,0
2479,241,115.3610522,Online,Travel,TR,9,0.1696303927,0.1576562815,0
7930,600,64.5936568,Online,Clothing,TR,12,0.2861312797,0.181438709,0
477,241,82.53522659,Online,Electronics,FR,20,0.0673547191,0.02856093986,0
5038,282,116.5346613,ATM,Clothing,FR,21,0.1024647187,0.1675512225,0
3480,376,40.82293146,POS,Travel,TR,11,0.247668841,0.01745029456,0
7998,202,170.6992578,POS,Clothing,FR,13,0.1650188639,0.2649404402,0
8064,286,72.11722105,ATM,Food,US,16,0.1201183124,0.0175674807,0
2372,899,49.36459917,QR,Electronics,US,21,0.2872396101,0.2214437321,0
7183,157,155.0330924,Online,Clothing,US,18,0.03113675248,0.2399137266,0
4983,753,131.6823482,POS,Grocery,TR,23,0.01281720135,0.006140179648,0
8674,652,114.4750361,POS,Electronics,TR,17,0.2400866481,0.1420819145,0
4764,301,76.97965393,ATM,Electronics,DE,13,0.1763509834,0.254389713,0
4280,600,130.4301082,POS,Food,UK,19,0.02868698569,0.08433068106,0
336,920,64.13039182,ATM,Food,FR,11,0.06944975332,0.2703359594,0
4225,501,77.76549864,Online,Grocery,FR,19,0.05870217874,0.2888410164,0
2152,610,109.1736559,ATM,Electronics,TR,23,0.2900622757,0.1600360447,0
8729,734,30.90032244,Online,Food,UK,17,0.2175960862,0.2798328686,0
5765,276,81.71623326,POS,Grocery,TR,19,0.2334488191,0.1844676527,0
2622,750,188.4895366,POS,Travel,FR,12,0.2804217568,0.02764851904,0
9687,366,3471.483867,Online,Electronics,FR,4,0.9523573818,0.7231294755,1
6226,704,40.24457199,Online,Food,US,21,0.01672486078,0.2318915164,0
2315,148,90.95833078,ATM,Food,FR,11,0.05507600247,0.1099673886,0
1410,910,31.121181,Online,Electronics,DE,10,0.1078921784,0.09257681918,0
9113,148,126.8563604,ATM,Food,FR,10,0.2034134957,0.1753932508,0
4689,340,119.6502103,ATM,Food,DE,22,0.1908837148,0.02306486635,0
8185,129,133.4790287,Online,Clothing,UK,7,0.1165123765,0.1083280167,0
8395,494,13.34931058,ATM,Grocery,DE,15,0.2094044029,0.2732452773,0
8322,547,125.9955036,ATM,Clothing,UK,17,0.04348126764,0.2919273014,0
8519,584,92.99669869,QR,Travel,DE,9,0.1863901804,0.2191112983,0
8738,661,84.21215814,ATM,Electronics,FR,23,0.2546043334,0.1203087359,0
6083,370,100.4097417,POS,Food,UK,23,0.06691977401,0.1570598592,0
9184,742,88.84779434,ATM,Grocery,US,13,0.1202346013,0.006380808532,0
6348,139,123.6886181,QR,Food,TR,23,0.1900366517,0.0696026733,0
188,939,28.2322042,Online,Grocery,DE,10,0.01296827585,0.03118877026,0
384,755,202.742731,ATM,Electronics,TR,9,0.02712406579,0.2672603179,0
5014,919,169.8505277,QR,Travel,UK,19,0.2040347688,0.2125677676,0
1803,664,81.82189777,QR,Travel,US,11,0.1449607418,0.1085510816,0
4471,277,122.7695972,POS,Electronics,UK,16,0.293363219,0.1078261203,0
711,108,49.2812522,POS,Grocery,DE,17,0.05174057948,0.01436349247,0
8686,2,133.2043114,Online,Food,TR,11,0.01604980628,0.2810768473,0
7908,877,109.1797362,POS,Grocery,DE,16,0.2618272725,0.0533477061,0
8874,836,151.3643085,POS,Travel,UK,8,0.05746926852,0.04603259829,0
3751,369,47.67923819,POS,Food,DE,20,0.04771083116,0.003657610423,0
8719,557,72.84817525,QR,Electronics,TR,8,0.002826542338,0.1929553168,0
539,831,71.21111225,POS,Food,US,15,0.0806220523,0.115826538,0
6961,858,140.5268057,QR,Travel,US,21,0.2725122092,0.007631035879,0
2463,111,136.8039378,POS,Grocery,UK,16,0.2259468972,0.22998859,0
9651,55,612.3054426,POS,Clothing,DE,13,0.8240699475,0.7904497372,1
4232,270,91.40121282,QR,Electronics,US,7,0.2271631125,0.2216914267,0
8323,559,49.01773321,POS,Clothing,UK,8,0.02457451405,0.2793069194,0
8909,73,123.380814,Online,Clothing,DE,22,0.2766060982,0.04418586692,0
1990,55,122.6048644,Online,Travel,DE,19,0.2772950415,0.06760865162,0
3416,621,46.69808186,Online,Clothing,FR,12,0.0753616049,0.2376914492,0
9466,921,92.11387775,ATM,Grocery,UK,13,0.2884391272,0.1707310861,0
6472,977,84.92892554,ATM,Clothing,FR,6,0.04715949832,0.03031261548,0
4564,703,89.48477525,ATM,Electronics,US,23,0.2715457687,0.1199881931,0
2430,245,92.4873988,QR,Food,US,13,0.2687005097,0.08991001406,0
3511,529,111.2475422,ATM,Grocery,DE,6,0.09472304821,0.005856615124,0
7069,989,140.646155,Online,Food,US,21,0.1161450162,0.2956418033,0
9107,252,172.3535151,POS,Travel,UK,6,0.03965565607,0.1576108485,0
9198,824,148.6064066,QR,Travel,TR,23,0.1489023749,0.128050699,0
4999,293,98.85170498,QR,Electronics,DE,20,0.07303175729,0.1389638021,0
3430,86,66.90317956,POS,Travel,US,22,0.1989728273,0.1528258482,0
3739,428,34.78465382,Online,Electronics,US,23,0.07580797396,0.171039437,0
2207,698,1,ATM,Travel,FR,23,0.07110468871,0.1393788331,0
4069,885,51.60672866,POS,Clothing,US,19,0.1777904846,0.1357354119,0
4540,437,77.74713281,POS,Grocery,DE,23,0.2586031561,0.03492791587,0
2955,849,1,QR,Grocery,US,23,0.0731217546,0.1724434518,0
9346,448,43.56518332,ATM,Travel,UK,21,0.2541082231,0.08063003424,0
1414,583,11.4877912,POS,Travel,DE,20,0.2108316894,0.2486224177,0
207,140,85.42552894,QR,Travel,UK,11,0.2937159493,0.2756686961,0
1325,566,115.8823185,POS,Travel,US,17,0.01631162202,0.290731707,0
6966,221,64.97979077,POS,Electronics,DE,14,0.2220744333,0.2928599169,0
6781,961,107.11126,ATM,Food,FR,19,0.1362081142,0.2075346417,0
6123,224,62.79800795,ATM,Clothing,TR,19,0.2628119039,0.2326124087,0
8024,599,1,QR,Food,FR,16,0.1501313797,0.2549720841,0
8811,922,201.7944322,POS,Electronics,FR,14,0.1162513398,0.2626287673,0
8455,165,42.07154212,Online,Electronics,UK,20,0.1793999467,0.1479049618,0
2460,69,105.4199124,QR,Travel,UK,14,0.1459605315,0.1216582273,0
5222,836,181.1971744,POS,Food,DE,8,0.1683954097,0.1882543376,0
8536,95,134.3773857,QR,Food,FR,13,0.1573593202,0.2417972256,0
7967,900,187.8637109,QR,Clothing,US,13,0.05819574274,0.163921421,0
6787,173,120.2832229,Online,Travel,FR,17,0.08504927097,0.2043354297,0
3643,146,62.43057487,QR,Clothing,UK,6,0.193777154,0.01607469984,0
3879,659,38.57546618,Online,Electronics,DE,23,0.2538253323,0.2454908618,0
6620,784,128.1686521,Online,Travel,US,23,0.08604798167,0.1412904741,0
635,326,93.03656467,ATM,Grocery,FR,20,0.1610437553,0.2523023363,0
618,450,51.28547196,ATM,Grocery,TR,16,0.1502424599,0.02104010986,0
4884,442,83.6190667,QR,Electronics,US,6,0.2955500219,0.2478774407,0
409,58,164.2218526,QR,Clothing,FR,6,0.2795355122,0.1962864816,0
2461,624,36.8737703,Online,Grocery,TR,9,0.06706446241,0.0788459509,0
6814,37,1,POS,Grocery,TR,22,0.2575834263,0.08506328627,0
257,539,107.0652562,QR,Food,UK,8,0.2886757687,0.1736002502,0
1682,436,81.98615766,POS,Clothing,UK,16,0.1614438732,0.2655848793,0
2643,354,129.951979,QR,Grocery,DE,7,0.243813978,0.2094751637,0
4887,142,44.3156689,ATM,Electronics,UK,17,0.1502628888,0.176249886,0
7080,625,63.9463701,QR,Grocery,DE,6,0.1899725069,0.0671082781,0
7421,218,90.91103836,ATM,Grocery,FR,6,0.002130597161,0.2640339446,0
4010,767,39.87581507,Online,Travel,US,10,0.009892988015,0.1007904399,0
4619,626,69.35052555,QR,Clothing,TR,7,0.2525569554,0.1934133026,0
2904,460,148.0903236,ATM,Electronics,US,10,0.2472556448,0.1344919025,0
8389,98,111.8092078,POS,Electronics,UK,21,0.2514257326,0.01595355513,0
3032,771,169.6047622,ATM,Electronics,UK,10,0.2963853382,0.08478824121,0
7825,988,59.78249211,ATM,Grocery,US,7,0.185005013,0.09409371065,0
5135,667,110.498964,POS,Travel,US,19,0.08149119384,0.2492349409,0
7200,974,84.77595913,QR,Electronics,FR,11,0.08095644747,0.1387592873,0
3235,723,72.92170617,QR,Clothing,FR,12,0.05684987848,0.1314941902,0
9126,924,49.79795695,Online,Clothing,TR,17,0.1527476317,0.2023389188,0
4365,598,1,POS,Travel,TR,14,0.1435931924,0.1135158192,0
8914,987,130.7399205,Online,Travel,FR,9,0.2433075176,0.1513064393,0
7940,148,158.0249245,POS,Electronics,DE,16,0.1994195629,0.04329846628,0
6639,454,78.54616745,ATM,Electronics,FR,19,0.2601487436,0.2763870108,0
7639,974,188.6667529,ATM,Travel,US,13,0.2800048495,0.09376368725,0
5155,543,104.9778799,QR,Travel,TR,10,0.04355739306,0.2912932246,0
287,620,44.94834571,QR,Food,UK,11,0.05818300946,0.2956438599,0
1103,153,202.112892,Online,Clothing,US,15,0.25002463,0.2669099564,0
2016,959,50.00523539,Online,Electronics,US,23,0.1123086592,0.2188297683,0
6351,269,187.8953345,POS,Grocery,TR,18,0.1455569426,0.207889092,0
2438,851,158.5130416,QR,Food,DE,15,0.1137725391,0.02408202025,0
2457,888,60.22876041,Online,Clothing,US,18,0.202433117,0.2841478982,0
7824,670,138.5133264,Online,Grocery,UK,7,0.298651464,0.2794474755,0
7579,678,42.33611733,POS,Food,FR,8,0.05468358058,0.02715476194,0
6698,23,122.4488072,Online,Electronics,TR,21,0.1610282322,0.2600241635,0
1471,206,96.67192257,ATM,Travel,US,22,0.1992870466,0.2209426896,0
6705,173,134.4634835,ATM,Grocery,US,13,0.1687279362,0.1137621717,0
5383,854,198.0814737,POS,Grocery,TR,14,0.0458067922,0.201418688,0
4183,229,76.75956099,POS,Travel,UK,18,0.01664569232,0.1395129218,0
9073,734,1,Online,Grocery,FR,6,0.02390381156,0.07602248245,0
2942,742,162.5625298,POS,Food,DE,13,0.05488751097,0.1777616415,0
9618,174,22.16842906,ATM,Travel,US,20,0.8593366637,0.8216252891,1
5655,493,59.22115728,Online,Travel,TR,20,0.1962623285,0.07613761508,0
9523,906,10,POS,Food,NG,7,0.9082231256,0.9266852148,1
7215,918,153.1327817,QR,Grocery,TR,11,0.2812374377,0.07376505487,0
8642,844,47.59248501,Online,Food,DE,9,0.03532762074,0.07582355682,0
9213,859,37.42376229,QR,Clothing,US,6,0.2806519736,0.05556051444,0
248,722,54.60271432,QR,Grocery,FR,14,0.1768666318,0.2926307605,0
8206,556,96.79717827,QR,Food,UK,7,0.2859140259,0.06339418011,0
7565,652,113.9544843,POS,Clothing,UK,13,0.2908119714,0.1812114935,0
6028,84,186.5879192,POS,Grocery,TR,8,0.2742760261,0.05987380463,0
4657,100,39.89158164,QR,Travel,US,11,0.2351460835,0.102312092,0
4695,585,107.6159897,POS,Electronics,UK,17,0.2891895039,0.140957447,0
1293,859,44.60735902,POS,Travel,TR,14,0.1650593968,0.1897927359,0
2977,477,48.75252344,QR,Electronics,DE,10,0.1766730582,0.1784253931,0
8218,722,66.59177046,QR,Electronics,TR,10,0.09551663639,0.01150351466,0
1528,824,78.89640575,Online,Food,UK,20,0.2863204263,0.1061670123,0
83,374,98.23049609,Online,Travel,FR,22,0.2694184714,0.1735057046,0
4037,831,143.2336465,POS,Travel,TR,9,0.2509862573,0.03099526991,0
8748,132,156.2399988,QR,Grocery,US,7,0.2001874658,0.2699247916,0
5645,161,149.5442561,QR,Travel,US,18,0.06054199781,0.2943718585,0
2064,370,19.3845132,ATM,Electronics,DE,13,0.2179617151,0.2113162279,0
2856,262,47.16071834,POS,Food,TR,11,0.2848177857,0.1689199974,0
3940,41,1,QR,Clothing,US,13,0.2670018156,0.1678520989,0
801,184,194.0401759,QR,Travel,UK,16,0.1180766036,0.1023568148,0
6915,800,119.6218852,ATM,Travel,TR,6,0.148571963,0.2626080924,0
9570,341,179.3756382,Online,Grocery,NG,3,0.8244375708,0.8597844771,1
4018,297,98.07920953,POS,Food,US,15,0.09863100372,0.2421310287,0
3818,839,171.0847942,ATM,Clothing,TR,9,0.09133038509,0.124052553,0
177,95,38.84305928,ATM,Food,DE,17,0.2281588608,0.2371614568,0
5876,90,113.7406731,ATM,Clothing,UK,19,0.2466493732,0.1933239778,0
9159,818,115.9660943,ATM,Food,FR,16,0.09736136309,0.2625184043,0
2511,107,101.2127277,ATM,Food,UK,12,0.08198570131,0.2400489626,0
3656,854,89.43543211,ATM,Grocery,UK,21,0.1559169746,0.02060233187,0
100,450,80.07465411,QR,Grocery,TR,21,0.2922050841,0.0006726523144,0
6264,799,102.9769968,ATM,Food,TR,14,0.07959340998,0.08948770086,0
9828,257,3293.153106,ATM,Food,DE,4,0.9227749902,0.8499861215,1
7567,298,143.8555063,ATM,Grocery,FR,10,0.02880952071,0.2690292283,0
4221,627,153.6425745,QR,Travel,FR,22,0.2321781139,0.04084251402,0
7070,598,85.90177558,QR,Travel,US,6,0.2324161505,0.2983635224,0
8436,543,74.95297314,Online,Food,US,7,0.2878437814,0.1685760053,0
6933,662,92.50182994,ATM,Clothing,UK,13,0.2312779295,0.2630819491,0
6076,608,51.47917102,POS,Food,FR,18,0.02085447568,0.1606848128,0
4065,697,67.39889984,POS,Food,TR,9,0.0325952526,0.1616696751,0
5358,538,121.217972,QR,Clothing,US,23,0.01560588419,0.1576713875,0
332,867,164.5274113,QR,Clothing,TR,22,0.01472316074,0.1644324194,0
8676,762,86.35583486,ATM,Travel,US,15,0.1986209313,0.141339586,0
6857,215,143.4912841,POS,Clothing,DE,10,0.292594152,0.1792299662,0
2169,286,109.27455,ATM,Grocery,US,10,0.2752929424,0.21105726,0
7315,334,110.1190614,POS,Electronics,UK,12,0.05322456163,0.2634223963,0
8661,712,91.25263195,QR,Electronics,DE,10,0.02049857891,0.2800147544,0
8309,286,131.5046579,POS,Electronics,US,11,0.06437098237,0.004004786551,0
13,193,86.01423553,ATM,Grocery,DE,20,0.05698355949,0.1254995994,0
7055,85,47.1828264,QR,Grocery,DE,14,0.04735435743,0.2266909328,0
3341,866,44.24387837,ATM,Electronics,US,6,0.2839808478,0.06782083867,0
2404,194,208.3622987,ATM,Clothing,TR,15,0.1600318122,0.2807651337,0
7308,883,170.0277193,POS,Travel,US,23,0.1423317293,0.12806023,0
420,78,132.9477067,QR,Grocery,TR,11,0.2284376959,0.2896098551,0
9106,855,60.11673155,POS,Clothing,TR,16,0.06548930891,0.1105830398,0
9367,560,151.5164366,POS,Food,DE,18,0.2684831153,0.2817372964,0
2610,248,79.98593644,QR,Food,US,12,0.02450207623,0.2255092687,0
9843,462,837.7068522,Online,Electronics,FR,17,0.9524849564,0.8934343291,1
7845,592,1,ATM,Electronics,US,16,0.0484005121,0.2620294188,0
8513,46,108.0592461,QR,Clothing,UK,21,0.1699427891,0.1412562266,0
5174,923,1,ATM,Food,US,9,0.1299204131,0.02447650305,0
5518,54,115.2761983,ATM,Travel,UK,17,0.2270160486,0.08293588464,0
8350,187,129.0481147,Online,Travel,FR,9,0.06175171008,0.2320053768,0
3806,293,136.7374298,Online,Food,TR,9,0.0102965162,0.1655196833,0
2128,190,56.97267137,ATM,Travel,FR,17,0.1346549668,0.2693795995,0
4526,658,105.9229774,Online,Travel,DE,11,0.1634890641,0.2753979183,0
9344,901,69.63947785,ATM,Food,DE,19,0.04258009451,0.009265467049,0
4787,70,77.38645804,POS,Clothing,US,16,0.04430587979,0.202832077,0
1241,567,74.63922262,POS,Grocery,TR,23,0.2463152557,0.2077131049,0
341,779,132.063951,POS,Travel,DE,14,0.1979463733,0.01213504956,0
7600,361,36.06816477,QR,Electronics,UK,17,0.006976541028,0.2106200441,0
790,342,145.9015734,Online,Food,FR,12,0.128961193,0.242246921,0
4873,479,1,ATM,Grocery,US,9,0.1362800835,0.1762036663,0
4928,656,92.28179636,QR,Food,US,9,0.2105356055,0.2650970613,0
4265,966,1,POS,Travel,DE,23,0.000859819811,0.1547031989,0
3147,439,148.6355196,QR,Travel,US,13,0.2704916781,0.09336252533,0
6582,132,144.7998605,Online,Clothing,TR,18,0.1764230777,0.2471415455,0
436,142,137.947216,POS,Clothing,UK,7,0.2503903266,0.075116296,0
5840,729,34.48980792,QR,Food,DE,10,0.04622121399,0.1386442675,0
9785,350,1208.176119,POS,Grocery,TR,4,0.845621283,0.8255038833,1
9793,298,3238.281078,POS,Travel,US,4,0.9145567474,0.7946951835,1
1234,955,83.39576267,QR,Clothing,DE,14,0.2369941614,0.1506096877,0
4062,374,136.1986372,ATM,Food,TR,20,0.2727975116,0.2633972593,0
847,728,20.56559348,ATM,Electronics,UK,23,0.2532547423,0.2652596976,0
294,775,41.3377155,POS,Clothing,US,21,0.07770887298,0.2381195487,0
4911,892,140.1315351,ATM,Grocery,US,20,0.1417477205,0.01606614281,0
4307,389,117.0960805,QR,Electronics,UK,8,0.09516450838,0.2270335201,0
2355,354,115.4182156,POS,Electronics,US,9,0.1327061165,0.1431407845,0
3153,147,48.79086798,ATM,Food,UK,6,0.1271487622,0.1424684355,0
6456,742,109.1973201,QR,Food,TR,13,0.2774975662,0.1923459292,0
633,600,15.90598225,Online,Grocery,FR,15,0.2279848854,0.2731900188,0
8209,104,67.6562049,ATM,Travel,FR,19,0.02183599812,0.2452514564,0
8635,840,105.6385373,ATM,Clothing,US,14,0.1980003382,0.04035804304,0
4123,517,84.4006758,QR,Electronics,DE,13,0.2360914182,0.2962548197,0
2576,238,96.6347165,ATM,Electronics,US,6,0.06497804378,0.2156983765,0
9385,138,122.5521817,POS,Travel,FR,7,0.2514403464,0.01876807784,0
2797,374,94.55467524,ATM,Clothing,DE,21,0.1687114678,0.06274895453,0
3679,207,86.57737194,QR,Electronics,DE,7,0.2473143611,0.2547709245,0
9866,269,22.16842906,POS,Food,DE,12,0.8117064073,0.9612531831,1
471,699,88.56007461,ATM,Clothing,FR,15,0.01637653878,0.02138232896,0
5432,443,14.01862407,Online,Electronics,UK,23,0.01001695345,0.01336184314,0
4450,125,73.2736205,ATM,Electronics,US,6,0.2343501226,0.1330128122,0
6479,329,103.4066278,Online,Travel,TR,15,0.09627173686,0.2010022044,0
9095,946,28.11987319,Online,Electronics,DE,7,0.2638609286,0.2967235691,0
7023,796,168.7062696,ATM,Grocery,TR,13,0.05140044065,0.1679349037,0
8256,588,234.4007145,Online,Food,TR,8,0.2930833586,0.2885074428,0
9402,912,128.9404555,QR,Grocery,US,7,0.07314283076,0.149653524,0
5931,180,143.7918664,Online,Clothing,US,16,0.02416692699,0.258604493,0
9029,838,93.49074058,ATM,Clothing,UK,11,0.1648275,0.02276141129,0
77,122,178.607774,ATM,Food,US,23,0.2435328727,0.009796760975,0
4438,981,86.39228112,POS,Travel,US,6,0.1553047491,0.2849099008,0
4315,527,128.7421163,QR,Grocery,UK,21,0.03310113348,0.2816511745,0
4630,573,101.864704,Online,Grocery,US,17,0.1974522016,0.05364454652,0
2095,760,138.3795038,ATM,Grocery,US,9,0.2605681731,0.2761729179,0
3,682,112.9978997,Online,Food,TR,12,0.07483208373,0.1997849679,0
1981,484,90.42214208,QR,Electronics,TR,6,0.2038965883,0.2486514252,0
7771,943,75.23176866,POS,Clothing,DE,11,0.08693991629,0.09486795614,0
2943,914,168.8167079,QR,Grocery,DE,10,0.02976070706,0.2147672719,0
765,356,1,ATM,Grocery,US,6,0.06358575186,0.2397222997,0
3770,556,63.72861284,POS,Grocery,FR,12,0.2427068391,0.2180475229,0
7303,40,195.782101,POS,Clothing,FR,22,0.2493877792,0.1403057962,0
8839,355,133.006579,ATM,Travel,UK,8,0.2437703829,0.06029980187,0
5721,485,4.565614361,POS,Travel,FR,14,0.1033370358,0.04066702127,0
4958,446,80.47625015,Online,Electronics,FR,21,0.2794271208,0.1013666838,0
1955,630,28.92676564,QR,Clothing,US,22,0.1261751189,0.1667021509,0
1079,413,142.2695692,ATM,Electronics,DE,8,0.08895066515,0.001697582964,0
5081,308,130.2548916,QR,Clothing,TR,17,0.009925039985,0.2508846096,0
1847,570,1,POS,Electronics,TR,16,0.1011027004,0.06398756655,0
4084,360,62.07511732,Online,Food,US,14,0.2811118119,0.02813423622,0
2142,607,64.41692307,POS,Electronics,UK,23,0.2144658365,0.2594248816,0
2038,237,129.4751525,QR,Clothing,US,17,0.122288393,0.2237707491,0
2954,49,44.14952189,Online,Food,US,11,0.04352314164,0.08058263843,0
4718,619,163.6270316,Online,Electronics,UK,8,0.1461390077,0.1397893308,0
1595,703,55.93426688,QR,Travel,TR,19,0.04073201981,0.07318154507,0
7935,160,172.9769087,Online,Electronics,UK,19,0.04519396936,0.1312483383,0
7752,871,119.3890605,ATM,Food,FR,23,0.198454875,0.2573653707,0
1547,831,99.1363381,POS,Grocery,DE,11,0.05214401133,0.1280385674,0
8008,215,207.6243066,Online,Electronics,DE,16,0.0938809035,0.2519471951,0
4441,950,106.7257836,QR,Clothing,DE,13,0.2660601255,0.2185761036,0
2656,807,149.9058244,QR,Food,FR,17,0.2428709944,0.06985468189,0
4461,758,174.4545508,Online,Clothing,TR,7,0.167017627,0.2215637897,0
2775,124,225.2632623,POS,Food,DE,15,0.01660093945,0.2123545845,0
2608,387,78.29838681,ATM,Grocery,FR,13,0.2989058504,0.2414960643,0
1125,6,111.5328963,Online,Food,FR,14,0.2443960054,0.261477213,0
7212,999,89.09402697,POS,Food,DE,23,0.04506027374,0.2555331794,0
9707,134,2980.026934,QR,Clothing,US,2,0.8906650773,0.8111179784,1
8949,296,160.9628995,QR,Electronics,DE,11,0.2304003134,0.1049567145,0
913,758,103.1770025,QR,Electronics,DE,17,0.1525110145,0.1158466856,0
9354,658,84.741885,POS,Electronics,US,13,0.1119056615,0.2008184565,0
7120,934,109.7324002,ATM,Electronics,TR,17,0.2395620039,0.246384884,0
4944,131,114.4082754,Online,Food,FR,13,0.02359826718,0.1244190778,0
2130,119,66.78088543,QR,Electronics,DE,13,0.03801004742,0.2987303791,0
9767,491,123.2100829,ATM,Food,NG,20,0.8178814344,0.8404113147,1
8934,671,94.46754258,ATM,Travel,UK,20,0.09391525288,0.2442292747,0
8055,800,149.2367343,QR,Travel,UK,20,0.1952797363,0.1315334114,0
86,379,90.81333626,QR,Clothing,DE,7,0.054838841,0.05048426621,0
4602,269,159.0500266,QR,Travel,UK,19,0.03669245654,0.1748517485,0
2330,549,58.65097002,ATM,Travel,DE,22,0.1919377895,0.02201803919,0
4172,34,98.16986687,Online,Grocery,DE,6,0.2989886978,0.1486076267,0
7705,22,118.2785777,QR,Electronics,TR,10,0.05407625679,0.2107994895,0
7642,633,74.16614465,QR,Electronics,US,19,0.2825162879,0.08833460064,0
4721,78,106.6429341,ATM,Grocery,US,16,0.1552963741,0.2124576564,0
1794,572,87.50984228,POS,Food,DE,21,0.2707993474,0.1914740334,0
1639,715,165.3030731,POS,Travel,DE,21,0.1300499656,0.09168514314,0
3228,836,154.3154377,QR,Electronics,TR,20,0.1462258687,0.1281600597,0
8799,40,102.9377694,Online,Food,FR,15,0.1132335874,0.2431404656,0
9315,916,55.04884431,POS,Electronics,TR,22,0.1771585276,0.1885337348,0
6843,696,163.1045248,QR,Electronics,UK,17,0.01973815867,0.03090163219,0
4702,100,18.29420741,QR,Grocery,UK,16,0.2694666504,0.2142551582,0
1008,590,184.616486,ATM,Food,DE,18,0.2177002199,0.003197449439,0
3941,914,139.0733707,POS,Travel,TR,12,0.02790585683,0.2033251317,0
1833,188,55.60721463,Online,Grocery,US,23,0.1467815475,0.1447561177,0
2948,334,180.0281254,Online,Grocery,DE,12,0.2648855274,0.08948791874,0
307,64,38.37119727,ATM,Food,US,15,0.2398512896,0.03308871062,0
8958,350,83.95124153,Online,Travel,FR,12,0.2586642793,0.1478889223,0
5334,560,85.74057766,POS,Grocery,TR,10,0.2218378852,0.006927154615,0
3573,928,74.37099481,POS,Travel,TR,12,0.2817734704,0.03031366385,0
2522,437,136.1791143,POS,Grocery,UK,20,0.08852302053,0.05598871398,0
6112,424,88.72784363,POS,Clothing,US,14,0.1706724397,0.2509618912,0
337,386,82.77067321,QR,Electronics,FR,12,0.1056524093,0.1463439027,0
7535,283,111.7318998,ATM,Travel,FR,13,0.2105481197,0.2216440847,0
4621,681,23.48929271,QR,Food,US,17,0.2219278263,0.1175269327,0
8844,651,93.27424361,POS,Electronics,UK,17,0.1266671885,0.2579902636,0
8217,645,107.0852358,ATM,Food,FR,19,0.2058632621,0.1148550782,0
5997,670,88.21732997,ATM,Electronics,FR,10,0.06296132555,0.1631546021,0
2949,440,80.26087954,QR,Grocery,TR,7,0.1405673093,0.01762805845,0
1737,26,74.13185054,Online,Clothing,DE,15,0.05440731417,0.1705558083,0
3318,779,84.82561203,Online,Food,TR,21,0.0783484694,0.059185025,0
1843,939,105.3874067,QR,Grocery,UK,9,0.1378996013,0.1480090976,0
5879,165,61.06550184,QR,Electronics,FR,15,0.266154924,0.1070592406,0
4099,466,87.25501923,Online,Clothing,UK,18,0.03705009614,0.2523691797,0
4257,78,88.91073995,ATM,Travel,UK,14,0.1415926524,0.06925939854,0
3263,7,141.7629784,QR,Grocery,US,21,0.2463277255,0.2018405095,0
6115,847,86.88382019,Online,Grocery,FR,6,0.1801087131,0.1657253458,0
6927,786,106.4682169,QR,Food,US,9,0.1603426371,0.06584567698,0
2905,617,141.0490967,Online,Travel,UK,19,0.01573961787,0.03382330822,0
6423,811,121.8254566,ATM,Electronics,FR,20,0.113831314,0.2240804363,0
7150,100,167.0333115,POS,Food,TR,23,0.07263368764,0.009922816939,0
325,524,157.9798145,POS,Electronics,UK,11,0.08997254685,0.02424882285,0
3421,506,156.1588473,POS,Grocery,TR,13,0.285268532,0.174233713,0
7951,386,57.50641643,ATM,Grocery,US,15,0.2467982271,0.2106400245,0
7676,220,117.271191,ATM,Electronics,FR,18,0.05036875074,0.2370317811,0
7057,925,152.4203316,Online,Clothing,TR,12,0.1411601554,0.1400575331,0
6561,168,85.64350719,POS,Travel,DE,18,0.08380421214,0.1236759399,0
594,73,124.6758018,ATM,Travel,FR,17,0.03582592938,0.004624552234,0
7855,961,75.23483787,Online,Clothing,TR,17,0.06769551141,0.09298655243,0
5086,138,151.649804,ATM,Clothing,DE,17,0.0750994428,0.08901785359,0
1482,631,91.29296414,POS,Grocery,TR,20,0.1830221879,0.08581023349,0
4463,272,106.0630331,POS,Food,TR,20,0.2960695043,0.13338845,0
5937,858,157.2733493,Online,Electronics,FR,21,0.200844852,0.2951499227,0
3834,938,172.6834087,ATM,Clothing,DE,21,0.09276090343,0.1558587401,0
2113,978,41.06653819,Online,Food,FR,16,0.07324253613,0.1236251901,0
3293,51,155.8790366,QR,Food,DE,6,0.1968734587,0.001199021768,0
4340,326,132.167509,POS,Travel,FR,16,0.2611217681,0.2726120048,0
2556,677,70.52763407,ATM,Grocery,FR,6,0.2699506401,0.06084796186,0
9283,138,81.03770461,ATM,Grocery,DE,16,0.1327338262,0.1367923667,0
7036,501,121.1975834,ATM,Travel,UK,17,0.02368335861,0.2786162808,0
8146,705,97.68992644,POS,Food,US,19,0.1894783881,0.03855097319,0
2384,653,35.16336513,QR,Clothing,UK,15,0.1144031873,0.1718284096,0
531,581,141.1116091,POS,Food,DE,9,0.1463445855,0.205541648,0
606,763,1,Online,Travel,TR,18,0.1677336015,0.1174797146,0
5410,6,67.31227537,ATM,Food,DE,18,0.2220293107,0.1977239501,0
6167,325,107.466692,POS,Clothing,TR,21,0.1327172961,0.1600573992,0
5616,724,117.5435267,POS,Electronics,FR,19,0.01971016836,0.037630934,0
7325,212,21.59696203,POS,Food,US,17,0.2135306048,0.05904288928,0
8220,637,117.4440916,QR,Grocery,UK,22,0.06918099189,0.1422136126,0
5759,991,154.8335444,QR,Electronics,DE,7,0.02026938075,0.1011137751,0
6998,965,106.1954123,ATM,Food,FR,14,0.07026646201,0.1199297379,0
3530,18,98.46719473,Online,Electronics,FR,21,0.138954213,0.2312113212,0
1053,207,101.5337588,ATM,Grocery,FR,22,0.1056680888,0.004546444237,0
4627,552,50.27203768,ATM,Electronics,UK,19,0.1929046584,0.1835875184,0
3762,146,91.91428419,Online,Travel,US,22,0.2593753699,0.1904383506,0
3553,160,122.3946429,Online,Electronics,TR,11,0.09571750699,0.06854128674,0
7196,869,84.37238455,Online,Electronics,FR,6,0.07004166726,0.1824851253,0
2968,588,145.0842561,POS,Travel,DE,18,0.22513207,0.02637806321,0
3712,318,98.9299251,QR,Travel,US,9,0.2637456923,0.1545382236,0
2285,614,70.78524852,ATM,Travel,TR,17,0.1914099504,0.07865113421,0
745,952,111.0183774,POS,Clothing,UK,23,0.0891689519,0.1231723707,0
7864,614,1,Online,Clothing,UK,16,0.1471498107,0.2828075928,0
43,900,37.07925847,ATM,Electronics,UK,13,0.216724923,0.08109929568,0
6942,927,100.2918416,ATM,Clothing,TR,10,0.1173535566,0.15321047,0
4219,891,77.48882235,QR,Travel,UK,14,0.183741547,0.01344871076,0
4066,98,97.05267332,QR,Grocery,UK,10,0.2054504621,0.2975775155,0
8318,756,56.23639507,Online,Grocery,TR,10,0.2405334143,0.1197286867,0
6146,872,32.5174985,Online,Food,DE,12,0.1817088352,0.0005551038294,0
4184,966,124.0585779,QR,Travel,FR,9,0.09342095959,0.07904912251,0
3194,854,65.46957293,ATM,Food,US,11,0.1277114196,0.17926787,0
8584,711,210.9080453,POS,Travel,US,8,0.04417364474,0.2104608764,0
424,217,119.6557328,Online,Grocery,US,20,0.2864512657,0.1749992908,0
3314,210,144.4776816,Online,Clothing,TR,6,0.2001245803,0.04499866625,0
8960,649,78.26284684,POS,Food,FR,12,0.2066863342,0.274822528,0
109,732,19.24840639,POS,Food,TR,10,0.1668233212,0.01119568588,0
4480,113,37.03143625,ATM,Travel,UK,22,0.09518566086,0.2401315791,0
4796,537,104.5291962,POS,Food,UK,8,0.2686158494,0.1804450851,0
6330,58,86.38101885,QR,Food,UK,14,0.2717582547,0.1465122887,0
867,312,75.5079029,Online,Food,DE,13,0.2362285013,0.1554633903,0
1824,112,105.4391682,Online,Grocery,DE,14,0.2353069637,0.05501878173,0
7064,798,70.68988907,Online,Grocery,TR,19,0.09756122542,0.2737671105,0
8895,942,149.8408145,POS,Food,US,13,0.02260402327,0.2266765793,0
5960,146,44.12724956,ATM,Grocery,TR,21,0.1472961454,0.1406311452,0
3984,142,107.7827099,POS,Travel,DE,17,0.296806051,0.0127715213,0
6014,969,41.23599417,ATM,Grocery,US,8,0.2832006987,0.0521780586,0
8630,204,77.86142217,Online,Electronics,TR,8,0.07813977062,0.003639615712,0
1439,204,82.36575505,ATM,Travel,TR,21,0.07302267743,0.02213813331,0
740,535,1,ATM,Electronics,UK,13,0.08448591384,0.2493468896,0
4616,208,120.5415982,QR,Food,DE,20,0.06360504666,0.2053659527,0
4920,363,96.41355091,QR,Food,UK,16,0.09189289483,0.105680584,0
6556,945,125.608556,POS,Food,UK,19,0.1410513441,0.02906885148,0
4190,297,104.5869938,QR,Grocery,TR,11,0.2817005447,0.04340794103,0
7948,731,62.52687683,Online,Travel,UK,16,0.1950791824,0.119453051,0
4125,913,50.71259627,Online,Grocery,US,19,0.1132206996,0.03535714111,0
6976,802,145.3069459,POS,Clothing,DE,22,0.1660322204,0.1494788605,0
5683,67,106.2904977,POS,Grocery,DE,16,0.1691781556,0.2091199412,0
7210,362,165.0453227,Online,Electronics,US,14,0.2895078561,0.07813987359,0
941,457,75.23519646,POS,Clothing,FR,23,0.1434345546,0.235300987,0
6431,648,98.47105376,POS,Clothing,FR,15,0.07327610922,0.002242590887,0
4159,111,26.47646531,POS,Grocery,TR,14,0.03266086401,0.2405267058,0
6650,520,79.80505446,Online,Travel,DE,16,0.02505630835,0.2505896401,0
9530,630,10,POS,Clothing,UK,18,0.9192311586,0.8609567565,1
9017,919,99.12513272,ATM,Electronics,FR,15,0.1937710914,0.02814413772,0
4607,9,109.6732685,QR,Food,DE,18,0.2294990588,0.08201107485,0
888,182,42.01896942,ATM,Travel,UK,23,0.09876229631,0.08675059001,0
3051,655,30.69757297,ATM,Electronics,UK,16,0.1767617526,0.09430522469,0
5333,897,205.6259645,ATM,Electronics,UK,6,0.1597051032,0.1669521215,0
2474,871,200.0053846,QR,Grocery,UK,16,0.04778193909,0.07976455478,0
5575,669,81.3042927,POS,Clothing,UK,18,0.279968305,0.1410873544,0
8778,794,125.9457521,POS,Electronics,FR,17,0.1479106406,0.08110012935,0
504,445,28.69431414,ATM,Grocery,UK,18,0.1764507204,0.08922911848,0
9865,543,10,Online,Electronics,NG,8,0.8517498362,0.7516099443,1
1552,643,62.81419574,ATM,Clothing,DE,19,0.0005593237721,0.2876902262,0
6778,68,117.3880324,POS,Travel,US,21,0.2718883428,0.1992146759,0
9186,481,134.9487909,Online,Travel,TR,15,0.1452313377,0.09511241973,0
5030,951,171.3418071,POS,Clothing,TR,19,0.1646645123,0.01442525324,0
1716,55,18.86257973,Online,Grocery,DE,8,0.1532081756,0.003382166504,0
1481,72,143.4337636,POS,Electronics,TR,23,0.003948911343,0.01065886976,0
115,232,66.09237694,ATM,Electronics,FR,10,0.05367537385,0.1030767962,0
2496,236,172.4205835,QR,Grocery,UK,18,0.1751446925,0.2615915217,0
9162,549,142.4248034,ATM,Electronics,US,7,0.1840934498,0.1585734862,0
6694,292,94.65706496,QR,Grocery,DE,23,0.08879193502,0.2537638785,0
5496,788,44.51395859,QR,Grocery,UK,23,0.2310878524,0.1017957388,0
6231,298,142.6144845,Online,Grocery,TR,8,0.08311256614,0.03895093708,0
695,699,12.98160872,ATM,Clothing,FR,12,0.04240639977,0.01699689124,0
9805,862,2869.691288,ATM,Clothing,UK,21,0.9711813057,0.9622006984,1
4763,45,224.3010123,POS,Grocery,TR,22,0.1867262005,0.1304185041,0
9641,737,22.16842906,QR,Travel,DE,4,0.9768243505,0.7374390797,1
327,101,92.70312819,QR,Food,FR,7,0.2016973341,0.05409097019,0
9020,217,164.1423777,POS,Food,US,23,0.04664523106,0.03956783636,0
1649,395,54.01865308,Online,Travel,US,14,0.2124153031,0.1219522512,0
3949,545,89.2376071,ATM,Electronics,UK,20,0.07162538509,0.09949247673,0
2739,387,80.36246908,POS,Food,FR,9,0.07862141966,0.1891114946,0
554,153,204.9366177,Online,Electronics,FR,10,0.2146827581,0.1381221167,0
7657,95,166.3985585,ATM,Grocery,FR,20,0.03773097382,0.06518873061,0
5952,987,108.6280872,ATM,Food,FR,12,0.07352235542,0.03074221231,0
8195,801,58.32157742,ATM,Clothing,US,16,0.08068965763,0.03406247042,0
1452,268,121.8366278,Online,Travel,FR,9,0.05906720112,0.2053813517,0
3323,778,80.63442309,ATM,Food,US,7,0.2284359437,0.1829887031,0
2447,764,72.46574367,ATM,Clothing,US,21,0.2131667439,0.03824081181,0
4070,851,86.70667072,QR,Grocery,FR,10,0.2942005549,0.02269879082,0
10,276,191.7101018,QR,Electronics,DE,7,0.1929489521,0.2908709501,0
5946,558,99.8893645,Online,Travel,TR,15,0.1732491056,0.1853188717,0
8581,958,39.74554168,POS,Travel,TR,21,0.1576839579,0.06565318935,0
3914,343,124.0162187,ATM,Grocery,DE,8,0.1542413924,0.1004955924,0
899,451,82.86446893,ATM,Clothing,US,7,0.1587560247,0.06221367132,0
6365,361,144.8212361,Online,Clothing,US,8,0.04895860848,0.1785746264,0
2707,349,70.47479257,QR,Food,FR,15,0.04263271004,0.288311293,0
7687,38,103.5435935,Online,Food,UK,8,0.2212122305,0.1797725782,0
195,576,111.3131658,Online,Grocery,TR,15,0.08173688594,0.1978802766,0
3431,216,50.12831306,Online,Clothing,TR,16,0.2851489495,0.003196889805,0
5755,51,92.00710671,ATM,Electronics,FR,23,0.0350871571,0.2564193002,0
8943,599,142.811966,ATM,Travel,TR,11,0.1367161849,0.1705961636,0
8804,278,93.55995856,Online,Grocery,TR,6,0.2172367754,0.05446099386,0
8145,537,112.5710804,POS,Clothing,TR,10,0.2323428513,0.233185008,0
6213,975,99.44004143,ATM,Electronics,US,10,0.1292563159,0.1360531813,0
9743,219,10,POS,Travel,NG,17,0.7922943423,0.9320332381,1
6584,974,135.2891943,POS,Electronics,FR,8,0.08659844191,0.2574393242,0
871,680,110.5407539,QR,Electronics,US,10,0.005402295968,0.2148621705,0
5160,458,120.725136,POS,Travel,DE,21,0.01460207677,0.224246423,0
1450,16,148.3986872,Online,Food,FR,11,0.158067857,0.1846733008,0
8854,404,80.04965749,Online,Food,TR,16,0.2333615232,0.2731209281,0
766,824,84.56612952,QR,Electronics,US,21,0.09559958797,0.2067517107,0
89,187,95.10746149,Online,Food,FR,10,0.2543515767,0.2054632598,0
1365,671,158.0804407,QR,Food,TR,17,0.1918876827,0.1434757945,0
3631,338,118.4051324,ATM,Electronics,DE,9,0.1985709329,0.2445675704,0
1808,919,97.79972275,Online,Clothing,DE,17,0.03827553104,0.1406762978,0
4416,430,113.1987155,Online,Travel,TR,12,0.2780320138,0.02383911475,0
377,735,81.14410632,POS,Travel,TR,22,0.04425539949,0.01871954611,0
8834,419,42.26739075,Online,Grocery,UK,16,0.05638748079,0.193728637,0
1701,533,132.5044454,QR,Clothing,FR,8,0.1545048719,0.2270834533,0
9653,633,3454.921308,ATM,Grocery,US,13,0.9881111112,0.7621547942,1
1984,804,130.3414936,Online,Electronics,US,13,0.01037902665,0.04084413411,0
5776,687,46.2661201,QR,Clothing,DE,10,0.1295982226,0.2446594895,0
2869,62,1,POS,Travel,TR,22,0.004224950123,0.0694547895,0
8163,923,72.33789079,POS,Clothing,DE,20,0.02440162517,0.02363531932,0
269,454,178.9544728,Online,Food,DE,6,0.1007129867,0.2030108447,0
5074,621,16.39072455,QR,Grocery,US,22,0.170467087,0.041827556,0
6304,20,148.0880091,QR,Travel,TR,19,0.1892310034,0.1152978728,0
8873,839,163.7640497,POS,Clothing,US,12,0.2341879027,0.01510350462,0
1457,6,110.7799842,QR,Electronics,FR,8,0.1572509938,0.1815502472,0
1851,457,79.66123919,POS,Food,FR,16,0.2643193877,0.1801481069,0
7772,682,111.2594612,POS,Travel,TR,14,0.1643667953,0.2379433613,0
8052,291,102.8977584,QR,Grocery,FR,20,0.08584452266,0.1853421284,0
820,937,84.27926083,POS,Grocery,FR,9,0.1715183925,0.2933940946,0
213,971,4.733477377,ATM,Grocery,TR,10,0.255520348,0.1605947259,0
4779,199,112.2716362,POS,Travel,DE,17,0.2323080305,0.06997701027,0
4853,338,103.6198324,QR,Clothing,TR,7,0.1900044543,0.1801103744,0
7641,517,101.5874379,POS,Food,TR,9,0.2624853285,0.2122901884,0
4801,962,229.5847361,Online,Clothing,UK,16,0.0749397674,0.2025149805,0
2892,179,119.5540175,POS,Grocery,TR,15,0.02226833543,0.2201968624,0
9771,584,2182.153215,ATM,Grocery,NG,0,0.7555986951,0.9049035329,1
6554,82,99.155851,QR,Clothing,FR,23,0.225275096,0.2563477903,0
9422,236,84.66561818,QR,Food,DE,12,0.2567380304,0.2266982527,0
6054,947,117.1478134,QR,Grocery,TR,9,0.1661695295,0.1274555564,0
7338,458,104.6510644,QR,Clothing,UK,6,0.2964526935,0.2232460708,0
4130,920,9.961277061,QR,Travel,DE,9,0.1218687255,0.1941860569,0
5077,583,45.13538651,ATM,Electronics,DE,13,0.2932688578,0.09344846039,0
754,862,30.92836737,QR,Electronics,UK,22,0.05929310295,0.1555476562,0
2445,883,65.27165273,POS,Clothing,TR,7,0.149181906,0.1217926577,0
6247,715,107.4225142,Online,Clothing,FR,6,0.2358073799,0.2178538731,0
1065,668,117.552624,Online,Clothing,US,16,0.2928247123,0.2536667143,0
3437,168,145.4616971,ATM,Electronics,DE,7,0.0006358418149,0.163589297,0
2273,903,55.45978671,QR,Clothing,FR,6,0.2872679085,0.06880038137,0
7685,690,96.06950991,QR,Electronics,DE,7,0.0766789703,0.2198481723,0
6130,972,140.318005,Online,Clothing,DE,13,0.01003411895,0.1126272776,0
7155,967,101.1200794,QR,Clothing,US,20,0.1401586332,0.1160977689,0
1150,506,68.08483793,QR,Food,TR,21,0.2159796526,0.1279188979,0
8881,629,145.2661548,QR,Travel,TR,23,0.1590725351,0.06214609959,0
4419,434,138.3493966,POS,Food,DE,17,0.07285431184,0.2686078454,0
7578,108,64.3722673,POS,Travel,TR,14,0.04735632197,0.2896718639,0
1163,914,70.42780902,QR,Grocery,UK,11,0.2787083791,0.07770465255,0
4985,853,68.80817413,Online,Travel,US,15,0.1256469783,0.07454001339,0
8555,556,166.4370715,ATM,Grocery,UK,7,0.04526094834,0.05568017883,0
1526,731,37.41982038,QR,Grocery,TR,8,0.2070976937,0.220656378,0
527,522,48.27643215,POS,Electronics,DE,16,0.1438650051,0.1303620823,0
7568,856,132.9424571,QR,Clothing,UK,19,0.2483737034,0.2992762392,0
672,104,44.76368475,ATM,Clothing,UK,11,0.02947313269,0.1736957763,0
1853,850,24.4472983,QR,Travel,US,14,0.2929861856,0.06248836157,0
6601,665,114.1739238,ATM,Food,UK,22,0.2565141726,0.2955661547,0
8996,298,187.5420536,Online,Food,UK,19,0.08980241121,0.2299213116,0
3284,986,141.6639309,QR,Clothing,US,22,0.09130061188,0.1837651815,0
1131,649,86.26775757,Online,Clothing,UK,9,0.2948892466,0.01571799891,0
8833,663,96.82128614,Online,Electronics,UK,21,0.09358654119,0.03145743039,0
6360,73,68.54219069,POS,Travel,UK,17,0.2384596846,0.1326836222,0
3393,366,159.8720688,Online,Travel,FR,17,0.2281712645,0.2307061349,0
2306,821,90.88015063,QR,Electronics,UK,10,0.2033224269,0.02774857892,0
5814,395,167.1354719,QR,Food,FR,8,0.283188032,0.1826513282,0
2401,834,60.63370437,ATM,Food,US,13,0.06439725102,0.05572424465,0
3908,530,114.1003493,Online,Electronics,US,21,0.0514817211,0.1944933195,0
6689,721,87.54747194,POS,Electronics,UK,18,0.1376178308,0.008311532204,0
8348,782,152.5790523,Online,Food,US,8,0.006042275365,0.1483335813,0
8415,131,26.19012796,Online,Travel,DE,13,0.08037662216,0.2624567044,0
6957,201,69.58008435,ATM,Travel,US,13,0.2262957014,0.1085501599,0
3882,628,173.0512811,ATM,Travel,UK,17,0.1018824791,0.1901975741,0
1384,288,71.63180972,Online,Electronics,TR,18,0.2475410028,0.05561899911,0
7757,786,103.8289966,QR,Grocery,UK,10,0.2102881638,0.1842951617,0
2866,765,118.1484646,QR,Food,US,7,0.1635214902,0.1294945878,0
1361,238,44.92581215,ATM,Clothing,TR,11,0.250340476,0.00250772188,0
5005,841,126.0302359,Online,Electronics,DE,19,0.1386050933,0.2209865683,0
410,643,152.1922721,POS,Clothing,TR,14,0.1846658495,0.2638549863,0
5733,415,198.0003759,ATM,Food,UK,13,0.1810158546,0.08216013346,0
8270,998,12.40182326,QR,Grocery,FR,9,0.06050541304,0.001323735159,0
2443,445,119.7064448,Online,Travel,FR,22,0.03436777713,0.268619906,0
7458,391,117.9193307,QR,Electronics,UK,23,0.2666201287,0.1097485601,0
8860,305,73.63784861,Online,Electronics,US,23,0.02881914538,0.2322942023,0
3380,304,79.42706846,ATM,Travel,FR,13,0.1169270215,0.05049753026,0
7958,635,182.9217954,ATM,Food,TR,16,0.1631630611,0.2027107857,0
6210,535,135.9050394,Online,Clothing,UK,14,0.1062865042,0.1620957346,0
320,43,41.42477959,QR,Electronics,UK,20,0.1558461608,0.1971933952,0
9263,156,98.92395027,ATM,Clothing,FR,22,0.130388479,0.146738255,0
5529,197,94.95775908,POS,Travel,UK,15,0.003644231043,0.038514378,0
9001,55,165.8439919,Online,Electronics,FR,21,0.2065643348,0.2211107018,0
5587,937,152.6225316,QR,Grocery,TR,18,0.1999885947,0.2474358672,0
6329,909,110.9619459,ATM,Electronics,DE,16,0.09083169873,0.01191388625,0
8247,81,133.7780949,POS,Travel,US,22,0.07929348034,0.1683857402,0
2171,724,166.5079678,QR,Travel,TR,7,0.2463071716,0.07485933155,0
2343,307,1,QR,Food,UK,8,0.1278002271,0.2384156404,0
7413,234,32.19938642,POS,Food,TR,9,0.06921671043,0.2796506781,0
1873,111,131.2985237,QR,Travel,US,16,0.2322967072,0.2541274979,0
1942,222,49.91890673,QR,Clothing,UK,7,0.2849162575,0.110747912,0
3715,178,145.8971596,POS,Electronics,US,23,0.2572462463,0.05871114154,0
1892,833,180.3927168,POS,Grocery,US,11,0.1100900723,0.1584142267,0
4792,89,51.4850252,QR,Travel,TR,18,0.2209786281,0.1180697435,0
8202,978,148.3906105,QR,Grocery,TR,9,0.1061854044,0.1020407046,0
839,152,52.69850868,Online,Grocery,FR,14,0.05710454545,0.2822786076,0
1093,744,58.05157802,ATM,Grocery,UK,22,0.2430162772,0.07970658886,0
8713,812,1,POS,Food,UK,12,0.2259795291,0.1992633653,0
4262,97,73.3770508,QR,Clothing,FR,18,0.1364405243,0.2290431901,0
268,891,111.2629227,Online,Electronics,US,7,0.2465477379,0.153776097,0
7495,854,2.551818089,QR,Grocery,UK,20,0.2438666408,0.1759731113,0
8363,316,20.69155665,ATM,Electronics,DE,12,0.2985862141,0.2704481595,0
171,440,188.1063832,POS,Grocery,TR,6,0.01581550473,0.04518495228,0
3688,464,74.26785959,Online,Electronics,DE,6,0.2285035894,0.05530824759,0
8980,334,1,QR,Food,DE,20,0.01743105864,0.1051185767,0
448,25,86.06455379,QR,Electronics,FR,17,0.2437292059,0.08939882189,0
4287,756,44.36477025,POS,Travel,US,12,0.1967959648,0.03049056801,0
5619,640,79.24768457,POS,Electronics,TR,11,0.2686325387,0.1761495229,0
4506,703,52.75651139,Online,Electronics,UK,16,0.1343371594,0.1506595691,0
1915,627,81.77729325,POS,Food,TR,17,0.2194368783,0.1669580361,0
3361,562,146.3087263,POS,Clothing,FR,10,0.03806787401,0.04506991301,0
8641,105,61.07086771,Online,Grocery,TR,16,0.2697774652,0.1954835709,0
3196,767,24.78766645,QR,Grocery,FR,23,0.2711203752,0.1631307231,0
1760,916,42.87023653,Online,Clothing,FR,20,0.03234934964,0.2793920809,0
3400,864,77.9718233,ATM,Electronics,FR,16,0.1725720469,0.2188803343,0
3272,474,228.8527165,Online,Food,DE,12,0.2249719165,0.121136716,0
5507,386,114.8700346,ATM,Clothing,FR,12,0.2516664252,0.09404491144,0
6177,804,125.0374183,QR,Travel,TR,10,0.2707437421,0.1935752095,0
2170,765,98.55751399,ATM,Travel,TR,11,0.07948923938,0.198244554,0
6703,502,58.03552316,Online,Grocery,TR,7,0.02646380026,0.2392229244,0
1975,357,110.9305743,ATM,Grocery,UK,21,0.05359044784,0.2609512071,0
8213,873,126.9388563,Online,Grocery,US,12,0.1306733488,0.2725789757,0
6176,661,57.45107854,ATM,Food,UK,20,0.1859427914,0.03088051116,0
1192,60,119.566879,ATM,Clothing,FR,11,0.02284720043,0.1841353175,0
1530,684,92.45316916,ATM,Electronics,FR,7,0.04460775253,0.2059752521,0
6347,387,126.6016163,Online,Travel,US,9,0.2478112451,0.1558348511,0
1432,140,115.918647,ATM,Grocery,DE,21,0.08590126841,0.06124842733,0
8589,962,179.0363521,ATM,Clothing,UK,21,0.2481916727,0.1317540324,0
4756,354,85.26444806,POS,Electronics,UK,19,0.1637699513,0.2778166988,0
5670,411,1,POS,Travel,UK,7,0.2494434191,0.07647147364,0
2244,179,61.04737978,POS,Food,FR,20,0.008956357711,0.005823210244,0
7970,410,55.40403669,Online,Clothing,US,22,0.08010247469,0.1932177997,0
547,273,92.59032293,ATM,Food,DE,13,0.1009481227,0.2944410226,0
5510,226,116.3505365,Online,Clothing,UK,10,0.09178161573,0.121021242,0
2531,695,88.95498745,POS,Electronics,FR,15,0.2439200608,0.2757243174,0
3664,332,168.8773761,POS,Clothing,US,7,0.2923288582,0.00118504725,0
3969,755,88.9908943,Online,Clothing,TR,15,0.2205639049,0.1317609533,0
8054,798,137.0452317,POS,Electronics,FR,13,0.0444097464,0.2598459551,0
9679,80,402.5086928,Online,Travel,UK,5,0.8850831123,0.9703839966,1
8902,182,103.7124791,ATM,Electronics,US,10,0.1138185349,0.1182731954,0
4686,167,45.3860918,POS,Food,DE,23,0.111028896,0.1726777606,0
3528,663,195.4648525,POS,Travel,DE,19,0.1195688296,0.04418236367,0
7111,994,12.71320427,Online,Clothing,US,21,0.01001217148,0.06125205413,0
5817,83,161.0235562,QR,Grocery,TR,18,0.127821809,0.2217152435,0
9270,394,235.8476517,Online,Travel,TR,11,0.1916120107,0.0324401106,0
2275,666,92.63199326,QR,Travel,US,8,0.1423401788,0.02774944083,0
2017,165,209.6801308,ATM,Travel,UK,20,0.03772115745,0.04523671111,0
1363,598,81.86985832,QR,Clothing,DE,17,0.2333889392,0.1005314119,0
221,928,107.6672384,POS,Electronics,FR,22,0.1438421135,0.2022216031,0
4356,105,71.36864987,QR,Electronics,DE,9,0.1277603626,0.1673093654,0
9635,939,1011.084102,Online,Food,TR,3,0.7500608507,0.8822339176,1
8679,655,18.82064572,ATM,Travel,UK,8,0.07487706757,0.1873857222,0
9627,98,822.8542516,QR,Electronics,NG,11,0.9457399595,0.8253150138,1
405,503,148.2300879,Online,Food,FR,16,0.2155059798,0.04282403319,0
9135,408,77.74982587,Online,Food,UK,9,0.07809928162,0.2916217107,0
8516,833,109.8495578,POS,Food,US,21,0.01430446685,0.09610737355,0
7314,118,155.98502,Online,Grocery,TR,14,0.2573647666,0.1081748725,0
8988,252,122.6561554,QR,Clothing,FR,7,0.1117234212,0.1765093404,0
8083,603,61.358327,Online,Clothing,TR,14,0.08637022307,0.1503986158,0
1766,303,102.5789545,ATM,Food,TR,23,0.2477659016,0.07374881337,0
4467,984,114.0687067,POS,Food,US,14,0.2142745148,0.01959914468,0
3745,849,98.03093511,POS,Food,UK,18,0.01136508233,0.1664179664,0
3113,77,22.25255883,Online,Food,DE,15,0.02143162881,0.06336835944,0
4008,190,119.8484146,Online,Electronics,DE,11,0.2139677887,0.1383679864,0
9097,991,161.8117562,QR,Electronics,UK,7,0.24050121,0.117068087,0
1159,378,67.63113647,QR,Food,FR,13,0.1547355612,0.1418809479,0
6771,725,61.82297065,POS,Food,FR,12,0.07628055427,0.01247439381,0
3098,737,1,POS,Electronics,UK,14,0.01436005688,0.0547340155,0
2426,687,86.36697799,Online,Electronics,DE,7,0.08657481001,0.003193203202,0
375,390,20.83472052,ATM,Travel,UK,12,0.19235685,0.21475565,0
8252,503,93.7459734,ATM,Electronics,US,12,0.218830013,0.03831035905,0
4447,533,102.1685978,POS,Clothing,DE,6,0.01583789844,0.07316195519,0
2057,225,76.75883224,POS,Travel,DE,19,0.2575477129,0.1098813883,0
7854,228,1,ATM,Food,US,22,0.08307276402,0.2413343728,0
5489,915,72.11107601,QR,Travel,UK,12,0.0674646482,0.1907748939,0
5753,599,80.11745929,QR,Electronics,DE,11,0.2947314104,0.07454299242,0
8900,151,121.0663535,Online,Food,DE,12,0.08706215236,0.1939135829,0
8802,641,169.5239739,POS,Electronics,DE,17,0.2254031541,0.2062657693,0
7663,393,103.7947316,Online,Clothing,FR,6,0.1628133489,0.06628942161,0
6120,158,52.46225057,POS,Clothing,DE,10,0.234356565,0.2325933858,0
4810,285,109.1400856,Online,Electronics,TR,14,0.2344496977,0.1540277807,0
3215,250,65.08898394,ATM,Travel,US,8,0.2957080365,0.1409723498,0
8420,386,85.54378516,ATM,Travel,FR,17,0.1794096884,0.09901806987,0
7096,842,82.15365731,QR,Grocery,DE,9,0.2713814549,0.1615887733,0
4587,608,162.5354059,Online,Travel,UK,8,0.290832952,0.02902607573,0
8535,229,40.17858974,ATM,Clothing,TR,8,0.07765951245,0.2916896304,0
3348,375,112.7203439,ATM,Clothing,FR,15,0.2218416974,0.1687775609,0
6548,922,29.89907522,Online,Food,US,14,0.198269062,0.2005255943,0
3281,242,1,QR,Food,UK,17,0.08730032646,0.05526304416,0
403,982,96.65138201,QR,Clothing,DE,13,0.2470042509,0.2569422151,0
5011,50,110.7141246,POS,Electronics,FR,9,0.08398934774,0.2083350084,0
1235,795,115.9034081,Online,Travel,UK,8,0.2860066849,0.2404537722,0
4483,819,77.1140526,QR,Food,US,16,0.2640498625,0.02670844273,0
8557,463,78.59903721,ATM,Grocery,UK,16,0.05280713291,0.2512990934,0
6490,453,59.90832065,POS,Travel,UK,22,0.02443516985,0.2498751694,0
6859,211,78.3646186,ATM,Clothing,UK,19,0.1911828718,0.01621092738,0
929,389,151.8098876,ATM,Food,UK,10,0.2358989884,0.0738487824,0
1376,449,159.3230519,ATM,Grocery,US,13,0.1894142087,0.1433439205,0
4332,673,111.945662,POS,Clothing,US,19,0.1326061695,0.1425074402,0
4511,534,46.31617522,POS,Food,US,6,0.01311897717,0.07627668901,0
3165,660,86.42208481,ATM,Travel,US,15,0.1795108731,0.04085799586,0
3675,427,60.80747077,Online,Clothing,TR,8,0.01047130654,0.1977826622,0
6441,642,58.19024309,POS,Clothing,US,13,0.1118244019,0.04218028857,0
8904,850,159.6886829,ATM,Grocery,TR,21,0.2560598762,0.03720998751,0
751,278,74.45875906,Online,Electronics,DE,14,0.1273725189,0.006927475744,0
3537,760,10.98949151,ATM,Travel,US,8,0.1927430379,0.02511430091,0
3466,188,186.2519295,POS,Travel,FR,19,0.05495419604,0.115168239,0
5652,510,142.4268974,Online,Travel,TR,15,0.1424783218,0.2949400751,0
5208,335,118.8614793,Online,Grocery,UK,13,0.1693018695,0.2836321436,0
4730,537,62.95314432,ATM,Travel,DE,6,0.02696615544,0.232368929,0
5250,100,150.1252227,QR,Clothing,FR,23,0.1719642669,0.08647588744,0
3832,63,49.87271838,Online,Electronics,US,12,0.1908410805,0.05890711265,0
7545,139,57.39565579,Online,Food,US,6,0.09525677892,0.09225007202,0
7585,976,146.3354237,ATM,Food,UK,13,0.1786021285,0.254562577,0
3906,224,106.5371673,ATM,Travel,TR,20,0.2085604735,0.225068082,0
4031,757,107.8133121,QR,Travel,DE,12,0.06422875759,0.1872178423,0
4541,750,127.094641,POS,Clothing,US,10,0.2178688704,0.1969735712,0
3120,339,85.01736122,Online,Electronics,DE,7,0.1767540494,0.05383714896,0
1966,97,68.16024492,QR,Clothing,TR,9,0.2425643812,0.2376515009,0
6113,743,82.52465615,QR,Grocery,US,13,0.2857183322,0.05611826494,0
5459,146,120.9284663,Online,Electronics,US,10,0.02774964971,0.2595864583,0
6887,526,44.02208128,ATM,Travel,US,13,0.05138789602,0.06390572279,0
2675,170,68.32732791,QR,Electronics,TR,16,0.2743382145,0.2419808759,0
6832,920,10.1332511,ATM,Food,US,13,0.1612273017,0.2324022695,0
8788,482,133.3012428,QR,Travel,DE,14,0.006641138259,0.1127340694,0
5566,80,153.8746906,POS,Clothing,DE,17,0.06928065597,0.1085446204,0
5803,347,104.2303872,ATM,Electronics,FR,12,0.2996042834,0.1399319176,0
1663,677,4.975514699,ATM,Clothing,DE,10,0.1585831505,0.08125184306,0
6851,68,16.83827604,QR,Clothing,FR,17,0.2198286784,0.1640402372,0
7504,736,90.92628988,ATM,Electronics,UK,14,0.1305380845,0.1732779466,0
6050,256,128.4950698,QR,Food,TR,6,0.1278155686,0.2896829519,0
3251,962,51.63594449,Online,Clothing,TR,22,0.1162797844,0.05345052063,0
5328,58,113.8165422,ATM,Electronics,UK,22,0.2284959809,0.2073230469,0
603,980,16.58275559,ATM,Travel,DE,18,0.1572580326,0.0089819349,0
2813,684,154.3316771,ATM,Grocery,TR,20,0.2029816507,0.1481049809,0
3109,922,131.852592,ATM,Travel,US,11,0.1079535119,0.2444792737,0
4908,839,209.078454,Online,Food,US,6,0.1028754584,0.201570024,0
1338,828,71.88971519,ATM,Travel,FR,18,0.1919594747,0.2267030983,0
1719,503,107.6799568,ATM,Food,US,20,0.02483765004,0.2444185328,0
2044,445,163.6832527,ATM,Food,US,19,0.0962878404,0.1663870774,0
5870,656,94.71459595,ATM,Travel,TR,16,0.2716734067,0.1219802557,0
7778,748,42.8879874,ATM,Travel,US,22,0.05353999322,0.06786673116,0
6297,465,82.22928479,ATM,Grocery,TR,6,0.1956105228,0.07202200164,0
9057,479,100.0280928,Online,Food,US,13,0.1428715555,0.1449564072,0
6791,955,148.0683244,QR,Clothing,UK,13,0.01904727578,0.1733099831,0
2138,757,175.2471095,Online,Clothing,US,7,0.1481671962,0.1524876981,0
2385,748,98.38236232,Online,Grocery,US,12,0.1877778434,0.07331789026,0
5667,467,120.6740808,QR,Food,FR,15,0.1276176124,0.2914483541,0
7067,998,85.30023957,Online,Clothing,FR,7,0.08793209328,0.1563835228,0
2601,531,69.15836995,Online,Clothing,FR,21,0.2292943536,0.2238665747,0
4967,635,151.7698225,ATM,Clothing,US,13,0.2373548249,0.02011387592,0
3673,112,109.9220764,Online,Electronics,UK,10,0.03854600244,0.007507092239,0
3007,128,74.33354067,QR,Grocery,US,7,0.288261652,0.2857874807,0
4635,493,155.3659093,QR,Clothing,US,17,0.1734784118,0.1000853527,0
1995,191,174.741145,QR,Travel,UK,15,0.177809256,0.2093926335,0
9338,430,151.6898596,POS,Grocery,FR,21,0.2815071084,0.2808880527,0
6194,770,110.7264285,POS,Clothing,DE,11,0.0007320546721,0.05665665223,0
5147,87,111.2705071,Online,Clothing,UK,14,0.1247956466,0.05144815872,0
1246,569,87.8460972,Online,Clothing,DE,15,0.09559445086,0.1322821433,0
6200,959,25.83758411,POS,Grocery,FR,19,0.2425021311,0.1860189626,0
2227,732,52.21809077,POS,Electronics,FR,23,0.1549875992,0.1073110963,0
1118,413,78.46753736,Online,Travel,DE,6,0.1886494728,0.04076766827,0
1994,109,1,ATM,Food,DE,7,0.04619327016,0.0964858633,0
4418,297,166.8696997,ATM,Electronics,FR,9,0.09044303726,0.03289281428,0
7497,819,150.2725168,QR,Grocery,DE,22,0.1515474155,0.008324070697,0
9067,352,53.73318143,Online,Travel,DE,13,0.1978298638,0.07582204475,0
2094,326,115.0374509,ATM,Grocery,US,14,0.2587068913,0.001308857075,0
8491,837,94.90488141,QR,Clothing,FR,8,0.02309246162,0.03756808062,0
3951,892,81.23903849,QR,Grocery,TR,16,0.09897537209,0.214209876,0
4731,728,142.7946653,QR,Grocery,DE,9,0.1581668948,0.08804217083,0
3030,617,185.5903434,ATM,Grocery,US,17,0.02964437027,0.239804583,0
3849,858,98.49794216,Online,Electronics,DE,21,0.2153869966,0.2445455433,0
122,786,167.8730683,QR,Electronics,UK,8,0.1479438279,0.008370884123,0
5025,38,32.21753484,POS,Food,UK,17,0.006442115821,0.1057496415,0
9936,940,2378.803782,Online,Food,DE,11,0.9770103161,0.7863837188,1
6298,433,130.2098275,ATM,Grocery,TR,22,0.08004667458,0.2347792323,0
1039,81,141.8260078,ATM,Electronics,US,16,0.1104793354,0.02312731836,0
5209,670,48.3767512,POS,Food,TR,12,0.2339761281,0.2431476921,0
7779,137,119.0818534,ATM,Clothing,US,14,0.2460691588,0.03178861546,0
7297,402,74.84018058,ATM,Food,FR,18,0.1603707228,0.2860999495,0
9427,340,114.1574748,POS,Electronics,US,9,0.1609352762,0.1846293741,0
9810,241,2758.282671,ATM,Travel,DE,11,0.9645055952,0.8651753487,1
7702,889,169.2315229,Online,Travel,US,20,0.2183808382,0.06615753145,0
854,193,75.01932034,ATM,Grocery,TR,14,0.06742856218,0.2072395962,0
6136,987,124.8865055,ATM,Grocery,UK,20,0.1590992206,0.2034180495,0
5773,323,139.1047306,Online,Grocery,DE,10,0.2569038415,0.1333238193,0
1999,567,115.9777051,POS,Food,TR,10,0.1182477988,0.1347149801,0
6888,803,69.16636575,ATM,Food,US,18,0.2018789195,0.2676603211,0
3946,871,108.4714042,POS,Electronics,US,20,0.02096681402,0.1008928735,0
4750,830,160.5010656,QR,Grocery,FR,23,0.01587877439,0.2045293349,0
8325,27,133.4742678,POS,Grocery,US,21,0.0735131542,0.1216322721,0
8222,6,49.113353,ATM,Grocery,DE,11,0.1913241914,0.03173594124,0
8825,822,96.25796819,POS,Food,US,8,0.06045183814,0.1633577226,0
7592,879,113.7001951,POS,Clothing,TR,21,0.1325629272,0.2223118907,0
5957,153,159.9423438,Online,Clothing,TR,22,0.2001954761,0.1536903395,0
9713,761,422.6401991,POS,Electronics,NG,6,0.7578213113,0.9271062012,1
8261,855,98.06426155,QR,Grocery,DE,19,0.05069509959,0.2255946428,0
3434,277,143.3387333,Online,Clothing,US,19,0.1364657522,0.1323274482,0
6357,505,168.7388644,ATM,Food,US,14,0.007458790085,0.1706698927,0
4917,777,195.114157,Online,Travel,UK,17,0.08730126649,0.2290625678,0
5576,203,40.3022889,ATM,Food,US,9,0.09513702778,0.2258555373,0
9815,663,1552.173657,QR,Food,NG,2,0.7158546633,0.9231049122,1
313,524,141.3351487,Online,Clothing,TR,19,0.08845803367,0.1281263503,0
6215,15,80.56608033,POS,Food,UK,10,0.004441575214,0.1283811878,0
2713,3,142.0803602,QR,Electronics,US,15,0.04149169905,0.09170747859,0
5519,979,88.80563723,ATM,Travel,DE,13,0.2190879326,0.1638173812,0
1544,2,86.42974699,QR,Travel,UK,19,0.1562938363,0.1220285568,0
3202,244,89.05570382,Online,Food,TR,22,0.005243780087,0.1616515433,0
1858,192,23.86427451,QR,Grocery,DE,11,0.1058343708,0.2365783017,0
4894,292,140.8284512,ATM,Clothing,FR,15,0.172873082,0.2795768299,0
7715,417,139.4913035,QR,Grocery,UK,8,0.01445016678,0.06187921285,0
3506,65,109.6652199,Online,Food,FR,15,0.2584336507,0.2342032172,0
1371,44,60.92477684,POS,Food,DE,7,0.2161537946,0.07086728408,0
6070,357,72.32373158,ATM,Clothing,FR,14,0.2319579735,0.1520916492,0
149,29,89.15425048,POS,Grocery,FR,12,0.2777799839,0.0561421618,0
8801,921,34.99088783,QR,Travel,UK,8,0.04960961846,0.1003769374,0
4252,752,124.4584317,POS,Food,DE,13,0.0399841151,0.09735949353,0
2399,9,144.553527,QR,Electronics,TR,15,0.2306516608,0.1656625673,0
1763,970,124.4306548,ATM,Travel,DE,13,0.1681935936,0.1826511081,0
3330,426,75.96117192,QR,Clothing,DE,11,0.1961038227,0.1401436625,0
2624,336,202.0595252,ATM,Clothing,US,8,0.1890351863,0.1124786589,0
8050,454,111.0274453,ATM,Electronics,DE,15,0.1328259114,0.06425856348,0
9917,361,4946.757789,POS,Grocery,UK,4,0.8120037602,0.9250354679,1
4719,264,33.77667181,ATM,Clothing,TR,12,0.2936910522,0.2829474861,0
6701,355,209.2513464,POS,Grocery,FR,21,0.1269800972,0.102133277,0
2118,606,104.4303195,QR,Food,US,11,0.02449726255,0.2207797375,0
2428,367,18.21605155,POS,Electronics,DE,13,0.05181838288,0.04076432812,0
7090,817,1.299609887,Online,Electronics,US,19,0.19930267,0.2771368601,0
1550,950,79.38266533,ATM,Food,DE,11,0.03364942604,0.06223560133,0
4693,924,210.5701788,POS,Electronics,DE,14,0.01978049446,0.03944636525,0
6217,976,151.8858308,Online,Food,DE,6,0.0008851385098,0.2425587787,0
5887,860,93.97147716,QR,Electronics,DE,19,0.09392817186,0.1178726691,0
5744,687,106.2754437,Online,Electronics,DE,8,0.09475544795,0.1243468876,0
7660,755,56.14994186,QR,Grocery,DE,13,0.05880463305,0.01913384632,0
9348,256,187.5898109,ATM,Travel,FR,10,0.009663372725,0.1158946926,0
2636,316,18.92449542,QR,Food,FR,20,0.1746209712,0.002245279534,0
6331,864,187.776249,QR,Grocery,FR,16,0.08099717096,0.04462025999,0
3778,725,15.40193902,Online,Electronics,US,15,0.06786936233,0.1946030991,0
3018,720,148.4475326,QR,Clothing,UK,22,0.04342691747,0.01833116545,0
9862,958,10,ATM,Clothing,NG,15,0.7988657305,0.8155592226,1
8829,299,170.5648433,POS,Grocery,FR,23,0.2772601253,0.1427234341,0
676,400,36.56540116,ATM,Electronics,US,19,0.2911599965,0.1378105224,0
7686,333,140.196464,POS,Clothing,US,16,0.2315856205,0.1267081991,0
9358,1,48.49620588,ATM,Electronics,UK,16,0.0941149961,0.1336027497,0
4632,283,109.3416736,POS,Grocery,TR,6,0.2744617973,0.09819639351,0
795,868,92.12893331,ATM,Clothing,FR,14,0.2286030836,0.1691994047,0
9486,912,132.4239663,Online,Food,DE,17,0.020535992,0.1758641318,0
2720,782,119.5139239,QR,Grocery,US,15,0.1373500487,0.1290300889,0
3788,955,8.709712905,QR,Travel,US,17,0.1398572574,0.07128483982,0
7403,950,15.74705513,ATM,Grocery,FR,18,0.1857812019,0.1666654379,0
7460,968,111.5556636,Online,Grocery,UK,20,0.04705253271,0.2451307722,0
8095,599,118.7466434,QR,Electronics,UK,19,0.1013238825,0.05006992445,0
6225,778,91.70536586,ATM,Clothing,UK,8,0.2694880807,0.1649188601,0
2532,494,103.7002006,Online,Travel,FR,15,0.2409526261,0.2593898687,0
1252,419,90.02781421,ATM,Electronics,FR,13,0.1352022201,0.03777986936,0
819,798,106.7526583,POS,Food,UK,13,0.1289553041,0.2765164035,0
7520,232,142.3707857,ATM,Clothing,US,17,0.1458701122,0.2883070713,0
6769,247,103.7894344,POS,Clothing,US,21,0.2347583722,0.08240202279,0
5593,797,1,QR,Travel,DE,12,0.1892821972,0.178625572,0
3073,245,51.11088777,Online,Travel,FR,19,0.2996281362,0.03665681198,0
1484,832,184.3298068,QR,Travel,US,12,0.2719659566,0.2956761483,0
3829,645,94.32573046,ATM,Clothing,DE,14,0.06189396098,0.2845341515,0
9325,460,108.1249255,QR,Electronics,FR,7,0.2588233859,0.04638616316,0
5565,966,16.06386188,POS,Electronics,FR,12,0.06593674155,0.07883335765,0
2376,136,204.8847595,Online,Electronics,FR,14,0.2937840363,0.2943310987,0
7891,9,94.26392441,POS,Food,US,16,0.2262544821,0.03388071994,0
1225,489,116.2772908,QR,Food,TR,22,0.1849371519,0.08625276001,0
964,209,52.41277634,Online,Clothing,TR,12,0.05296333041,0.0770477267,0
9499,617,108.3479807,Online,Grocery,FR,20,0.09727263938,0.01376581514,0
7973,845,36.08435898,ATM,Clothing,US,22,0.05253310364,0.1407558884,0
6116,613,151.4698809,POS,Electronics,UK,20,0.1265984392,0.2640581475,0
2335,579,139.4485063,POS,Electronics,DE,8,0.09244299701,0.1072369573,0
3536,541,126.5898699,QR,Grocery,US,6,0.1452198033,0.2172420433,0
1272,572,124.2857921,ATM,Grocery,US,13,0.008839531802,0.07498989582,0
2528,734,170.0552033,POS,Grocery,US,21,0.087650474,0.2340316461,0
483,819,72.46416059,Online,Food,DE,6,0.004282170292,0.1759666077,0
1686,479,101.1256487,Online,Food,FR,7,0.2437135864,0.2500624678,0
4196,164,49.29193674,Online,Electronics,US,16,0.2173045134,0.1452876975,0
926,452,114.5283793,POS,Grocery,FR,16,0.1887045661,0.07581625761,0
7596,751,118.849185,ATM,Travel,UK,21,0.2955860782,0.2146424448,0
9730,926,4694.782497,ATM,Clothing,TR,10,0.743963301,0.7354904264,1
7043,877,59.12974628,POS,Clothing,US,20,0.1990985899,0.02654481816,0
5659,546,209.1557428,Online,Grocery,UK,16,0.2109294775,0.08509764297,0
5835,172,145.3212294,POS,Clothing,DE,19,0.2406430113,0.1216124514,0
4517,846,26.34621785,POS,Grocery,UK,18,0.1443351055,0.2801438261,0
4949,11,45.94939651,POS,Electronics,US,9,0.0739679631,0.2833307166,0
5395,36,124.0175581,Online,Grocery,US,7,0.2283733639,0.2444620978,0
9543,943,1615.753075,POS,Food,DE,8,0.9867167884,0.7070858114,1
1612,788,131.6518363,ATM,Food,DE,20,0.03043651809,0.07421604796,0
2995,315,106.5119542,POS,Clothing,TR,14,0.1415333352,0.2542664164,0
6434,288,102.8698454,ATM,Electronics,DE,21,0.2163676721,0.2021434263,0
9801,40,650.4209678,QR,Electronics,FR,4,0.7836639073,0.7571977147,1
4046,734,97.85977512,QR,Electronics,US,15,0.2609616709,0.1050836297,0
6818,632,93.87428801,POS,Grocery,US,14,0.02976823278,0.05957585426,0
7912,921,55.06887849,QR,Clothing,TR,11,0.2861036347,0.2550854,0
5385,948,110.0000333,QR,Travel,UK,9,0.05041950754,0.04338363646,0
9987,769,4524.068341,POS,Electronics,UK,9,0.7990469364,0.9900811195,1
2996,983,188.1809604,Online,Grocery,FR,7,0.1041815668,0.1087429556,0
1456,450,104.1849699,QR,Food,US,13,0.2884330106,0.02320086326,0
2221,912,34.26132746,Online,Clothing,TR,23,0.176732174,0.1998567009,0
4027,72,101.6797317,POS,Grocery,DE,20,0.2316142828,0.08941398843,0
5188,956,62.54236726,Online,Grocery,UK,7,0.2284529827,0.2715285592,0
9726,538,2227.731693,POS,Electronics,US,13,0.7249419484,0.7783690693,1
9561,788,1557.83275,POS,Grocery,FR,12,0.8702303093,0.9175826819,1
8591,853,130.6120901,QR,Grocery,DE,7,0.06484913368,0.01992043055,0
3274,203,141.7131379,POS,Grocery,TR,20,0.1257962243,0.08904974223,0
4948,641,121.4410503,Online,Travel,DE,13,0.210214677,0.2710961505,0
5388,150,139.8089947,POS,Travel,UK,16,0.2455993127,0.1025356008,0
7422,347,78.92688513,POS,Electronics,TR,13,0.265519774,0.008981607099,0
2053,438,249.3164688,QR,Grocery,DE,19,0.2498549479,0.133996132,0
994,18,17.98820667,QR,Clothing,UK,21,0.02541035576,0.2460772015,0
3369,268,107.0037424,Online,Travel,DE,17,0.2235081781,0.1106914192,0
3771,427,92.65066749,ATM,Food,FR,23,0.1884842944,0.2268065597,0
5010,656,113.4132855,Online,Food,US,22,0.07675122724,0.03403206214,0
4437,82,57.3815938,POS,Grocery,UK,23,0.2689745024,0.2923057405,0
8405,541,110.1762378,POS,Electronics,DE,7,0.1745389034,0.1997474712,0
2150,205,52.79362218,Online,Grocery,FR,11,0.1988176306,0.2294714719,0
295,262,117.7436901,ATM,Electronics,FR,14,0.2945062655,0.1478468361,0
852,894,105.3267484,QR,Food,DE,17,0.2015857052,0.01814040142,0
2206,110,98.71415176,POS,Grocery,FR,8,0.0306602682,0.05955057065,0
942,88,75.6321317,QR,Food,US,16,0.03687554708,0.1396863777,0
4590,662,188.041567,QR,Travel,TR,18,0.2234430905,0.2739567986,0
3403,333,99.44104423,Online,Travel,UK,17,0.1660459033,0.09578710067,0
3964,541,137.775763,QR,Travel,UK,22,0.0485076448,0.2839105276,0
8423,214,137.0362841,QR,Electronics,TR,10,0.01352525935,0.08431276178,0
5521,683,150.5220941,QR,Electronics,FR,12,0.1778653352,0.09367608268,0
1928,154,82.7669357,Online,Grocery,FR,21,0.06749243991,0.167063078,0
7736,702,37.49556625,POS,Grocery,DE,23,0.05585237859,0.2779891966,0
1514,559,157.4857665,QR,Clothing,US,9,0.2893945286,0.1780957782,0
1822,899,75.28471994,ATM,Clothing,US,15,0.2644844708,0.175669044,0
9183,761,35.35093239,ATM,Travel,UK,17,0.2545299317,0.170650353,0
6909,540,81.88635083,Online,Travel,US,7,0.1771374465,0.1695212588,0
2862,999,83.57796313,Online,Electronics,DE,10,0.02494287025,0.2846670565,0
696,198,90.13161965,Online,Clothing,DE,21,0.004448686308,0.2044794021,0
7886,126,85.51154516,ATM,Food,TR,6,0.2759497369,0.09579556949,0
2084,81,122.3006255,QR,Food,DE,17,0.07024193735,0.1463984385,0
4102,143,168.8442943,QR,Clothing,US,11,0.1787001423,0.1474611836,0
5007,445,34.0129591,QR,Food,TR,8,0.1382296289,0.1767624638,0
9039,233,99.70317868,POS,Grocery,TR,22,0.1451499096,0.1357151421,0
5080,683,153.2551434,Online,Electronics,US,13,0.1894942081,0.271067117,0
8763,309,161.6893638,Online,Clothing,FR,11,0.2314894777,0.2284177503,0
3090,423,111.0885391,QR,Food,FR,15,0.04535539267,0.04466356728,0
9487,679,173.0621114,POS,Travel,DE,21,0.1765498052,0.1452223162,0
5788,140,125.1717054,QR,Food,TR,6,0.2660682191,0.08542095466,0
7463,194,94.68956541,POS,Electronics,DE,8,0.2043060437,0.008795904725,0
1588,479,110.67806,ATM,Grocery,TR,14,0.1146855632,0.1180969209,0
8569,417,69.17315364,ATM,Travel,US,22,0.02367906546,0.04153496316,0
7133,85,42.52561817,POS,Food,DE,8,0.06933745564,0.1505325797,0
3239,586,16.78953636,POS,Grocery,FR,19,0.2887264052,0.2745945728,0
1923,44,135.6094959,QR,Food,UK,18,0.1534566608,0.2950579809,0
3554,746,116.8912958,QR,Travel,DE,8,0.08288578965,0.06500980896,0
3953,645,162.8542446,POS,Food,TR,18,0.1557644951,0.1663551083,0
6495,514,175.266076,Online,Grocery,DE,19,0.0449306132,0.1524805855,0
7645,115,182.9709749,POS,Clothing,UK,17,0.1164042192,0.03681584544,0
5442,84,113.6879853,Online,Food,FR,14,0.02954418583,0.288420418,0
6079,831,7.898441138,QR,Grocery,FR,16,0.02446364483,0.01496726213,0
5338,381,195.0932307,POS,Food,UK,22,0.1835929184,0.2042358089,0
8399,916,106.4761039,ATM,Food,FR,7,0.106710463,0.2571916251,0
4844,898,158.8853177,ATM,Grocery,DE,6,0.04057366408,0.2114432724,0
2893,123,172.3315705,Online,Electronics,UK,13,0.01935931956,0.02572431311,0
154,470,61.52032677,QR,Electronics,TR,6,0.1104455482,0.007310575336,0
7109,117,78.96274256,ATM,Food,DE,15,0.03747530618,0.08581912876,0
203,611,182.9470152,Online,Food,DE,9,0.0359488648,0.2491934604,0
1901,967,51.09558119,Online,Food,DE,23,0.2450561844,0.1349320068,0
625,437,83.66013286,POS,Clothing,FR,8,0.233732803,0.1376935775,0
7021,314,129.0159589,Online,Travel,DE,17,0.03783408483,0.2953997071,0
3495,303,196.4545701,ATM,Clothing,FR,10,0.2289609938,0.0261126947,0
5514,152,35.89430944,QR,Electronics,FR,22,0.1979602915,0.1103386649,0
7263,461,116.849692,ATM,Food,UK,19,0.2318546019,0.01814481272,0
7074,414,49.30479335,POS,Electronics,UK,21,0.03986782771,0.2015600919,0
1714,901,111.923257,POS,Grocery,FR,7,0.2763236514,0.1294879606,0
8376,534,198.2972926,QR,Travel,FR,18,0.03114313068,0.2706065327,0
14,680,193.0628687,Online,Food,TR,12,0.1399473005,0.1706058126,0
103,973,199.5447316,POS,Travel,FR,18,0.1491219683,0.1108979421,0
47,126,91.05082793,Online,Travel,DE,16,0.2628409738,0.01531452954,0
1798,682,66.30393112,QR,Electronics,UK,13,0.1299687664,0.08308048195,0
151,259,144.7602618,QR,Clothing,TR,19,0.06592798182,0.2113863511,0
5020,247,110.0527494,ATM,Food,TR,10,0.2152437953,0.03828236413,0
2812,213,36.49966161,POS,Grocery,TR,6,0.2920249725,0.1675941726,0
6061,746,130.7415484,POS,Clothing,UK,15,0.2405383717,0.2020203102,0
2613,12,53.62449076,QR,Clothing,UK,13,0.2213681252,0.1318826643,0
2010,100,49.20201684,ATM,Clothing,FR,18,0.05128135089,0.2916492681,0
9883,399,2325.7486,POS,Grocery,TR,16,0.9172083326,0.8466448757,1
7256,935,162.8252059,Online,Grocery,US,15,0.09229663771,0.2699085115,0
707,83,103.4061425,QR,Grocery,FR,14,0.1262128486,0.03259885583,0
746,432,125.1630113,Online,Travel,UK,19,0.009342445586,0.2604209955,0
9755,367,2364.026208,POS,Clothing,NG,4,0.8775363993,0.7247735265,1
8474,553,136.2580067,QR,Electronics,TR,11,0.0243732874,0.09786420214,0
4248,927,98.44322308,QR,Travel,US,20,0.2190805901,0.002607842889,0
1466,170,150.9671634,POS,Grocery,UK,22,0.2158688834,0.1890307901,0
3433,518,35.09177332,QR,Food,TR,11,0.2925682599,0.07361874776,0
9640,306,1440.757249,ATM,Grocery,US,13,0.9686135419,0.79034047,1
4804,764,93.6817001,QR,Food,UK,11,0.2578469279,0.1267212815,0
5484,79,87.90401706,ATM,Electronics,US,13,0.1477726619,0.2313612167,0
7502,842,147.6008273,Online,Clothing,US,14,0.1632424385,0.05493610423,0
8377,495,82.57011417,QR,Grocery,DE,20,0.05114223123,0.1481446957,0
3121,124,150.6700965,ATM,Electronics,US,19,0.249827133,0.1935442632,0
9769,575,22.16842906,ATM,Electronics,DE,9,0.8174431551,0.9445475995,1
3208,109,91.46120839,QR,Clothing,DE,14,0.1155782437,0.06794083693,0
962,594,114.5130403,ATM,Travel,FR,13,0.164601478,0.1527686946,0
7790,310,112.8012372,Online,Electronics,TR,8,0.05838673941,0.2145539596,0
6765,75,110.7619307,QR,Electronics,FR,10,0.09393823409,0.2789795579,0
9747,423,11628.21388,POS,Food,TR,23,0.9513101904,0.942083586,1
7228,205,119.573836,QR,Travel,UK,18,0.1458929397,0.2393052005,0
8305,818,138.616802,ATM,Food,US,7,0.02928356413,0.1875632607,0
2535,542,75.49107459,POS,Grocery,UK,17,0.03973017885,0.177428285,0
9339,55,193.9593943,POS,Food,FR,23,0.1350265783,0.2193849751,0
6517,615,72.82089282,QR,Electronics,US,12,0.1033338128,0.2462087355,0
9293,981,95.20643469,Online,Grocery,FR,21,0.01461177907,0.1628224232,0
953,996,180.0247533,POS,Electronics,TR,12,0.2258795426,0.1378798304,0
9233,667,86.42444084,ATM,Electronics,FR,13,0.1754959437,0.01139853502,0
8192,90,133.8937093,POS,Food,US,23,0.07067134263,0.01879053402,0
4709,156,64.09006197,QR,Clothing,DE,23,0.2062247915,0.1127962625,0
3919,995,131.7141967,POS,Food,TR,21,0.2682790993,0.2704442632,0
1837,693,173.7866339,Online,Travel,US,20,0.01113519855,0.1489037884,0
7455,824,82.39318921,POS,Electronics,TR,7,0.109701462,0.2215752719,0
2821,843,152.638447,ATM,Grocery,DE,12,0.2198580982,0.01706208187,0
2908,164,13.83484398,ATM,Travel,US,20,0.2471925527,0.2286865414,0
9752,466,10,ATM,Grocery,TR,17,0.9686040364,0.7006355565,1
5810,834,42.25885661,QR,Travel,DE,18,0.29835293,0.02803566022,0
8392,319,56.77541941,POS,Grocery,DE,18,0.2573992457,0.1252608639,0
144,877,186.7216546,POS,Clothing,FR,18,0.1871314807,0.25901842,0
6285,727,156.6351087,Online,Travel,DE,11,0.1137106154,0.1521931109,0
9768,428,1767.043809,Online,Grocery,UK,12,0.7968175729,0.8588041443,1
6066,677,4.729176599,Online,Electronics,DE,7,0.02573363078,0.09471625924,0
4698,273,89.89493598,ATM,Grocery,DE,19,0.04169108898,0.2402551316,0
8177,415,82.78183347,QR,Grocery,DE,19,0.2896733606,0.1002549293,0
6930,439,129.4577606,Online,Electronics,UK,20,0.08637296995,0.2309930965,0
7932,950,115.0273724,POS,Clothing,US,10,0.2683192045,0.107275385,0
638,979,71.79425997,ATM,Grocery,US,6,0.2237420444,0.1624863218,0
5024,381,135.3385194,Online,Electronics,FR,14,0.1704486643,0.1831845511,0
6327,175,55.60604072,Online,Grocery,US,7,0.2879404841,0.002418906673,0
914,899,30.91148788,Online,Grocery,FR,11,0.04164017411,0.2199089005,0
18,285,115.6820184,POS,Grocery,TR,9,0.2553019159,0.1242944417,0
734,39,160.8963571,ATM,Grocery,TR,17,0.07316586202,0.2967692849,0
5202,143,122.2401499,ATM,Grocery,FR,9,0.07572247995,0.05098164698,0
4129,125,57.67727544,QR,Grocery,FR,9,0.006699136951,0.1461251271,0
6673,614,61.19122176,QR,Clothing,US,23,0.2613889725,0.152337627,0
6286,618,142.7394001,QR,Food,US,6,0.2278510591,0.2535884236,0
6278,825,29.88974548,POS,Food,US,18,0.1224951348,0.1236286365,0
2561,686,101.0281235,POS,Food,FR,15,0.1967643615,0.1306735041,0
642,674,83.6660717,POS,Travel,UK,11,0.2723151091,0.1700369104,0
2237,566,55.22477398,QR,Electronics,US,18,0.008501821033,0.2833142088,0
6527,254,10.56698712,QR,Grocery,DE,16,0.2944359355,0.2692879995,0
6866,876,190.8472913,POS,Grocery,FR,8,0.1958754007,0.109814573,0
4325,264,143.9733593,QR,Grocery,UK,8,0.006286180176,0.2758996181,0
9851,430,982.9743119,QR,Grocery,NG,18,0.7837565917,0.8218240925,1
5570,428,177.4037199,POS,Clothing,US,20,0.1209873406,0.2252200151,0
6403,428,44.75652066,Online,Grocery,DE,14,0.2099071197,0.00655292299,0
8710,717,56.65904357,POS,Clothing,FR,9,0.1045120724,0.1451558605,0
9455,879,43.50644917,Online,Clothing,UK,6,0.2190696734,0.05947262685,0
1532,833,104.3857505,QR,Travel,TR,23,0.2654375279,0.07912974457,0
5130,254,109.1307892,POS,Travel,FR,8,0.2084886773,0.184242419,0
5396,332,66.976524,ATM,Travel,DE,17,0.1118844324,0.1482831187,0
5028,442,141.8728601,QR,Electronics,TR,10,0.1742229093,0.262869923,0
2934,220,116.7078811,ATM,Food,FR,10,0.09987766102,0.08523650271,0
4774,265,120.5214944,ATM,Travel,UK,15,0.2325264808,0.1557375138,0
6862,497,113.3042711,Online,Grocery,UK,19,0.06950839379,0.008073285751,0
2454,24,108.5704898,ATM,Electronics,DE,8,0.2654633971,0.1739922955,0
1265,697,133.6818183,ATM,Travel,DE,14,0.1087071937,0.02343302016,0
1943,630,104.3479851,Online,Electronics,DE,20,0.2851266812,0.1657684274,0
5503,383,88.16194666,QR,Electronics,DE,16,0.0741640714,0.2898128861,0
2277,267,91.27061379,POS,Grocery,US,12,0.1112399915,0.001043268907,0
3740,268,90.01976638,Online,Clothing,UK,8,0.05265390236,0.2817195686,0
4622,818,19.72726505,POS,Grocery,US,18,0.009228458978,0.08693145595,0
330,981,81.84750682,QR,Electronics,UK,7,0.01733987859,0.02713227918,0
2126,186,125.4514177,QR,Electronics,US,21,0.01708680842,0.1868963749,0
8921,92,162.476882,POS,Grocery,FR,6,0.1228926877,0.06849998539,0
1083,834,110.512311,ATM,Food,FR,20,0.2660262445,0.04468916139,0
3275,211,126.0924186,QR,Food,TR,19,0.2679564555,0.1178438466,0
5405,467,63.49942386,POS,Grocery,TR,21,0.01490970812,0.05059697873,0
8369,512,166.6834871,QR,Electronics,UK,6,0.02403828885,0.1684898607,0
4759,867,44.52622276,ATM,Food,US,9,0.05613193823,0.1031177552,0
1054,513,61.83254066,Online,Travel,US,11,0.1918911183,0.2514870111,0
9511,532,10,POS,Food,UK,6,0.7719543317,0.7390655089,1
1030,16,18.60510767,QR,Food,US,20,0.08731078061,0.04241750912,0
1968,70,155.3093419,POS,Food,FR,15,0.03282161861,0.1396969425,0
7367,235,138.3737959,ATM,Electronics,TR,7,0.1332304225,0.1784850344,0
7270,363,61.88761111,QR,Grocery,DE,18,0.2176222172,0.04833082248,0
2899,227,14.69684597,QR,Travel,DE,6,0.1654751338,0.227964412,0
5823,692,142.2464321,ATM,Food,FR,20,0.1323627029,0.1031319354,0
3009,886,1,ATM,Clothing,DE,14,0.2971594549,0.006526910947,0
7322,146,91.46439994,ATM,Travel,US,14,0.2994328807,0.197954106,0
8194,533,74.05849095,POS,Food,US,15,0.1613917271,0.2144633795,0
8707,603,36.25204358,QR,Grocery,FR,9,0.2167049772,0.01703717883,0
443,89,107.0458824,ATM,Electronics,DE,6,0.06070371973,0.06339043018,0
7188,343,104.6813931,POS,Travel,DE,22,0.1683755904,0.2802572524,0
9132,348,18.08520429,Online,Grocery,US,23,0.2366873739,0.1362890056,0
3056,595,85.5695985,QR,Grocery,FR,15,0.05046594227,0.0870921981,0
6448,385,69.4113173,QR,Clothing,FR,21,0.003587187042,0.2625601022,0
848,562,6.301496216,POS,Electronics,FR,9,0.23717331,0.08626450638,0
5687,0,1,Online,Electronics,DE,8,0.1494492768,0.1655197392,0
2007,12,73.1012561,ATM,Clothing,DE,7,0.1713360435,0.2615016548,0
9212,341,133.389078,Online,Clothing,US,20,0.2630352207,0.1749404191,0
787,168,14.99119937,Online,Travel,DE,16,0.112886044,0.2994029852,0
9541,123,1598.902036,Online,Clothing,FR,23,0.8001273358,0.8437278843,1
3195,615,148.4372554,Online,Travel,FR,16,0.1760587427,0.06998922784,0
9516,260,3391.206967,ATM,Electronics,NG,21,0.8357875547,0.7283618664,1
5152,253,135.0852698,Online,Electronics,FR,12,0.1053233114,0.01195516,0
1666,60,117.0017305,ATM,Food,FR,17,0.158641769,0.09299255238,0
8039,192,45.85829687,QR,Grocery,US,7,0.1181313691,0.1227326295,0
2261,738,79.7230043,ATM,Travel,UK,15,0.186818562,0.05257501707,0
1730,330,37.49872336,QR,Travel,DE,21,0.1290890801,0.1012063041,0
7962,557,101.3455862,POS,Clothing,FR,11,0.284376279,0.2743884895,0
2958,854,50.65242441,POS,Food,TR,7,0.1306624101,0.2875688758,0
3356,665,108.5282692,QR,Travel,UK,10,0.2246840079,0.2929703256,0
7739,905,152.8330975,QR,Food,FR,6,0.2389903397,0.05688328913,0
3473,945,124.442735,POS,Clothing,TR,11,0.03601048331,0.01920585311,0
9384,847,167.4723341,POS,Grocery,DE,19,0.004962249057,0.0714359227,0
7591,203,195.8605195,Online,Clothing,DE,21,0.2071519969,0.213570926,0
3996,604,79.99377076,ATM,Electronics,UK,8,0.06984689967,0.04132991748,0
6580,688,112.819978,POS,Grocery,US,18,0.01502710454,0.2051950033,0
9872,13,2924.058448,QR,Clothing,UK,4,0.7650532457,0.8689511359,1
8486,144,148.0175076,ATM,Travel,TR,17,0.005418853407,0.1768097613,0
9342,68,157.2333079,POS,Grocery,DE,15,0.06409547968,0.04505512435,0
5299,681,74.25338185,ATM,Food,UK,14,0.1556223419,0.1227290354,0
8244,238,69.46175464,POS,Grocery,US,23,0.08057169859,0.2744903058,0
4555,846,199.5014757,Online,Clothing,UK,22,0.009026563915,0.2092905932,0
4408,881,59.85673799,Online,Clothing,US,6,0.2735953132,0.1599499024,0
1359,456,146.5557954,Online,Electronics,UK,11,0.29489124,0.1863008467,0
1859,654,114.719638,QR,Food,TR,16,0.1817690412,0.01776013531,0
918,850,14.14054333,POS,Travel,UK,23,0.1872483742,0.007993247808,0
7016,813,83.9859385,Online,Electronics,FR,10,0.2304055109,0.1138702374,0
2748,503,188.3228623,POS,Electronics,DE,21,0.2703732153,0.05588823781,0
5225,693,69.32007141,Online,Food,UK,16,0.2105877201,0.2977990691,0
7101,647,60.68319481,Online,Clothing,DE,12,0.05193293746,0.1147347508,0
9796,672,3779.972119,POS,Food,US,4,0.8446722614,0.7000279804,1
5625,957,61.57866592,ATM,Clothing,TR,23,0.1717838294,0.07843303092,0
6263,675,25.236697,QR,Food,TR,10,0.1779949668,0.09482075397,0
6522,692,123.5792027,ATM,Food,US,17,0.114074845,0.04587198287,0
4986,660,64.62110545,ATM,Electronics,UK,11,0.09693931211,0.125866819,0
1648,177,129.7263063,Online,Travel,US,12,0.07727324168,0.06539574958,0
755,253,111.0448828,QR,Travel,UK,15,0.1107762354,0.04568881869,0
1606,441,133.5871241,POS,Clothing,TR,10,0.06311215116,0.2519178423,0
3024,558,64.0427755,QR,Grocery,TR,7,0.1437322971,0.1620738678,0
7352,366,101.8110285,POS,Travel,DE,14,0.1532234196,0.2612753795,0
5480,218,117.150598,Online,Clothing,TR,8,0.06047256378,0.01047022058,0
7267,643,1,Online,Food,FR,8,0.09181211052,0.03771067943,0
3149,95,98.76407217,POS,Clothing,DE,14,0.07314452707,0.1222968448,0
7921,900,52.51806275,Online,Electronics,DE,15,0.2069666026,0.05598888788,0
9264,760,60.11047228,ATM,Grocery,UK,23,0.1201396805,0.2210871442,0
1658,61,76.67225156,QR,Food,DE,9,0.1668418679,0.1215207002,0
1090,351,40.3986829,ATM,Grocery,TR,14,0.2432588789,0.1986467541,0
972,125,136.4655908,ATM,Grocery,TR,14,0.1401499663,0.1083968934,0
3290,440,93.26900726,Online,Grocery,US,22,0.2546661794,0.05449952032,0
3867,244,167.2509328,QR,Electronics,TR,16,0.0007186860256,0.1839376662,0
6192,104,88.66567856,POS,Electronics,US,18,0.1551770764,0.1132076896,0
8280,994,98.70809276,QR,Grocery,FR,7,0.2624322364,0.09195100368,0
1460,102,205.258069,Online,Grocery,UK,12,0.126230684,0.2230458625,0
6034,969,125.4833105,POS,Clothing,TR,19,0.0262842737,0.1423747686,0
9195,794,147.6043885,POS,Clothing,FR,16,0.2718190468,0.2504864405,0
6345,593,78.68370668,POS,Electronics,TR,23,0.1028011374,0.1819505467,0
9112,786,90.46957321,QR,Food,DE,8,0.2211082067,0.07820198211,0
5046,24,177.641466,ATM,Food,TR,19,0.1660285189,0.2215061785,0
7588,288,126.6024919,Online,Electronics,DE,7,0.2196057071,0.2568995722,0
8858,712,107.0029653,ATM,Electronics,TR,6,0.03641367068,0.04462456671,0
8861,701,124.2635167,POS,Grocery,DE,19,0.2914131451,0.1333130987,0
9370,915,17.21327448,Online,Electronics,TR,8,0.2445320119,0.2884995289,0
8010,554,202.7161103,QR,Electronics,TR,21,0.2152387748,0.2240815732,0
5558,528,129.8714768,QR,Grocery,DE,23,0.1265347059,0.196877615,0
5463,652,215.7366152,POS,Food,TR,19,0.1359194959,0.1287912056,0
965,499,190.5748441,Online,Food,TR,22,0.09198678968,0.09781938003,0
6043,25,32.57761255,Online,Clothing,FR,18,0.1071201628,0.2835524592,0
9531,657,10,QR,Travel,DE,23,0.9403929702,0.7159586427,1
4081,143,117.8580868,QR,Travel,UK,21,0.05937559393,0.09971333842,0
5555,573,31.09058241,Online,Grocery,US,6,0.1975378096,0.07239711528,0
9379,292,112.0699983,QR,Travel,UK,7,0.254960223,0.2977546092,0
9484,420,166.7715864,POS,Electronics,UK,6,0.2981191566,0.1885032353,0
6617,71,197.3522404,Online,Food,UK,21,0.2085394944,0.1008375059,0
5446,776,150.0621504,POS,Food,FR,16,0.2927371368,0.1179501135,0
6509,449,28.60967355,QR,Electronics,FR,13,0.05422703479,0.2559930214,0
8929,345,134.0573482,POS,Clothing,UK,19,0.01516805931,0.1732844677,0
597,987,127.4063164,POS,Clothing,US,23,0.08697688096,0.003291952023,0
3237,854,98.59158649,ATM,Food,DE,9,0.1562223431,0.1736967367,0
8461,915,124.9553221,POS,Clothing,UK,22,0.09917759146,0.03416844006,0
6802,870,131.6409318,QR,Electronics,DE,16,0.2797990747,0.06618078773,0
3429,319,70.84990758,POS,Food,UK,22,0.2323809332,0.102207727,0
7394,462,161.4591813,QR,Electronics,US,23,0.02397580756,0.08663267987,0
4560,974,100.9245029,Online,Electronics,UK,22,0.1358858583,0.128439392,0
1069,986,135.5522652,QR,Clothing,UK,21,0.1291905736,0.1300175919,0
6294,291,100.7702341,POS,Food,UK,7,0.2159655614,0.2700204175,0
7681,191,84.43153794,QR,Travel,UK,15,0.181776362,0.206701302,0
3219,200,133.4176984,QR,Food,FR,17,0.1352492546,0.203675756,0
7028,231,99.10767951,ATM,Travel,US,15,0.09209169114,0.1846407591,0
4859,972,99.02425986,ATM,Clothing,FR,11,0.02581184758,0.1074171403,0
6336,494,114.3580439,ATM,Clothing,TR,17,0.1835545735,0.01964154298,0
860,197,107.8867604,ATM,Electronics,US,22,0.07245577939,0.2477140016,0
8712,736,157.8644621,ATM,Clothing,TR,15,0.2233347518,0.08514412473,0
924,338,80.92977348,ATM,Food,TR,10,0.01735752521,0.1361376822,0
3085,159,86.27110001,POS,Electronics,US,13,0.1724918997,0.112936408,0
5003,85,98.95802236,QR,Food,DE,6,0.2883056583,0.1535760557,0
8526,84,103.851401,POS,Electronics,DE,16,0.2133644646,0.2086526372,0
4137,382,141.88528,POS,Grocery,UK,10,0.2135907885,0.05744239273,0
2257,693,128.3255965,Online,Travel,UK,10,0.1821157357,0.2615118803,0
3250,557,77.15325804,Online,Electronics,TR,20,0.1624822661,0.01846285796,0
7139,150,84.97421598,QR,Food,UK,17,0.2224335932,0.1996623738,0
7808,451,42.72112323,POS,Food,UK,11,0.2579620572,0.004846269679,0
9945,283,22.16842906,QR,Grocery,US,4,0.9004892237,0.8293456741,1
9591,745,652.0893393,ATM,Clothing,US,4,0.8379165532,0.8838131013,1
6230,579,72.71705034,POS,Travel,FR,12,0.121897314,0.252198279,0
45,127,148.0288952,ATM,Food,FR,7,0.2605559484,0.2134405499,0
8625,435,76.36578058,QR,Travel,FR,10,0.1364059188,0.06496707954,0
5799,588,172.5109687,POS,Clothing,US,16,0.2530160349,0.271004858,0
9742,825,187.0819198,Online,Food,US,2,0.7600452394,0.8035134297,1
2054,105,185.4482026,POS,Clothing,DE,20,0.1545017508,0.1981119535,0
5651,954,128.6183471,POS,Clothing,DE,8,0.1997773897,0.1892107799,0
4932,882,92.24756706,ATM,Food,UK,20,0.1441477512,0.191824354,0
4799,723,154.0072083,POS,Travel,UK,14,0.2336518111,0.02673246352,0
6072,216,114.6658092,QR,Grocery,FR,16,0.226245942,0.2178842567,0
6474,621,116.4514273,POS,Travel,UK,8,0.203377542,0.03577209278,0
2838,490,135.3185349,Online,Clothing,FR,23,0.0855434253,0.1933371478,0
1395,114,78.68365926,QR,Food,UK,9,0.1547611182,0.2332804736,0
3803,482,90.75748197,Online,Travel,DE,12,0.04008102779,0.00315931059,0
9926,185,2132.965922,QR,Electronics,DE,9,0.9075189783,0.7398387062,1
8637,815,141.8525502,POS,Clothing,UK,12,0.006542076098,0.1765300783,0
6725,165,125.5383294,Online,Food,TR,18,0.2728890375,0.2288225707,0
3780,439,168.2682822,Online,Electronics,US,18,0.03842902234,0.07260084648,0
4536,799,115.9253199,QR,Clothing,TR,22,0.1080160806,0.05357145672,0
5438,603,139.6697601,Online,Travel,UK,13,0.2090353629,0.005785314282,0
6995,933,42.97771066,POS,Travel,FR,11,0.2886652573,0.1461990886,0
2019,855,75.00802013,QR,Travel,US,10,0.131277676,0.1884062367,0
1191,202,88.26173243,ATM,Travel,TR,22,0.2124575834,0.1772341385,0
1780,206,106.2353452,Online,Travel,US,11,0.0105712869,0.1861354845,0
8722,941,76.57101452,ATM,Clothing,DE,17,0.293781474,0.116759989,0
8434,349,92.21712309,QR,Grocery,UK,23,0.1170685314,0.2849073652,0
9280,532,41.7997545,POS,Travel,FR,16,0.05436781991,0.1369998461,0
9588,316,1228.89028,QR,Electronics,US,17,0.9195600183,0.907442087,1
4478,481,49.95902695,QR,Food,UK,21,0.2798078232,0.297837982,0
9105,185,70.66055963,QR,Travel,FR,16,0.1923017618,0.2167954853,0
9968,658,937.2715924,ATM,Grocery,DE,4,0.7699797842,0.7061955569,1
6841,870,6.922823592,QR,Food,US,7,0.04770671338,0.01272497872,0
7501,476,116.4353199,ATM,Clothing,TR,15,0.2112778765,0.2043514053,0
223,986,136.4172607,Online,Travel,US,20,0.06201595479,0.2539777622,0
8439,715,72.94094227,Online,Grocery,TR,11,0.2698005132,0.1088837903,0
4057,12,121.6642067,Online,Clothing,TR,9,0.1938519122,0.2058792596,0
8708,509,113.6354204,Online,Grocery,FR,16,0.040167649,0.2821160513,0
7480,823,37.47629282,ATM,Food,FR,12,0.03093638265,0.0841780646,0
204,849,18.22104866,POS,Clothing,FR,17,0.2810471706,0.2337012277,0
9059,162,143.3160182,POS,Electronics,UK,7,0.02921438835,0.1530662156,0
8865,627,72.21820559,QR,Food,TR,20,0.01789558382,0.01232633037,0
2564,601,141.3551191,QR,Clothing,UK,11,0.2500994144,0.1672455806,0
6234,396,106.8566701,POS,Food,FR,16,0.2311305058,0.1245435467,0
7022,990,83.82815234,ATM,Travel,DE,10,0.08799125508,0.1924629216,0
2253,416,69.09442842,Online,Clothing,UK,21,0.2225089716,0.2752522532,0
8585,731,143.2029027,ATM,Electronics,TR,22,0.1302549661,0.1299822217,0
6513,985,202.6244464,QR,Travel,UK,15,0.1104663771,0.1991567866,0
861,0,115.4503466,POS,Electronics,FR,18,0.2399494689,0.07464838343,0
9142,709,81.79500449,Online,Electronics,FR,10,0.2569593971,0.02470444001,0
1594,210,69.0181788,Online,Travel,US,21,0.1946248309,0.1814488758,0
3995,769,60.98557328,Online,Food,US,20,0.1655235699,0.1981325894,0
5365,706,164.3915394,POS,Electronics,US,7,0.07011400184,0.05132364928,0
683,708,65.19899192,ATM,Food,DE,21,0.02663306787,0.2441044739,0
8877,482,58.11204501,QR,Travel,FR,8,0.1575964748,0.1949187103,0
5819,550,106.6827751,Online,Clothing,US,8,0.2369131182,0.2540722937,0
3169,742,234.3988122,ATM,Electronics,US,15,0.2643820371,0.1187727796,0
7014,181,146.8672989,QR,Food,FR,9,0.2223928776,0.03357520443,0
9197,324,138.3719564,Online,Food,UK,10,0.2155829059,0.02360942749,0
3211,982,85.85013264,ATM,Electronics,US,16,0.2321471233,0.2912901054,0
9419,414,69.62795524,QR,Clothing,FR,19,0.1049488965,0.05783052876,0
5982,550,1,POS,Grocery,US,15,0.2008079044,0.1592050823,0
4597,42,87.13053669,QR,Electronics,UK,20,0.07211141105,0.1183975561,0
6925,787,72.36426357,QR,Grocery,US,21,0.103115371,0.07462312974,0
1644,335,88.52651043,ATM,Clothing,DE,10,0.09496071626,0.2458546224,0
7819,352,100.730559,ATM,Food,US,20,0.07810452806,0.1584219138,0
2236,623,73.43142415,QR,Clothing,US,19,0.1634678983,0.1794291787,0
7342,821,115.6458994,QR,Clothing,DE,6,0.002182108204,0.004726769348,0
1294,20,6.263585972,ATM,Clothing,FR,9,0.1958647247,0.1463163729,0
6907,473,154.7615778,Online,Grocery,UK,14,0.2204107374,0.2397651166,0
9574,937,1122.188811,ATM,Travel,DE,23,0.8298309875,0.8633467739,1
3698,170,117.5250748,POS,Grocery,TR,20,0.1057729491,0.1454723499,0
3922,944,1,Online,Electronics,DE,20,0.164240912,0.1510788653,0
9177,886,1,Online,Food,UK,15,0.0181332305,0.1643493072,0
2484,502,2.933158096,POS,Clothing,FR,14,0.0648817549,0.1503115155,0
5289,104,78.37121214,POS,Clothing,DE,17,0.1743252582,0.2394922213,0
1500,961,92.20894722,QR,Electronics,US,8,0.006038699565,0.2538528846,0
5801,65,168.8637193,POS,Clothing,TR,10,0.2264293718,0.02099159107,0
4568,828,78.4139659,POS,Electronics,DE,21,0.2326694911,0.1859213485,0
8660,569,40.0699924,ATM,Grocery,US,10,0.06050884353,0.1133820771,0
7919,502,103.5423198,QR,Food,TR,11,0.03918513281,0.1742402447,0
9673,487,407.9672735,ATM,Grocery,TR,4,0.9710576354,0.7347629742,1
2258,366,104.5395451,POS,Food,UK,19,0.26951474,0.1531366843,0
2063,529,165.0507831,POS,Electronics,TR,6,0.1020546237,0.01817350978,0
1805,47,115.8709137,POS,Electronics,FR,12,0.009515922835,0.2065818338,0
3733,517,111.5483664,POS,Clothing,DE,11,0.1873460535,0.2771711031,0
6960,522,54.42207223,ATM,Clothing,TR,11,0.06989170776,0.07932428606,0
1672,916,164.4440001,ATM,Food,UK,21,0.08881094126,0.02490755972,0
650,273,130.6587001,QR,Electronics,DE,11,0.2602299824,0.02656219362,0
4585,412,147.2021074,QR,Electronics,FR,17,0.2971688122,0.001745067826,0
7517,89,149.6775514,Online,Electronics,FR,15,0.1785621867,0.2907865845,0
4593,313,64.6866826,QR,Electronics,DE,20,0.2286798297,0.2509407733,0
6973,15,109.2473385,Online,Grocery,TR,14,0.1961455526,0.2244509674,0
7288,834,103.5429452,ATM,Travel,FR,6,0.01826309571,0.04477011496,0
2172,761,115.9132769,POS,Grocery,UK,15,0.05575010327,0.1963340902,0
200,673,145.2533274,ATM,Grocery,FR,9,0.2970526693,0.162890498,0
6550,991,79.42887652,POS,Food,FR,6,0.1269068054,0.01045605013,0
6377,113,109.3787397,ATM,Electronics,TR,14,0.107731046,0.2606241152,0
5193,495,34.52888502,ATM,Grocery,UK,14,0.2052761866,0.2839361531,0
3179,710,67.57214384,ATM,Food,US,17,0.1942224499,0.2399490783,0
6691,332,117.4098427,Online,Food,FR,21,0.1090205155,0.004692703568,0
2189,931,103.1025674,QR,Grocery,TR,20,0.03741779659,0.06915512972,0
9412,73,88.83148311,POS,Food,US,16,0.09566395031,0.1198359977,0
369,174,99.18413938,QR,Grocery,DE,20,0.1188433113,0.1835364099,0
4578,333,76.05508341,Online,Travel,TR,6,0.1958344978,0.07658627654,0
2279,106,100.2020979,QR,Clothing,UK,12,0.2112874549,0.276669933,0
8170,715,76.32718702,POS,Travel,TR,20,0.05367463416,0.1414095471,0
2456,983,43.40332662,QR,Travel,UK,15,0.2132825961,0.1537809654,0
7253,737,65.68586089,POS,Clothing,TR,18,0.2650534883,0.08055218857,0
2086,719,115.2500273,Online,Electronics,US,15,0.1777220395,0.07431632934,0
2251,691,3.965556656,POS,Travel,DE,16,0.1025549275,0.1532039847,0
8378,620,1,QR,Clothing,TR,6,0.05373994814,0.2979632552,0
6743,392,164.1859594,Online,Clothing,UK,23,0.2626457561,0.2092907867,0
7027,909,119.1369809,ATM,Travel,DE,23,0.2339926426,0.2354388372,0
5043,543,91.71593355,Online,Travel,FR,7,0.203167151,0.2063406536,0
3947,438,97.63648104,QR,Travel,TR,20,0.08501601775,0.003497891448,0
1019,791,125.0993829,ATM,Travel,UK,8,0.1521773165,0.02389610204,0
5230,481,161.0376302,ATM,Electronics,FR,11,0.2552496953,0.274498091,0
7168,611,87.85685877,QR,Grocery,TR,8,0.2561999045,0.2535505815,0
572,140,66.58655001,POS,Travel,DE,8,0.1807631274,0.1574264602,0
4823,660,121.8827814,QR,Clothing,FR,19,0.1082696457,0.1896249424,0
4,834,102.6606099,POS,Travel,UK,9,0.0898270324,0.03627425883,0
3177,141,89.2928064,ATM,Electronics,FR,10,0.09243111218,0.1162924701,0
5234,614,34.30277516,Online,Electronics,UK,13,0.09694994468,0.07978013867,0
5340,238,98.29463995,ATM,Food,FR,23,0.2442080248,0.1471305926,0
3707,845,148.233712,Online,Clothing,US,19,0.03601601472,0.1941303365,0
577,995,114.8275661,Online,Grocery,TR,18,0.2978280598,0.05208222973,0
2218,757,1,POS,Travel,UK,16,0.0421023189,0.1083587975,0
4508,272,187.903468,Online,Travel,FR,20,0.2100224341,0.09591502139,0
564,618,185.0783035,QR,Food,FR,8,0.2310179188,0.1118805262,0
3911,240,55.62953186,POS,Electronics,FR,19,0.1195997545,0.1921804673,0
2030,95,139.2028019,Online,Electronics,UK,13,0.1231040959,0.2030580357,0
8470,200,138.2715365,POS,Food,FR,15,0.2002788114,0.01589032499,0
1350,464,74.92652883,Online,Electronics,FR,11,0.2343764263,0.2979877136,0
8004,362,127.376811,POS,Food,US,6,0.227715414,0.160185916,0
9236,898,34.66959867,POS,Clothing,TR,15,0.05847666432,0.1066740323,0
1248,122,80.57419888,Online,Clothing,UK,11,0.1997046586,0.1345924082,0
8669,544,99.91154886,ATM,Clothing,US,9,0.1733049646,0.18070751,0
2689,975,100.2455279,QR,Grocery,US,15,0.2769483623,0.2451206011,0
9683,675,3462.590119,QR,Food,FR,1,0.9096827383,0.9372123375,1
6265,27,114.9348331,ATM,Travel,FR,10,0.1215741987,0.1375125265,0
505,209,76.35736035,POS,Grocery,US,10,0.1972189792,0.1280656854,0
2839,430,95.81277823,ATM,Travel,TR,11,0.05253018798,0.07737123191,0
6179,102,60.62242655,QR,Grocery,TR,11,0.1809661785,0.2984793569,0
2248,564,127.4413931,POS,Electronics,TR,11,0.2390511231,0.1149238194,0
6506,809,61.25913682,POS,Travel,FR,11,0.244397436,0.00724533249,0
2319,103,231.5307505,POS,Food,FR,17,0.2372686723,0.2697663161,0
2467,963,1,QR,Clothing,TR,11,0.03634324861,0.2952817525,0
4583,578,87.16524859,ATM,Food,UK,22,0.2158848425,0.2626603719,0
5181,852,96.69192231,Online,Grocery,US,10,0.1854345321,0.08370340615,0
7385,568,12.59827314,QR,Food,US,15,0.2950980551,0.0640329613,0
660,113,170.3619068,Online,Grocery,FR,22,0.2282577922,0.06559188864,0
6449,61,27.52382396,ATM,Clothing,TR,13,0.1518293312,0.1923656679,0
4092,269,158.7578913,QR,Grocery,US,18,0.2677506386,0.2972879318,0
5377,823,97.35108625,ATM,Grocery,TR,20,0.0375882952,0.142089204,0
457,455,121.0542495,Online,Food,US,20,0.02893078021,0.1448114486,0
6885,506,115.6296115,QR,Travel,FR,22,0.109152919,0.0957923041,0
1933,510,106.4746826,Online,Food,DE,22,0.1279826383,0.2224192505,0
9633,783,5446.956026,ATM,Travel,FR,22,0.8401003099,0.9285290516,1
7423,807,135.6289723,Online,Grocery,UK,14,0.2741919555,0.02536640645,0
136,565,38.16685167,POS,Electronics,FR,8,0.1141024311,0.09008102747,0
6835,290,95.20864596,ATM,Electronics,TR,10,0.06311699435,0.0143194047,0
573,361,73.75935832,ATM,Clothing,DE,8,0.1229601638,0.262732428,0
2883,174,110.8166109,Online,Clothing,UK,23,0.2905124216,0.02662746529,0
959,450,120.3453363,POS,Clothing,UK,9,0.2266256136,0.1097153824,0
7106,438,139.5742964,POS,Clothing,UK,13,0.03413998155,0.09630723468,0
743,834,125.8132458,QR,Travel,TR,8,0.06402930118,0.2835903405,0
4168,190,129.5828542,ATM,Electronics,DE,17,0.002102053627,0.0958417866,0
4189,842,149.8938908,Online,Grocery,UK,6,0.1984928865,0.06569228146,0
3298,42,52.7114177,POS,Electronics,US,16,0.2195117647,0.01212664151,0
5992,122,42.76911676,ATM,Travel,TR,17,0.07899685864,0.147726395,0
5455,295,135.6093329,POS,Food,TR,20,0.1869377055,0.04667675441,0
1717,365,52.27021754,Online,Travel,DE,16,0.1096489528,0.2364774464,0
2801,333,145.6970235,Online,Clothing,DE,12,0.1105432975,0.04681894557,0
7451,120,81.7879759,ATM,Clothing,TR,16,0.06882519513,0.1147392828,0
1170,169,111.5027806,ATM,Electronics,US,14,0.1480180192,0.06113043362,0
7153,657,141.6580247,POS,Electronics,US,7,0.09367320481,0.1548635854,0
2930,652,157.0779366,QR,Food,US,22,0.1496806315,0.1949135631,0
5091,160,62.30150574,Online,Clothing,FR,14,0.2865560947,0.01103079364,0
3260,924,121.6727619,QR,Grocery,UK,23,0.2908605714,0.1031942957,0
4498,53,199.0775125,ATM,Clothing,TR,8,0.1658372744,0.01775347894,0
2736,810,154.7724742,ATM,Grocery,US,8,0.1889184543,0.06752843362,0
646,602,243.0568284,Online,Clothing,DE,19,0.2414886732,0.1753108424,0
6457,299,166.0121484,Online,Clothing,TR,13,0.2238710863,0.2293946165,0
9902,239,1766.244698,POS,Travel,UK,5,0.7440063138,0.7077692246,1
8040,315,173.3691005,Online,Electronics,DE,10,0.2785925026,0.194520934,0
4981,751,117.4466914,POS,Electronics,UK,13,0.2006201409,0.215095868,0
8859,125,117.0383838,POS,Clothing,US,7,0.2213043141,0.0744455441,0
8444,305,134.008804,ATM,Electronics,DE,10,0.09034297781,0.06127279034,0
5771,482,103.9874834,ATM,Travel,TR,16,0.1380137695,0.08992981279,0
3625,782,83.33425027,ATM,Travel,UK,18,0.114551259,0.01885280752,0
7747,289,135.9354146,ATM,Grocery,DE,13,0.137731928,0.1033328176,0
4913,630,138.4910452,ATM,Food,UK,14,0.02183810424,0.06286690419,0
6207,510,170.8781112,Online,Travel,DE,6,0.09904589413,0.050088217,0
8148,421,21.06899258,POS,Grocery,TR,21,0.09487721847,0.05700500306,0
5238,569,181.4794309,QR,Travel,UK,10,0.1895689021,0.2408856738,0
977,139,81.57750623,Online,Clothing,TR,8,0.09367629234,0.1900455396,0
5335,471,147.8758889,QR,Travel,FR,21,0.2047925582,0.1375883758,0
2913,280,92.24096839,ATM,Travel,UK,11,0.09155900327,0.1289421802,0
2417,161,55.37579904,POS,Travel,US,13,0.1742201023,0.02477345199,0
3050,816,35.33272418,QR,Travel,TR,11,0.1714193408,0.057129461,0
6588,618,90.38053678,POS,Food,UK,17,0.1713183482,0.02950717828,0
827,520,43.17750307,POS,Grocery,FR,22,0.237512148,0.1368003714,0
9442,821,86.69813744,QR,Grocery,TR,20,0.2231202202,0.06870866268,0
2530,980,73.66875265,QR,Electronics,FR,9,0.270557376,0.2972288336,0
7714,211,140.9432033,Online,Electronics,US,16,0.04489066598,0.09159613551,0
3542,523,81.1299518,ATM,Food,US,20,0.1838640803,0.2375427236,0
201,427,93.28094659,ATM,Grocery,TR,20,0.003330619902,0.1108485464,0
5124,258,138.3573451,POS,Food,US,6,0.1379726207,0.08407518254,0
7820,395,129.5251159,QR,Electronics,TR,10,0.1604479727,0.150283209,0
6826,818,49.8717575,Online,Clothing,UK,12,0.2454002333,0.05211997397,0
2245,713,82.75924347,ATM,Clothing,FR,21,0.2544253308,0.28930279,0
8153,946,149.6844838,ATM,Grocery,FR,13,0.2207922132,0.2041903446,0
126,30,82.50741281,POS,Electronics,US,21,0.1501990484,0.2421626494,0
2482,179,139.1351969,POS,Clothing,UK,12,0.2612590206,0.04274844812,0
5915,224,1,ATM,Travel,DE,20,0.2746893649,0.2457869934,0
3507,107,56.41551922,ATM,Grocery,US,14,0.2663870747,0.1885365589,0
3599,143,155.6596562,QR,Travel,US,23,0.2582861471,0.05534919722,0
535,866,1.798392101,QR,Food,TR,15,0.1152503005,0.06305834611,0
7655,391,73.88458363,ATM,Food,UK,23,0.2829477309,0.2882828069,0
3550,843,1,POS,Clothing,UK,14,0.1834261722,0.2645172821,0
1121,448,195.2511542,POS,Electronics,FR,6,0.1763999683,0.07927775827,0
6563,978,71.7648823,POS,Travel,US,20,0.03327902364,0.009553106682,0
5,565,58.95699899,Online,Travel,FR,9,0.2890058877,0.283032397,0
4535,149,33.87977596,QR,Grocery,TR,13,0.1994147153,0.1315245284,0
2513,934,140.3862864,POS,Clothing,DE,12,0.07246017002,0.2803014961,0
4374,693,122.9997308,Online,Electronics,US,8,0.2394881795,0.138675431,0
7060,866,23.19591622,POS,Grocery,TR,19,0.08118865879,0.1637891406,0
3277,275,88.61281346,Online,Travel,DE,14,0.2069947751,0.2473212049,0
1176,368,90.64831856,ATM,Food,UK,23,0.01011940889,0.2523035073,0
8124,403,74.12332555,QR,Food,FR,10,0.09722230996,0.05795099598,0
5069,802,102.1348637,ATM,Travel,FR,20,0.1539209128,0.09258661327,0
1059,21,37.52220486,Online,Clothing,DE,19,0.2141524962,0.2563431908,0
3591,133,77.86662697,ATM,Electronics,UK,16,0.2882750134,0.09754229608,0
4971,468,136.0421801,POS,Food,DE,16,0.1182308803,0.1807737502,0
1441,432,65.26092626,ATM,Food,DE,23,0.1160949787,0.1944766217,0
8087,56,70.96294409,Online,Clothing,US,20,0.2902243287,0.168007649,0
5242,421,32.23972963,POS,Clothing,FR,23,0.09400393798,0.2618797612,0
6250,537,68.72421717,ATM,Clothing,US,14,0.2029922908,0.08278465216,0
419,204,128.1211865,Online,Clothing,US,8,0.2149530131,0.145859118,0
4398,774,84.1084729,Online,Grocery,FR,15,0.2151653129,0.09020831192,0
9371,433,131.4435627,QR,Grocery,DE,21,0.007634519588,0.1401897697,0
616,888,147.8311406,ATM,Clothing,DE,19,0.1849347343,0.2089591074,0
9928,440,151.8239621,ATM,Food,US,3,0.7483295451,0.9799983618,1
36,548,54.6596137,Online,Electronics,DE,17,0.2024173234,0.09930201485,0
3280,771,116.4559607,ATM,Food,FR,14,0.1690504541,0.04018397885,0
9099,308,90.99044052,ATM,Food,DE,7,0.2279233204,0.07022371661,0
358,686,53.45573781,Online,Food,UK,8,0.04646387575,0.1955155964,0
3119,155,84.97775311,Online,Food,FR,15,0.02306635513,0.1831768168,0
7699,33,137.0261144,Online,Electronics,US,15,0.0155856701,0.2572397018,0
8813,831,99.15624971,ATM,Clothing,US,14,0.1726381963,0.2054503679,0
2112,389,1,QR,Food,FR,22,0.1087933972,0.08009406369,0
7610,144,127.6059343,POS,Food,UK,8,0.09066433927,0.1588476827,0
9626,856,684.100171,POS,Clothing,US,14,0.7670597163,0.8437324738,1
1256,548,18.51334174,ATM,Grocery,US,13,0.1436742839,0.1229336277,0
8666,83,79.94398469,QR,Food,TR,7,0.232708042,0.1661310443,0
1318,51,6.504865854,Online,Travel,FR,23,0.03512067991,0.1357875881,0
1659,805,1,Online,Food,US,8,0.2087223917,0.05188017912,0
4412,473,107.9745512,QR,Grocery,TR,20,0.0827905946,0.2940616222,0
8118,148,121.6443247,Online,Grocery,FR,19,0.2162329929,0.1286737435,0
373,420,5.414280551,ATM,Grocery,US,12,0.04065228825,0.2653250484,0
5508,425,40.78895531,ATM,Clothing,DE,19,0.2598517665,0.01667427965,0
9847,955,3199.762767,POS,Electronics,NG,12,0.800712563,0.7740973206,1
8,319,92.91895085,Online,Electronics,US,20,0.2160732643,0.00398715003,0
444,491,107.5516455,QR,Grocery,US,22,0.06694438766,0.2133114731,0
4781,486,138.1531008,ATM,Clothing,FR,11,0.2164868288,0.2373766287,0
1819,660,141.7414251,Online,Electronics,TR,21,0.04466409211,0.04427173847,0
5604,270,102.5525753,Online,Electronics,TR,17,0.2445234691,0.2792055872,0
8851,851,113.2270308,QR,Travel,DE,14,0.1350092203,0.1485370834,0
1924,954,88.53121563,QR,Grocery,US,22,0.07665597534,0.2141852106,0
5631,941,176.8800301,Online,Travel,UK,12,0.1925202673,0.0629340803,0
8545,438,96.04294304,QR,Grocery,TR,19,0.04703855941,0.09345728244,0
6420,51,4.730716605,ATM,Food,TR,21,0.2660595203,0.2102792947,0
1001,678,75.76663706,QR,Grocery,US,6,0.1093274834,0.07328821443,0
3388,428,100.7698268,ATM,Electronics,UK,7,0.1132490609,0.1024516202,0
2300,945,91.37519828,QR,Clothing,DE,19,0.2241196788,0.2616361454,0
6214,999,38.11500927,Online,Travel,US,6,0.2302231663,0.09207630096,0
9964,271,1421.094626,Online,Electronics,DE,0,0.8932817335,0.9573452269,1
7522,332,128.8916144,ATM,Electronics,US,8,0.2225634432,0.08421053272,0
9122,375,179.6560528,ATM,Food,TR,18,0.1451404066,0.1342512781,0
6373,573,77.05894637,Online,Grocery,US,18,0.09209172915,0.2724943819,0
5325,149,146.2005529,POS,Travel,FR,19,0.06257201978,0.02590986421,0
2539,896,79.07321333,Online,Food,FR,20,0.229278454,0.1586062544,0
9908,465,4031.181166,QR,Grocery,US,4,0.9659516909,0.960928453,1
2241,627,68.66038752,POS,Food,US,21,0.2467081945,0.05432320543,0
1407,126,132.1182796,POS,Food,FR,21,0.1922224118,0.1635148484,0
7165,717,125.7728849,ATM,Travel,DE,15,0.2019922581,0.0007894825283,0
9536,473,1465.21251,Online,Food,FR,22,0.9934123247,0.9199706069,1
1169,40,129.4455559,POS,Travel,US,10,0.1183160214,0.06095821434,0
1783,441,128.0970308,QR,Clothing,FR,22,0.02783360456,0.2923199531,0
6636,562,67.67708952,Online,Travel,UK,6,0.1913197674,0.0934016718,0
11,975,129.9199004,ATM,Travel,DE,14,0.1998389818,0.167561687,0
3067,844,135.0855029,POS,Travel,FR,15,0.004786196421,0.2825572635,0
8685,755,195.4937434,POS,Food,FR,23,0.02906208487,0.1145220152,0
7949,519,35.72077824,ATM,Travel,UK,7,0.2761203998,0.05686388308,0
5930,91,56.24541223,QR,Food,DE,8,0.2343886173,0.02612889487,0
8795,932,156.390499,QR,Food,US,23,0.01109623544,0.09082980658,0
3905,354,27.95386161,QR,Food,DE,14,0.07514768384,0.2921096977,0
8597,520,117.9228483,QR,Food,DE,16,0.2953074285,0.05407762443,0
3563,949,106.0659616,POS,Food,FR,6,0.2301122333,0.2818151434,0
1288,37,53.29228965,QR,Food,DE,19,0.1905857649,0.1222528367,0
714,552,54.80439174,Online,Clothing,US,18,0.2736379102,0.02563700925,0
3023,320,192.6348547,POS,Grocery,FR,15,0.09756970355,0.1240400932,0
9739,760,10,Online,Electronics,TR,4,0.8645744563,0.7127787824,1
2575,525,31.43429119,Online,Food,DE,6,0.01882990067,0.0554545339,0
7761,498,123.7950417,Online,Food,TR,15,0.2829644576,0.1540657904,0
1354,962,1,QR,Clothing,UK,11,0.08358113542,0.09990715596,0
4784,911,73.84797852,ATM,Food,UK,16,0.2071116318,0.02059800725,0
3246,729,117.044083,Online,Grocery,FR,16,0.1448199196,0.2248057529,0
4433,535,7.411762686,ATM,Grocery,DE,11,0.1088799623,0.1731462,0
1297,962,102.8209727,QR,Grocery,US,19,0.04239171267,0.04268768337,0
4152,183,139.0862094,ATM,Food,UK,18,0.2457469227,0.1114123282,0
7459,521,94.0965122,Online,Travel,DE,23,0.272035065,0.1433128435,0
9996,390,22.16842906,Online,Electronics,TR,5,0.8990753679,0.9996026493,1
853,87,95.30627225,Online,Clothing,UK,22,0.2140444458,0.1327533981,0
3245,53,66.39124044,Online,Clothing,TR,6,0.07683958525,0.2310804359,0
3920,152,101.4067756,POS,Grocery,UK,22,0.240655555,0.1877140436,0
1785,514,98.39862154,QR,Electronics,UK,13,0.04733012749,0.182251539,0
1630,615,95.91446539,Online,Travel,US,10,0.2741474404,0.2391716029,0
1490,498,45.63696579,Online,Clothing,FR,19,0.09255837137,0.04264404958,0
3663,333,141.4330061,ATM,Travel,UK,20,0.0938177514,0.2164864829,0
1964,493,117.1259486,ATM,Travel,US,11,0.07652200483,0.01937113666,0
4620,190,116.6270795,QR,Electronics,UK,9,0.1245171689,0.2574591749,0
8691,333,181.7777089,POS,Travel,TR,11,0.1086467315,0.2460563632,0
1147,689,182.3164604,QR,Clothing,DE,8,0.05225638869,0.08070691177,0
7900,51,159.2034529,ATM,Travel,FR,8,0.03141264049,0.1868510011,0
613,789,75.01933382,POS,Grocery,TR,17,0.1103987766,0.1862194965,0
2734,105,158.2676191,Online,Travel,UK,9,0.2591405295,0.25583033,0
4618,73,108.5277577,QR,Food,US,12,0.04649902967,0.0716177355,0
6302,533,125.4143268,QR,Travel,US,20,0.01006854862,0.03359386573,0
1624,444,29.73590564,Online,Food,UK,9,0.2802158382,0.01492849523,0
4306,861,1,QR,Travel,DE,17,0.2769012063,0.05816122617,0
9149,693,109.0081073,POS,Electronics,DE,8,0.03829944622,0.008614625073,0
6901,89,142.010843,QR,Grocery,TR,23,0.2062697741,0.1285916431,0
930,999,141.22259,QR,Travel,US,9,0.1302598837,0.006581336192,0
9114,730,47.63320528,Online,Travel,FR,12,0.03628968562,0.09682139663,0
9152,239,63.57629921,Online,Grocery,TR,7,0.2279735757,0.1029432408,0
3672,407,129.1001677,QR,Clothing,FR,20,0.2803424384,0.1494244993,0
5348,950,103.7911465,QR,Food,DE,14,0.1048589349,0.02978107093,0
5462,672,103.6069027,Online,Food,UK,12,0.05135825016,0.1309582608,0
3690,665,143.4563769,POS,Grocery,TR,9,0.1964279645,0.2223258222,0
7680,789,51.57936431,Online,Clothing,US,13,0.1275580215,0.2465519571,0
4846,267,1,QR,Food,TR,23,0.1818392844,0.264811876,0
2533,673,104.8368216,ATM,Travel,TR,12,0.1692239524,0.002742959538,0
3654,556,186.0132654,POS,Clothing,UK,11,0.004913803637,0.06198474457,0
7476,52,6.847657159,POS,Travel,TR,19,0.2905963718,0.2525172526,0
3033,107,85.92356451,QR,Travel,TR,7,0.2379847717,0.1613885839,0
3572,185,82.0150582,POS,Grocery,DE,9,0.1878593379,0.2011575778,0
855,103,112.3404659,QR,Food,FR,15,0.00875172,0.1953817437,0
1938,804,132.0854623,QR,Travel,DE,13,0.1225938977,0.2935594268,0
1242,186,152.3128607,POS,Electronics,US,18,0.2085504108,0.1383796607,0
8411,968,108.9145471,POS,Grocery,FR,8,0.1329225666,0.09568253262,0
4696,876,104.1437227,QR,Travel,DE,11,0.04514855367,0.220344314,0
6036,217,169.489629,Online,Food,DE,7,0.06000400915,0.0302171185,0
1295,241,89.2296936,ATM,Travel,US,13,0.2492835046,0.2078508296,0
1357,894,135.0769229,ATM,Electronics,UK,14,0.2104630259,0.2194321341,0
2630,927,138.9313682,POS,Electronics,UK,18,0.2494031599,0.1867631646,0
2721,423,63.29449744,ATM,Electronics,US,21,0.1578722094,0.2302978679,0
7192,855,83.14197243,ATM,Travel,TR,13,0.03438564078,0.1368849995,0
3417,216,142.1244369,ATM,Food,DE,23,0.1121075734,0.2337758686,0
5698,379,154.8306592,Online,Travel,US,15,0.2598401015,0.09688567225,0
5221,523,126.4557554,QR,Grocery,DE,22,0.1767953629,0.02055775206,0
6977,752,141.7170111,POS,Travel,UK,8,0.05276707545,0.1108154761,0
6806,388,106.4486054,ATM,Grocery,TR,19,0.2016525814,0.2782937507,0
5597,278,64.07883802,POS,Grocery,UK,20,0.03234413003,0.04943867208,0
9361,144,94.0931805,ATM,Grocery,UK,12,0.2537952618,0.1804583506,0
1678,902,72.95230483,QR,Travel,DE,14,0.2339843246,0.1977621186,0
6138,839,169.3138041,Online,Travel,DE,22,0.2299028134,0.2519092464,0
380,32,36.81154614,Online,Grocery,UK,20,0.1249775178,0.07013261897,0
4317,616,1,QR,Grocery,TR,14,0.2905218707,0.09599513436,0
5274,971,192.6145477,POS,Food,US,12,0.1575142769,0.2447392172,0
705,790,153.9215372,ATM,Clothing,US,14,0.1807055153,0.2990441249,0
7465,11,91.56544825,QR,Food,DE,23,0.02359849393,0.2832372368,0
23,18,39.85984027,Online,Travel,DE,15,0.107363002,0.1899566219,0
4681,272,56.58596341,ATM,Clothing,TR,7,0.1612445431,0.2559834363,0
1204,649,46.43458362,QR,Clothing,UK,9,0.06950194905,0.213515269,0
6175,203,64.1658046,Online,Grocery,DE,18,0.2042300176,0.2515174521,0
9413,60,99.02422803,ATM,Travel,US,9,0.291783044,0.2074134806,0
9529,318,1024.360022,ATM,Food,US,0,0.9084776875,0.8228963222,1
8948,777,86.59721158,QR,Grocery,UK,8,0.04581760974,0.264165464,0
1162,921,100.198064,ATM,Travel,DE,7,0.0362027666,0.1751900644,0
5554,574,72.87450461,ATM,Electronics,US,13,0.01744233021,0.1832248325,0
2092,210,62.55134514,POS,Travel,DE,21,0.04412067191,0.131223351,0
9778,959,1841.032005,Online,Travel,FR,5,0.7363254854,0.9654965817,1
7059,859,157.7985995,QR,Grocery,DE,16,0.08545480405,0.1703123967,0
4957,266,51.89282356,POS,Electronics,DE,7,0.2395810865,0.1759771172,0
9518,810,7504.225429,POS,Clothing,TR,12,0.9304538698,0.9339177777,1
2764,598,123.7355489,Online,Clothing,FR,23,0.02324251052,0.1249186836,0
9766,159,22.16842906,ATM,Clothing,UK,11,0.7250955135,0.7855276798,1
3909,145,85.18462986,Online,Grocery,DE,13,0.1243454908,0.2968078051,0
65,354,113.7456355,ATM,Food,DE,6,0.1065005967,0.2379630166,0
5435,404,86.87594761,QR,Food,TR,18,0.275102674,0.002778810455,0
2341,57,114.0318683,Online,Clothing,UK,17,0.1971363366,0.1025262577,0
2204,314,89.01989529,Online,Travel,FR,15,0.08805124897,0.1165775914,0
5741,508,1,QR,Electronics,UK,14,0.06857888682,0.2958605519,0
3342,231,87.39332945,Online,Clothing,FR,12,0.06982994854,0.07909642518,0
6162,124,125.8027507,Online,Clothing,TR,10,0.2153524248,0.2017536602,0
886,174,91.83460225,QR,Travel,DE,19,0.2207481303,0.1678023471,0
9476,569,185.2664516,QR,Travel,DE,21,0.02312841159,0.2056951187,0
1876,58,25.00661804,Online,Electronics,US,22,0.1769649027,0.07550987873,0
6065,154,173.1730673,ATM,Food,DE,21,0.1691363925,0.135198898,0
6118,431,136.1152742,QR,Travel,DE,23,0.240598664,0.1861386229,0
5865,463,54.75242555,QR,Food,US,20,0.1050236139,0.1037101632,0
3811,661,135.406493,Online,Grocery,US,13,0.02459700966,0.075695299,0
6982,784,101.9966523,POS,Clothing,UK,6,0.1549816041,0.1609669132,0
4023,267,149.6963895,Online,Travel,FR,20,0.02466110273,0.1515480467,0
7776,880,146.2478947,Online,Food,US,20,0.1048041981,0.1220664767,0
9291,567,30.15087028,POS,Travel,US,13,0.252599828,0.162151687,0
516,519,86.00377288,POS,Electronics,TR,7,0.2619453382,0.1658854211,0
6460,470,107.3504293,QR,Food,UK,12,0.1681020237,0.16551312,0
1181,435,65.32295553,Online,Food,US,20,0.133352312,0.2862266816,0
378,500,26.22942995,QR,Clothing,TR,14,0.2561895788,0.0651166703,0
9720,601,2587.732949,ATM,Grocery,NG,7,0.8437900613,0.887146147,1
6386,860,51.23331612,POS,Electronics,US,19,0.1463542862,0.2000072148,0
2527,614,113.0085945,QR,Food,FR,17,0.1589430951,0.1137162439,0
5785,323,148.5107871,QR,Travel,US,20,0.0120483779,0.1103709083,0
3291,85,105.7318937,POS,Electronics,UK,16,0.03212408037,0.2041435282,0
8654,244,140.4270379,POS,Travel,FR,15,0.2752934117,0.2896376564,0
8978,53,103.0591104,POS,Travel,UK,16,0.002707445211,0.1116058878,0
5685,87,136.063404,Online,Travel,FR,15,0.1297243845,0.05488238024,0
5899,165,87.42103615,QR,Travel,FR,12,0.2351788913,0.0278064164,0
9408,605,152.5140997,Online,Clothing,UK,19,0.2756035333,0.1651028278,0
3253,894,94.44042823,POS,Food,FR,17,0.07240560569,0.1371161971,0
304,487,57.68933574,ATM,Travel,TR,6,0.08085060176,0.1863245138,0
1231,856,228.2825787,Online,Travel,DE,7,0.008898655916,0.1421074856,0
5632,927,123.6070201,Online,Food,DE,6,0.2015110277,0.1113302998,0
4335,421,98.49516464,Online,Food,FR,9,0.221051393,0.01007802397,0
3301,199,146.8102869,POS,Travel,TR,19,0.09120214109,0.1781423542,0
5711,317,107.2760372,POS,Clothing,TR,10,0.2695211709,0.09650881946,0
585,595,48.37605161,QR,Travel,UK,8,0.03743424262,0.1616807713,0
4151,565,150.7293127,Online,Grocery,FR,19,0.06561379239,0.2029430237,0
3491,259,61.22922318,ATM,Electronics,US,11,0.08708859985,0.146274789,0
9397,87,6.496945066,Online,Food,UK,19,0.1494369069,0.1765931891,0
7768,239,17.03187704,ATM,Food,UK,8,0.2060120486,0.05604397528,0
9919,708,2237.233228,QR,Clothing,DE,23,0.8220005991,0.82852467,1
9863,270,6253.210886,QR,Travel,DE,1,0.9588636635,0.7416581219,1
37,0,178.6153128,ATM,Grocery,DE,21,0.2346822635,0.1549202025,0
252,912,43.73675551,Online,Travel,UK,9,0.2303951587,0.2495043818,0
1098,257,46.10470694,QR,Food,DE,15,0.1945396955,0.283159761,0
1558,478,143.1352461,Online,Grocery,FR,16,0.01189542445,0.1952592697,0
8766,721,57.4826451,Online,Food,US,15,0.2771604873,0.127014685,0
4138,114,182.1136141,Online,Food,TR,8,0.2417092759,0.2558321302,0
4163,326,53.10651984,POS,Clothing,TR,21,0.1980680433,0.2949876835,0
6481,823,173.7315564,ATM,Grocery,FR,11,0.04769023264,0.1475368123,0
6340,754,56.2435986,QR,Clothing,TR,15,0.1266948096,0.08162266076,0
6746,148,81.99791131,QR,Clothing,FR,18,0.21171684,0.2221545715,0
9323,24,22.87918981,ATM,Travel,UK,13,0.2550720683,0.1049814667,0
3950,344,198.6949289,QR,Grocery,TR,13,0.2499340229,0.1817703411,0
9765,713,10,POS,Electronics,FR,4,0.8372879807,0.8926508116,1
6606,897,56.97518628,QR,Travel,DE,15,0.04882725026,0.1352942542,0
6615,922,85.78120705,QR,Travel,DE,20,0.03777647237,0.07601243536,0
4638,441,3.080446937,Online,Clothing,TR,16,0.2580804309,0.07570461174,0
8263,175,142.7403518,QR,Travel,DE,15,0.263838103,0.02531496455,0
4604,735,130.7559428,POS,Food,DE,22,0.1763778711,0.2084406897,0
2032,452,36.80595855,POS,Clothing,US,22,0.1882395834,0.09236245029,0
8609,109,169.8295781,QR,Travel,US,14,0.2706261411,0.2300679559,0
8451,557,44.96389002,QR,Food,FR,23,0.1150074816,0.004533768353,0
8347,64,131.7910452,QR,Clothing,FR,18,0.01739798996,0.09345523978,0
3278,72,1,ATM,Grocery,FR,9,0.2135110929,0.2560369464,0
7113,482,69.21321665,ATM,Clothing,US,13,0.2076543986,0.2725605878,0
9108,12,78.35070456,Online,Food,DE,12,0.1914873728,0.03268714485,0
7601,380,105.3041355,POS,Clothing,FR,20,0.2842755779,0.2846855147,0
4281,567,64.99925825,POS,Clothing,UK,14,0.294993726,0.1902907547,0
1985,637,148.1158289,ATM,Grocery,UK,12,0.2714960415,0.2601559817,0
4748,176,87.17874154,POS,Food,FR,8,0.05755531116,0.1394900591,0
7445,852,161.8610821,ATM,Clothing,TR,16,0.1307620053,0.1301496648,0
2637,380,33.01238732,QR,Travel,UK,13,0.1502091717,0.2149019938,0
2548,190,90.63993154,QR,Food,TR,17,0.2641535903,0.2682920882,0
3087,600,57.63653616,POS,Grocery,TR,15,0.1179278597,0.01435206794,0
2673,791,63.34985404,QR,Clothing,DE,6,0.0314204327,0.05755055221,0
4470,439,157.5548673,QR,Electronics,TR,19,0.2449488271,0.2088208247,0
940,554,110.2258001,ATM,Travel,US,6,0.1884777122,0.1621515217,0
6375,28,93.39148644,ATM,Electronics,FR,7,0.0481985302,0.00634058152,0
2166,344,122.9590084,QR,Food,TR,17,0.2170473518,0.01836524246,0
9420,31,12.85560131,QR,Grocery,DE,9,0.1116127774,0.2032339478,0
5525,183,101.7636096,ATM,Clothing,UK,17,0.1019513677,0.1581531573,0
4608,582,51.60138048,ATM,Food,FR,17,0.1855260417,0.03062660174,0
6073,906,76.97122168,ATM,Grocery,DE,21,0.2785908291,0.05214831526,0
5045,793,96.12734964,POS,Grocery,TR,11,0.1367316362,0.009255301668,0
2267,782,75.40902548,POS,Clothing,DE,9,0.2003387601,0.2400936571,0
1302,802,35.95296,QR,Food,UK,9,0.08512595951,0.1866932332,0
1111,559,17.43592882,POS,Grocery,DE,14,0.2589731327,0.1903205032,0
1461,820,39.50939015,Online,Food,TR,7,0.03074394288,0.285947452,0
7941,45,99.04106874,QR,Food,US,18,0.01759723582,0.1660319664,0
5265,395,35.75993749,Online,Travel,US,21,0.09553081909,0.2585757479,0
2386,536,61.85722789,POS,Clothing,FR,8,0.02347843152,0.1380865798,0
8736,850,37.89017027,ATM,Electronics,TR,14,0.08279098572,0.05145855329,0
2368,967,168.0803618,Online,Clothing,DE,23,0.2347956474,0.2395233484,0
8188,375,100.4057349,Online,Travel,DE,22,0.2400475866,0.2267506385,0
4778,441,100.7789507,ATM,Grocery,FR,23,0.1721767335,0.0912029335,0
163,759,39.92059059,QR,Clothing,DE,21,0.1933659213,0.03901116684,0
8181,55,17.05447086,POS,Food,FR,13,0.2470489706,0.2729772552,0
5515,638,45.60388107,Online,Grocery,UK,13,0.1363660055,0.2772386821,0
5677,278,134.2287363,ATM,Grocery,US,19,0.2254716996,0.1276303755,0
3722,991,212.1621982,POS,Grocery,DE,22,0.2711078473,0.220774252,0
7750,656,147.704883,ATM,Food,US,20,0.0141538686,0.2780280125,0
1465,528,59.37121088,ATM,Clothing,DE,9,0.04323579831,0.1325293566,0
3091,72,30.85520404,ATM,Grocery,FR,18,0.1334425065,0.2237167469,0
2868,16,109.8711524,ATM,Food,TR,11,0.18405022,0.2198560327,0
9094,636,66.15148545,ATM,Travel,DE,8,0.1713384999,0.2635254075,0
1148,418,150.3928449,ATM,Electronics,US,13,0.2344286074,0.08773352149,0
5950,452,64.26621051,ATM,Clothing,UK,8,0.06632374998,0.2152163133,0
8794,531,30.90113127,POS,Grocery,FR,19,0.08001834697,0.1612626922,0
8869,256,1,QR,Clothing,TR,17,0.2459408069,0.2663075303,0
6516,99,97.45999408,Online,Clothing,FR,11,0.2851495851,0.2017330163,0
6773,157,62.66840805,Online,Electronics,TR,18,0.1432967608,0.0216492206,0
3205,784,103.4574908,POS,Food,DE,19,0.04508048223,0.08616325087,0
121,52,166.1083573,QR,Food,FR,8,0.01971089125,0.002646121823,0
6397,898,116.2802841,Online,Electronics,FR,13,0.2734161764,0.1886136598,0
3661,8,33.42458502,ATM,Food,DE,22,0.2609787418,0.2283426125,0
1352,470,76.53009188,ATM,Grocery,US,15,0.2599078487,0.2401589028,0
4772,560,65.74907785,POS,Travel,US,9,0.03110988527,0.2648971089,0
3243,970,103.4299177,POS,Travel,UK,8,0.2794817471,0.2028909004,0
412,194,150.9888264,POS,Travel,US,16,0.09410706385,0.280358342,0
2361,937,163.9519958,POS,Grocery,US,7,0.05862407294,0.1987783636,0
3001,301,180.8858538,ATM,Grocery,US,18,0.1692346298,0.1469618428,0
4528,9,153.2329425,QR,Grocery,UK,7,0.1621906904,0.06638172386,0
8012,22,118.2598954,POS,Electronics,FR,13,0.02128392556,0.1979152383,0
8791,886,38.40706445,POS,Electronics,DE,10,0.1158422455,0.1832381439,0
4445,285,124.0437533,Online,Travel,TR,14,0.2742112214,0.09485833452,0
6012,508,113.4405599,QR,Clothing,UK,11,0.1886131509,0.1134688759,0
9187,22,107.8052676,QR,Travel,DE,6,0.1676342102,0.1106810461,0
598,511,111.3883501,POS,Travel,FR,16,0.1977322549,0.257140117,0
2247,478,107.4903153,POS,Food,TR,16,0.1195384456,0.2684511404,0
1770,165,25.52343233,QR,Clothing,TR,16,0.0356838221,0.2651664559,0
1916,438,210.0695356,QR,Electronics,FR,18,0.2229081783,0.08217091386,0
7961,661,111.8243473,ATM,Electronics,UK,13,0.08360786,0.242178565,0
8740,32,143.6326968,Online,Food,TR,17,0.09856367135,0.2931452703,0
2264,719,171.9646742,QR,Clothing,DE,12,0.2578693039,0.05538613951,0
8626,851,113.091766,POS,Travel,UK,16,0.2601460366,0.2648714145,0
1034,324,95.95375234,POS,Clothing,US,23,0.1667427384,0.1941043513,0
8329,469,136.97624,POS,Clothing,UK,14,0.1539631272,0.2456955739,0
9272,186,110.3882939,ATM,Travel,UK,18,0.2068825383,0.181712116,0
8781,132,57.60745132,Online,Grocery,US,23,0.2004241166,0.01998018438,0
7457,301,95.48338472,QR,Travel,DE,12,0.01948856732,0.1187041705,0
4613,916,3.101272639,QR,Grocery,US,11,0.09539039974,0.2519774175,0
7689,689,103.8984236,POS,Food,FR,9,0.2108497932,0.2403722399,0
7432,877,1,QR,Travel,DE,12,0.1017149027,0.1935156041,0
8379,618,52.22990674,Online,Grocery,DE,15,0.1961824522,0.142937044,0
9334,432,114.6148006,ATM,Clothing,US,6,0.05245440989,0.2214472272,0
7668,603,59.65108667,ATM,Food,UK,17,0.0411304689,0.07209888651,0
5458,574,119.5595079,QR,Electronics,US,18,0.2434924752,0.1997586151,0
9377,976,150.1818439,ATM,Electronics,FR,22,0.08856725848,0.1408395957,0
8705,849,61.92142365,POS,Food,FR,12,0.2068736693,0.2577438096,0
2066,935,5.280890204,QR,Food,FR,11,0.1334358242,0.2226689321,0
7551,879,209.610122,QR,Clothing,FR,16,0.2095116146,0.1792691903,0
9504,167,1783.649987,QR,Clothing,UK,5,0.931915215,0.8783026495,1
2526,456,99.26531235,QR,Electronics,UK,23,0.274839273,0.01934836684,0
1690,983,124.5954509,POS,Electronics,TR,9,0.2279452793,0.2928479854,0
7404,941,129.655806,Online,Grocery,US,18,0.02881671493,0.1364332246,0
6702,138,156.8324853,Online,Travel,US,16,0.2066892996,0.09109487236,0
90,321,60.75618768,ATM,Clothing,DE,6,0.0903561128,0.04785582556,0
810,503,111.6430306,ATM,Electronics,US,20,0.2485213361,0.1147920397,0
6236,74,149.9988034,ATM,Electronics,FR,19,0.078768481,0.03681611006,0
4382,976,117.0473062,ATM,Grocery,US,13,0.01479152549,0.08267597445,0
117,436,73.19591024,QR,Clothing,DE,18,0.07633087095,0.1798582721,0
4417,843,35.80730566,POS,Clothing,TR,23,0.1320930628,0.2063485219,0
8570,944,151.2507348,QR,Electronics,FR,11,0.1479493019,0.2931155325,0
8488,508,86.76941989,POS,Grocery,TR,10,0.05057303203,0.2156700934,0
4054,492,143.1055198,POS,Grocery,DE,6,0.07010098762,0.2267367966,0
3015,305,103.4398439,POS,Electronics,FR,21,0.1845492733,0.1743007955,0
9836,944,2330.28989,QR,Clothing,DE,13,0.8515419124,0.7005303803,1
8360,544,137.4140324,ATM,Grocery,FR,22,0.04066596087,0.01168653359,0
3902,770,176.1467962,POS,Grocery,DE,10,0.284714961,0.1057446425,0
3781,501,88.76205076,QR,Clothing,DE,18,0.04807418442,0.1927980875,0
7843,588,141.3612403,POS,Travel,US,7,0.004893832815,0.1813426529,0
1063,294,160.4747247,ATM,Electronics,FR,20,0.04518306601,0.2027869889,0
1986,807,72.53859303,POS,Travel,UK,16,0.2335994805,0.03834706505,0
1259,529,138.4782572,ATM,Travel,TR,23,0.2157850704,0.05002427907,0
1097,507,127.072205,Online,Food,FR,6,0.02943241679,0.2707273776,0
5363,925,59.80982762,Online,Food,TR,18,0.2779743797,0.2319590052,0
1768,802,118.9251074,POS,Grocery,US,10,0.1811016087,0.2918188711,0
2830,529,87.04373947,POS,Electronics,FR,23,0.2124264526,0.2760097183,0
3841,657,67.09116562,POS,Travel,DE,22,0.2279957789,0.05842717512,0
9581,94,1000.054258,ATM,Travel,DE,2,0.9527794071,0.8237226402,1
9452,405,57.41535878,QR,Grocery,US,8,0.03290027195,0.2217358693,0
873,72,11.15871692,POS,Clothing,US,19,0.07214534678,0.08926365313,0
6539,280,104.5306801,ATM,Clothing,TR,13,0.001057568134,0.1738692945,0
1434,896,72.92841775,QR,Grocery,TR,22,0.1144434643,0.1296477493,0
1524,291,173.2858621,POS,Clothing,US,10,0.06866173681,0.2606475521,0
6349,540,204.7359292,QR,Clothing,US,21,0.286376559,0.2088012179,0
4673,129,1,POS,Electronics,DE,14,0.0236709447,0.1781191299,0
4915,502,210.4693563,ATM,Electronics,DE,11,0.08296971434,0.1644710752,0
1403,678,183.6763421,POS,Electronics,FR,7,0.2904023099,0.1239732768,0
8601,971,166.3995294,QR,Electronics,FR,12,0.08042548323,0.2569060117,0
8084,137,141.6694745,POS,Clothing,DE,16,0.2523021059,0.183686782,0
7785,675,18.74505156,Online,Food,FR,6,0.05158096661,0.09632643568,0
3569,747,91.28101463,QR,Electronics,FR,10,0.04869721853,0.02587660027,0
9563,868,2605.244195,ATM,Grocery,FR,8,0.955658549,0.8797606538,1
3045,489,104.38906,Online,Electronics,TR,7,0.2678793035,0.2843276665,0
5016,265,51.41414104,POS,Electronics,TR,21,0.2696947972,0.2600822643,0
4690,660,158.7497681,ATM,Food,US,9,0.09274597543,0.1952881887,0
5094,807,98.97866289,ATM,Electronics,US,11,0.1149418972,0.1806363002,0
7089,213,136.3365273,Online,Clothing,TR,20,0.09512925967,0.1831882943,0
4372,439,162.3180608,Online,Clothing,TR,18,0.278194018,0.09860739094,0
7419,821,110.0680414,QR,Clothing,UK,20,0.2929158405,0.1593613206,0
8925,574,156.069701,ATM,Food,US,6,0.03106815315,0.1317216742,0
2432,577,135.8165492,POS,Clothing,DE,13,0.05760152216,0.1040563754,0
4850,611,130.4239841,POS,Grocery,DE,19,0.004238110078,0.2159914994,0
4516,107,60.17596908,ATM,Grocery,UK,19,0.2687754055,0.2982534384,0
2449,249,67.60913494,QR,Grocery,FR,20,0.2259576265,0.1617696763,0
4525,607,64.08234806,POS,Grocery,UK,18,0.1683218694,0.2655977248,0
9790,104,22.16842906,QR,Travel,FR,17,0.9423921058,0.9844343635,1
7132,559,84.63193793,QR,Food,FR,21,0.2953042938,0.1902069157,0
7717,43,68.80620641,POS,Electronics,TR,20,0.2164211569,0.2802172808,0
6553,701,39.16784522,Online,Food,TR,7,0.1116739997,0.2332112911,0
7638,401,158.9369888,POS,Travel,DE,9,0.1569400252,0.09600518259,0
8867,688,42.8517973,QR,Grocery,DE,9,0.02303457055,0.0607635503,0
1555,883,59.08312583,POS,Travel,DE,13,0.05480720249,0.1877409677,0
8887,13,92.21387393,QR,Food,UK,9,0.01230003833,0.0378138742,0
9684,124,2149.212104,ATM,Electronics,TR,14,0.7129622682,0.8085707248,1
2595,216,227.0670516,QR,Clothing,DE,20,0.2238192236,0.09748589494,0
4959,440,166.5499275,Online,Electronics,FR,8,0.1647794256,0.156744319,0
5852,542,1,ATM,Grocery,UK,8,0.2117344252,0.08054143844,0
8449,519,115.9063431,Online,Grocery,TR,12,0.2775927794,0.2743398781,0
9837,797,10,POS,Clothing,NG,2,0.816458659,0.7760935247,1
4682,116,23.34936664,ATM,Clothing,FR,14,0.154502576,0.1775182474,0
4588,168,114.7556384,QR,Electronics,TR,9,0.02603394532,0.202171298,0
5099,209,77.76544333,Online,Travel,FR,22,0.0779126494,0.1802798067,0
9156,707,107.6774277,Online,Grocery,US,15,0.2374726498,0.05083517296,0
9569,766,10,Online,Grocery,UK,2,0.9289326017,0.8747373217,1
9812,338,2645.368602,QR,Electronics,UK,16,0.7644494497,0.9289200132,1
749,247,129.6277654,QR,Travel,FR,12,0.2367060861,0.2138023319,0
5806,533,2.237242045,ATM,Electronics,US,11,0.08603899515,0.1064000077,0
2351,493,163.7686704,QR,Electronics,DE,9,0.04398819741,0.06961280969,0
9490,956,171.4865363,QR,Clothing,UK,8,0.1707870806,0.2536174333,0
4938,396,119.4100307,POS,Food,FR,21,0.06506199918,0.03087991025,0
7662,414,53.82675017,POS,Grocery,UK,7,0.07080833598,0.2442187119,0
4469,109,103.0797928,QR,Clothing,TR,9,0.2122563524,0.1630902787,0
7257,91,156.1732359,QR,Travel,US,7,0.1967586929,0.04989193965,0
1778,927,69.45661109,Online,Food,US,15,0.04493350979,0.1949417381,0
5886,368,46.64851977,QR,Clothing,DE,17,0.05741403728,0.1178551079,0
5873,325,115.2876655,POS,Food,FR,22,0.1969232107,0.2212218637,0
6409,569,67.3564482,QR,Grocery,UK,13,0.2137896449,0.1395927216,0
7095,882,100.3459724,POS,Grocery,UK,19,0.2355438222,0.2014770099,0
3884,400,121.2770647,POS,Food,FR,13,0.1760835652,0.2435513136,0
7666,843,70.57025077,POS,Grocery,DE,8,0.2401675882,0.2694219989,0
6740,501,1,ATM,Food,DE,16,0.1521859092,0.2512965365,0
1826,467,132.3643282,POS,Clothing,US,17,0.1406635823,0.1070526568,0
8142,716,1,ATM,Electronics,DE,21,0.2995001417,0.1302682091,0
3213,935,125.6147155,POS,Clothing,FR,13,0.2394371438,0.2816503096,0
9822,15,4150.148653,Online,Electronics,DE,8,0.7637725251,0.852319927,1
9920,282,2400.898659,POS,Food,UK,4,0.9326740605,0.9963657165,1
4391,825,137.8143364,QR,Clothing,DE,19,0.08165393628,0.09858182631,0
8815,208,116.0038781,ATM,Grocery,UK,7,0.02547859024,0.1950825936,0
4015,610,104.0688016,POS,Food,TR,19,0.1923930209,0.1876534839,0
3351,358,136.5377331,QR,Travel,DE,14,0.03891141835,0.137180506,0
8739,19,130.0720797,QR,Clothing,UK,6,0.248535005,0.06517728352,0
6711,350,93.34455682,Online,Travel,US,8,0.1176092078,0.0906815878,0
9386,246,66.14883575,Online,Electronics,UK,21,0.06205033848,0.2453836791,0
5958,559,54.53123762,POS,Electronics,TR,19,0.1313173725,0.2141577532,0
9907,957,2993.361779,POS,Travel,NG,4,0.7595106374,0.9638748196,1
2598,814,140.8518343,POS,Grocery,UK,23,0.2142996048,0.2048404213,0
7236,308,194.384329,QR,Clothing,FR,8,0.01182464771,0.1389623294,0
8236,213,191.79562,ATM,Clothing,UK,12,0.08390703403,0.07842397575,0
6009,209,70.06300938,QR,Travel,DE,11,0.0540005301,0.1541243877,0
4782,859,156.0913746,ATM,Electronics,UK,12,0.1922788237,0.2921151297,0
8619,93,125.7757817,QR,Food,US,19,0.09574641508,0.07908263236,0
5951,470,58.57915348,QR,Travel,FR,15,0.1716873868,0.1418466387,0
8848,491,212.964186,Online,Travel,TR,16,0.03123533954,0.2607704192,0
583,592,104.146028,Online,Electronics,US,20,0.2958338918,0.1357995125,0
3526,43,156.1066161,POS,Travel,FR,22,0.1243294316,0.2719147621,0
2225,607,103.4745806,POS,Travel,US,9,0.1506930154,0.2427391347,0
5359,451,121.8885731,QR,Travel,DE,17,0.2397239857,0.03364623206,0
3926,481,128.3035779,ATM,Grocery,DE,9,0.1928284564,0.03699929095,0
4330,725,132.6514777,POS,Travel,DE,15,0.1111234284,0.1362860649,0
2976,489,126.0299441,Online,Grocery,TR,8,0.06751096764,0.2681461162,0
3944,847,171.3504451,POS,Clothing,UK,23,0.09780132089,0.1467259803,0
2521,892,140.5430858,Online,Travel,UK,9,0.1656143175,0.1298847512,0
2497,869,134.2359694,POS,Food,UK,20,0.05024662133,0.2083826859,0
2810,596,102.4598969,POS,Clothing,FR,11,0.2541047736,0.1163506927,0
4185,171,50.60410832,POS,Electronics,TR,14,0.2493861346,0.1523758429,0
935,482,24.66935854,Online,Grocery,DE,14,0.03267302994,0.1922604935,0
8273,832,60.24535927,Online,Travel,TR,16,0.298398418,0.2531654012,0
3375,115,132.61141,QR,Travel,DE,17,0.2225427938,0.2330987275,0
2388,801,76.34392477,POS,Electronics,FR,15,0.08781604536,0.0501362491,0
7357,737,106.6567823,Online,Food,US,10,0.06296886989,0.1689576835,0
7811,440,155.5693463,QR,Clothing,US,19,0.2070288742,0.1829832802,0
7143,987,100.4260536,POS,Travel,DE,9,0.2036577932,0.1591270611,0
5387,206,124.418238,POS,Travel,TR,16,0.04527289439,0.1343412774,0
3893,330,45.42354455,Online,Electronics,DE,22,0.0128762762,0.06477590189,0
6038,980,100.7897151,Online,Grocery,FR,18,0.2190258826,0.2828823386,0
7731,442,1,POS,Electronics,TR,7,0.0831612453,0.2471839026,0
6627,149,100.0437793,POS,Food,DE,19,0.03601499966,0.04315203332,0
6461,392,71.9132668,QR,Food,US,23,0.1841296043,0.2258923219,0
5988,163,96.42851769,POS,Grocery,DE,8,0.2795485431,0.2948974012,0
2743,808,66.31715642,POS,Clothing,UK,16,0.1015096974,0.1356671312,0
2144,711,79.90067544,POS,Clothing,FR,8,0.09034445187,0.03643444853,0
3440,440,9.448842856,Online,Electronics,TR,10,0.2996748755,0.05062097626,0
836,559,132.5855538,Online,Electronics,DE,21,0.07416551078,0.2640086392,0
7344,618,96.85115401,Online,Food,DE,8,0.1444937067,0.2945473101,0
4504,611,129.7899738,QR,Clothing,DE,20,0.2017318328,0.0560540704,0
2353,185,87.55761405,QR,Food,TR,18,0.05753571697,0.2624853844,0
3168,461,109.9148017,Online,Clothing,US,9,0.05336980937,0.06868346521,0
9011,446,168.1778272,Online,Grocery,UK,14,0.2929366826,0.05842605529,0
6648,694,86.9169457,QR,Clothing,FR,6,0.2464923341,0.2068806681,0
5701,657,73.71275084,ATM,Clothing,TR,18,0.1760470837,0.233586018,0
5033,755,51.26045612,Online,Grocery,TR,21,0.08904012469,0.2719882122,0
6789,114,1,ATM,Travel,US,13,0.1576838717,0.1363441433,0
5054,342,119.7882576,POS,Food,DE,18,0.2470836204,0.1117562036,0
712,220,73.55387488,QR,Food,UK,15,0.208674042,0.05049815777,0
7146,520,46.59680762,QR,Grocery,TR,14,0.09776156347,0.0410111242,0
680,936,102.4662418,POS,Electronics,DE,22,0.02002110558,0.2812210039,0
993,488,118.6137305,QR,Food,UK,15,0.07130363068,0.2349252891,0
8761,130,125.4912591,ATM,Food,US,8,0.1683441358,0.03809245495,0
7410,687,19.89584953,Online,Grocery,FR,20,0.08208483932,0.01274731628,0
6261,497,158.7612228,POS,Clothing,DE,22,0.09112958265,0.2331853977,0
1196,313,120.5336987,POS,Grocery,US,11,0.1811738328,0.08903972278,0
3442,495,104.355311,POS,Clothing,UK,6,0.1664109682,0.07978774423,0
7430,160,122.7604124,POS,Grocery,DE,17,0.2694431611,0.2318218111,0
4651,446,6.621803178,POS,Clothing,DE,14,0.1626177172,0.1059528274,0
5068,595,112.4129271,Online,Electronics,FR,11,0.2603551394,0.01127399723,0
3544,861,115.6288288,QR,Grocery,DE,9,0.2791156321,0.2002607176,0
9694,251,3149.885195,ATM,Electronics,UK,18,0.7504855407,0.7310293312,1
3667,838,91.41209763,POS,Grocery,UK,10,0.2411140843,0.2662950967,0
3648,339,109.3854724,Online,Travel,TR,22,0.1155272777,0.1861732597,0
3285,684,129.9077624,ATM,Grocery,DE,11,0.09301751131,0.2176098028,0
4285,596,59.96794178,POS,Electronics,UK,19,0.002548599102,0.06449174792,0
5132,897,12.41220416,POS,Electronics,UK,7,0.2669908748,0.07962189855,0
5165,692,134.3060804,POS,Food,DE,16,0.1549758956,0.05570222061,0
756,180,42.44876453,POS,Clothing,UK,6,0.08015315353,0.2706350627,0
5820,12,157.1387633,ATM,Electronics,FR,10,0.1822283875,0.2948601923,0
9503,588,2613.4807,POS,Clothing,UK,5,0.7692925071,0.7820944461,1
5932,742,166.5817715,ATM,Electronics,UK,16,0.01572365982,0.275117888,0
4533,651,72.13138357,Online,Food,TR,20,0.04331229949,0.02970036056,0
4378,170,59.13994652,QR,Electronics,UK,20,0.09109326465,0.03380229921,0
2761,392,90.96116226,ATM,Grocery,TR,20,0.06864159898,0.1913555665,0
9761,664,1638.92883,ATM,Clothing,NG,9,0.7834776122,0.7370050475,1
9121,237,40.39608677,ATM,Food,DE,12,0.0296425985,0.002859309908,0
8374,539,41.65059089,ATM,Food,FR,23,0.2858942112,0.2624304599,0
5073,401,153.1095654,Online,Clothing,TR,9,0.0569812513,0.2486451421,0
5760,969,162.965829,POS,Electronics,FR,18,0.1085355446,0.1630204224,0
7959,201,152.4046364,ATM,Clothing,DE,6,0.2674316916,0.08781068659,0
5142,638,66.52559175,Online,Travel,DE,13,0.150727752,0.1547047674,0
54,534,32.00154049,POS,Electronics,DE,23,0.2703323002,0.008011581565,0
7874,697,68.00936804,ATM,Grocery,FR,22,0.1774826892,0.03145412485,0
8857,319,100.3319005,Online,Food,DE,10,0.2505876761,0.2333214534,0
1720,743,72.74901359,QR,Clothing,UK,22,0.1376199313,0.1011956063,0
9092,209,159.3426895,Online,Electronics,TR,7,0.170286581,0.1197194611,0
753,580,123.1581049,QR,Electronics,FR,23,0.02240138704,0.2683683952,0
1591,720,198.3770373,POS,Clothing,DE,21,0.1456330927,0.2796205166,0
4954,391,1,ATM,Travel,DE,15,0.1900430102,0.2920998975,0
5888,583,48.19141124,QR,Clothing,FR,21,0.1758319891,0.01786675956,0
3448,672,169.0463282,ATM,Grocery,FR,8,0.05410779094,0.2725973131,0
2406,282,154.9734541,ATM,Clothing,US,11,0.06409986799,0.03256341142,0
9403,381,1,ATM,Food,DE,22,0.07860357561,0.1633226678,0
4832,78,85.73793298,POS,Grocery,DE,11,0.2138248584,0.07217988383,0
611,943,191.4664832,POS,Clothing,TR,13,0.1537785779,0.09450636474,0
6591,746,93.44465452,ATM,Clothing,DE,6,0.0776290414,0.1906877892,0
283,951,227.0809923,Online,Grocery,US,14,0.2376676423,0.1838875304,0
8668,351,45.58227745,Online,Grocery,US,14,0.2634459998,0.07434721491,0
3644,66,152.1856677,POS,Electronics,DE,8,0.03138656662,0.159048551,0
1883,221,84.18322276,Online,Clothing,TR,18,0.08988836418,0.2511533225,0
9885,551,10,POS,Grocery,NG,13,0.7856473946,0.9179622075,1
8539,377,121.8164097,Online,Grocery,UK,15,0.04219119672,0.2606093029,0
4390,865,84.84428392,QR,Grocery,DE,21,0.01818722084,0.1738785369,0
5415,506,101.8599098,POS,Clothing,UK,15,0.1977410177,0.2874089861,0
3210,189,129.7222802,ATM,Grocery,DE,17,0.2238187213,0.2445761861,0
8588,2,101.5233703,ATM,Food,FR,23,0.1880058496,0.2981005839,0
2176,405,72.08675621,POS,Travel,US,21,0.2336220916,0.1590024752,0
9,125,57.85472178,Online,Clothing,UK,7,0.04882770764,0.2031499361,0
2136,642,74.26041503,Online,Travel,FR,7,0.01071966264,0.03832182162,0
5298,27,113.4352726,POS,Food,TR,22,0.1507035196,0.1014090027,0
8144,437,123.0011349,Online,Food,UK,12,0.018825034,0.1147987768,0
9994,689,1853.876476,POS,Clothing,DE,8,0.8439832765,0.7158824084,1
1788,852,118.5454395,QR,Food,TR,14,0.243031283,0.1547509246,0
1907,7,106.6894531,QR,Clothing,US,23,0.009706646318,0.0542526198,0
654,979,1,ATM,Electronics,DE,11,0.184909676,0.2764745058,0
3397,53,119.0862372,POS,Grocery,TR,14,0.2807071633,0.2606913185,0
9199,784,157.5992783,Online,Electronics,US,8,0.01833971158,0.2786709251,0
8741,839,136.0282426,QR,Travel,FR,23,0.02571514919,0.2054284075,0
2394,72,65.83834786,Online,Electronics,UK,19,0.03510458197,0.1097959075,0
6886,991,30.16346634,Online,Travel,TR,17,0.05882531998,0.1636186942,0
2292,732,216.1633492,QR,Electronics,UK,16,0.1946430634,0.1024097339,0
2458,889,115.5507537,Online,Food,US,12,0.01712239814,0.2255271938,0
5089,217,147.1507954,ATM,Travel,DE,19,0.1399503755,0.1699218564,0
5040,109,57.21538999,QR,Grocery,TR,21,0.1464801527,0.1999275022,0
2939,366,88.74472977,QR,Clothing,UK,23,0.0160660493,0.09199403624,0
8390,316,94.10851412,QR,Electronics,UK,16,0.09685572719,0.05903283575,0
1240,849,69.41992104,ATM,Food,DE,20,0.02270882777,0.1273633688,0
3012,326,118.7389876,Online,Travel,FR,15,0.09073109491,0.163339363,0
3218,644,48.4262728,ATM,Electronics,FR,9,0.09673380033,0.1532530304,0
479,752,66.0086145,Online,Clothing,FR,7,0.2083186813,0.2180294325,0
8816,549,120.7573866,Online,Travel,TR,16,0.1699782532,0.1303432866,0
1623,681,75.3136207,Online,Food,DE,7,0.2611554808,0.1548231028,0
8577,127,134.5914396,ATM,Food,FR,12,0.04822224721,0.04838455133,0
1811,993,79.12459632,Online,Travel,UK,20,0.06924362817,0.04044742069,0
1152,126,150.4977748,ATM,Electronics,DE,21,0.05502578164,0.001165648047,0
5309,729,138.3088799,QR,Food,FR,20,0.278222912,0.262473132,0
3725,480,116.85049,POS,Food,DE,23,0.1721023566,0.1920214132,0
9749,388,10,Online,Travel,DE,4,0.8400544114,0.7902392526,1
328,791,166.3807726,ATM,Travel,UK,13,0.2899408608,0.03599429581,0
5816,580,71.15053667,ATM,Food,TR,23,0.02961754816,0.04596567382,0
3071,302,57.31395904,POS,Clothing,FR,19,0.2338703871,0.2080264921,0
1790,137,121.0659897,Online,Travel,FR,16,0.2776209481,0.151025846,0
6216,570,174.8082263,Online,Electronics,UK,17,0.2597281419,0.2814480696,0
6413,997,185.5879859,ATM,Electronics,UK,6,0.05453444496,0.1987302969,0
6515,596,161.1412353,QR,Clothing,FR,8,0.001668611511,0.1402729939,0
1944,824,73.38691369,QR,Clothing,US,11,0.1420332394,0.1367390428,0
2305,498,42.07582191,Online,Clothing,DE,13,0.1901793338,0.07961839788,0
1668,989,65.53979765,QR,Travel,FR,21,0.2899485236,0.1495480144,0
4290,484,131.2979824,ATM,Clothing,TR,11,0.1863360593,0.1402726174,0
7400,322,26.2824572,QR,Grocery,UK,15,0.2379441313,0.2864651791,0
1321,748,169.8010683,ATM,Travel,TR,20,0.08875137879,0.279203652,0
5620,521,61.1861758,POS,Travel,FR,10,0.1288529986,0.1987027064,0
1250,741,150.1845356,ATM,Grocery,DE,11,0.1603834195,0.01820460595,0
165,638,111.6589762,ATM,Grocery,US,8,0.005090541965,0.1270527813,0
4468,206,131.3676194,Online,Food,UK,17,0.1811089499,0.04496505874,0
2334,243,65.56909757,Online,Travel,UK,12,0.01130202324,0.2917876311,0
8299,190,63.96076016,QR,Food,TR,9,0.1950928847,0.2256972749,0
4975,803,43.50175537,QR,Food,DE,6,0.07084255323,0.09670385202,0
6280,576,155.4690084,ATM,Clothing,FR,14,0.0990327545,0.1012155472,0
6343,122,112.6943595,QR,Clothing,DE,11,0.2213896775,0.05877023577,0
2543,612,110.5570107,Online,Travel,FR,6,0.1668364238,0.0216993701,0
4993,854,70.17185352,QR,Electronics,FR,6,0.1675789373,0.1696378282,0
1290,924,24.4106427,POS,Grocery,US,8,0.2198626904,0.2655630524,0
2659,731,154.1525328,QR,Clothing,UK,19,0.154421521,0.2745060788,0
9288,197,98.37786691,ATM,Clothing,UK,19,0.1429825484,0.02978155243,0
5217,255,160.3501619,POS,Grocery,US,8,0.09847938308,0.1774562918,0
2331,118,108.0447102,Online,Food,DE,13,0.06986107725,0.1655952859,0
7203,757,181.7649301,Online,Grocery,UK,7,0.1844450559,0.2608241266,0
9042,364,99.95722002,ATM,Grocery,TR,23,0.2442181971,0.1297329984,0
9819,867,691.9744427,Online,Grocery,TR,2,0.9829607059,0.8821088649,1
2726,201,84.16462779,POS,Electronics,TR,18,0.04474504412,0.2827327307,0
7726,511,103.76776,QR,Clothing,FR,11,0.1387389241,0.02987707474,0
3122,870,164.6684944,Online,Clothing,FR,14,0.1930619436,0.2120017575,0
4289,290,64.96416697,POS,Food,DE,8,0.03299190959,0.1873218729,0
7431,686,108.4808403,ATM,Food,TR,10,0.01771900783,0.1231208519,0
6058,887,43.84014298,ATM,Food,US,23,0.2977252632,0.2464263806,0
2065,971,144.3069077,POS,Electronics,UK,20,0.1969810443,0.1597795189,0
7323,766,141.826744,ATM,Food,UK,21,0.06189910656,0.2551937343,0
84,161,1,ATM,Travel,DE,19,0.28994637,0.2894277448,0
4058,633,140.2541894,Online,Electronics,US,17,0.05046096218,0.05700391245,0
7449,759,85.18140531,QR,Travel,FR,14,0.1348666004,0.06220075351,0
4598,902,85.24986457,QR,Food,TR,10,0.290610629,0.01550313242,0
6733,333,142.4842012,POS,Electronics,UK,19,0.2096464232,0.1430924947,0
2242,142,111.2528943,ATM,Clothing,UK,7,0.2015138329,0.1624916472,0
2424,131,62.40612372,QR,Travel,FR,9,0.1239341583,0.06033424005,0
8852,536,98.95008718,QR,Electronics,UK,23,0.05782552741,0.2279326956,0
4440,696,121.6173482,POS,Electronics,US,22,0.2102083358,0.009825198632,0
4434,383,121.3327905,ATM,Travel,DE,17,0.007387648048,0.2759074429,0
7834,74,39.4319433,Online,Travel,UK,13,0.03333395462,0.1838103837,0
4835,336,108.329529,Online,Food,UK,9,0.03038815996,0.1902790403,0
9970,607,22.16842906,POS,Travel,TR,4,0.9626447135,0.9191063688,1
5556,611,99.00561031,ATM,Food,UK,14,0.2137510092,0.1621463338,0
5341,926,114.1808603,ATM,Clothing,UK,14,0.01682370972,0.2150708236,0
4531,80,67.41565407,POS,Electronics,DE,6,0.1746228541,0.08323406524,0
237,875,119.507697,POS,Travel,TR,19,0.1655328588,0.2482155466,0
2408,112,76.2984232,POS,Grocery,US,18,0.1442081246,0.2554014661,0
3945,747,118.5700543,ATM,Grocery,TR,21,0.2737765383,0.1529154177,0
1755,780,73.74207347,Online,Clothing,DE,7,0.2808174095,0.1166005187,0
7570,98,110.0392585,ATM,Grocery,FR,20,0.2715636926,0.1754235332,0
5681,677,105.4903676,ATM,Travel,TR,12,0.1073268092,0.03093859889,0
8382,865,48.48461747,Online,Grocery,FR,12,0.1375677087,0.1994936974,0
6159,947,153.4343677,Online,Electronics,FR,17,0.1217847065,0.06361585099,0
2960,586,132.793409,ATM,Travel,US,14,0.1080369135,0.168203039,0
6419,91,6.118817489,ATM,Electronics,UK,17,0.2805274263,0.2059986533,0
6241,177,55.03163601,POS,Travel,UK,8,0.1311465798,0.09303844672,0
526,49,17.29117799,QR,Grocery,FR,18,0.1446167846,0.1599366964,0
6018,929,177.6223774,QR,Grocery,UK,16,0.08680214699,0.1814388767,0
5674,717,124.4815632,ATM,Food,FR,20,0.1519178825,0.1521052716,0
5541,503,64.60203147,POS,Grocery,DE,6,0.2581556141,0.01889838914,0
1165,859,107.7172116,ATM,Travel,UK,19,0.2726325078,0.1765920409,0
8864,354,115.9186225,ATM,Food,UK,18,0.002527944853,0.1866631718,0
7514,873,113.6895963,Online,Travel,TR,7,0.02187862998,0.03838240496,0
6387,259,106.3784117,QR,Electronics,TR,17,0.1069105712,0.04529658621,0
2000,59,73.86125259,POS,Food,UK,17,0.2833725399,0.09403195759,0
9930,638,10,Online,Clothing,NG,22,0.7616992822,0.8780168219,1
8427,42,93.71673074,Online,Clothing,FR,13,0.2866481559,0.09012403404,0
6600,928,90.55342142,POS,Electronics,DE,16,0.02503685294,0.2441151543,0
7479,998,147.9475054,QR,Travel,TR,17,0.2848222056,0.02645814098,0
9396,64,103.3853905,POS,Food,TR,14,0.1037517744,0.09051989716,0
1543,850,104.4892482,ATM,Electronics,US,23,0.05190974442,0.1684483235,0
1987,583,58.22948588,ATM,Food,US,15,0.2173174314,0.1858782446,0
4596,593,77.74072939,POS,Clothing,US,13,0.2316121733,0.1242892472,0
2594,406,42.17941781,Online,Clothing,DE,18,0.2113117977,0.02679224923,0
6039,345,72.88250132,POS,Clothing,US,21,0.2479476262,0.1129600693,0
51,193,53.65028067,Online,Grocery,DE,22,0.01840411785,0.03147108946,0
8129,864,141.2257578,QR,Travel,TR,11,0.07258933343,0.05087012805,0
9845,623,7029.217542,Online,Grocery,UK,6,0.9302186153,0.7161666143,1
5330,835,124.8616576,Online,Food,US,18,0.2607389659,0.2485469678,0
4692,694,60.95927015,ATM,Electronics,UK,8,0.1318999055,0.1677227172,0
6015,580,66.27564128,ATM,Grocery,US,7,0.2135160843,0.240865737,0
5404,867,61.80262989,Online,Food,DE,17,0.2927773999,0.1608837374,0
8837,616,162.8258318,Online,Grocery,UK,14,0.01594947044,0.1816890048,0
161,289,107.0007243,ATM,Grocery,US,16,0.1123363035,0.2867453588,0
1373,246,194.8444578,QR,Clothing,TR,15,0.1274824018,0.1692255985,0
8254,36,121.6409271,POS,Travel,TR,9,0.10169145,0.1683305562,0
6831,559,16.24595998,ATM,Electronics,DE,16,0.1408095126,0.1939423263,0
190,831,4.619409652,POS,Clothing,UK,6,0.03956877774,0.1756275665,0
4486,709,28.58177864,POS,Travel,TR,18,0.1928548919,0.1621216624,0
226,950,86.05581813,QR,Travel,TR,21,0.2567292892,0.0136039346,0
948,513,90.14263095,ATM,Clothing,FR,17,0.1513866894,0.2762618875,0
5828,969,140.9884035,QR,Travel,UK,20,0.2823806407,0.01450997416,0
1491,363,162.4878786,QR,Food,DE,14,0.1791650051,0.02804789026,0
2111,228,1,QR,Travel,US,17,0.0223180138,0.1799096485,0
9242,910,145.7454102,POS,Food,TR,10,0.236993877,0.2330960369,0
7333,21,113.9281845,ATM,Travel,DE,18,0.2613445915,0.0116789986,0
3229,507,1,POS,Food,DE,23,0.1361250192,0.1203218988,0
7440,112,73.07486739,Online,Grocery,US,14,0.01269832617,0.260177422,0
3973,14,145.5125841,Online,Food,FR,13,0.2166667276,0.0391534253,0
8034,252,99.03816195,Online,Travel,FR,21,0.157168093,0.2829323727,0
8659,716,87.33893617,POS,Food,US,19,0.2621196937,0.2119239672,0
6199,981,156.9902108,POS,Food,FR,21,0.0737542944,0.1249243679,0
6252,868,78.45200466,ATM,Grocery,DE,20,0.2110815182,0.06922574235,0
3326,410,83.89087751,ATM,Food,UK,13,0.194931478,0.1905593001,0
2848,757,157.3090952,ATM,Clothing,FR,18,0.05354957539,0.2244594271,0
8165,938,44.15098457,ATM,Electronics,UK,10,0.2979645045,0.1434595966,0
9783,721,518.1897522,POS,Grocery,UK,3,0.7670507946,0.9223107245,1
3584,97,76.77640301,POS,Grocery,US,22,0.02597979494,0.0177566442,0
197,658,197.8304981,QR,Clothing,TR,12,0.2561518953,0.2880608455,0
7729,107,64.3700459,QR,Clothing,DE,20,0.1383879614,0.0117337154,0
3802,126,1,POS,Grocery,UK,17,0.1953726251,0.299668821,0
1040,473,100.596839,QR,Travel,UK,17,0.1282666727,0.2396399484,0
2652,879,64.7284002,ATM,Travel,US,15,0.05933238896,0.01600329349,0
9065,364,149.6126063,Online,Travel,DE,14,0.2581664725,0.128085658,0
26,793,27.17060134,ATM,Grocery,US,15,0.1485609554,0.1417247769,0
3096,863,124.702001,Online,Electronics,DE,11,0.2536903274,0.2684180685,0
9667,78,2039.272214,QR,Clothing,NG,11,0.7071446594,0.7898493671,1
2651,932,78.75365822,POS,Clothing,US,14,0.04013904326,0.1983964129,0
4042,205,111.1920086,ATM,Electronics,UK,21,0.09389630424,0.04495440522,0
6223,760,126.7064059,ATM,Electronics,UK,20,0.2552774441,0.1795237934,0
59,383,36.59281742,Online,Clothing,US,9,0.1978729625,0.1326359556,0
7369,103,49.24262318,Online,Clothing,US,20,0.0572413704,0.2883651958,0
4978,459,134.2562169,POS,Travel,DE,9,0.2397343772,0.1402628269,0
3367,719,155.6386259,POS,Travel,US,14,0.2555272148,0.0216589097,0
176,785,146.9361808,POS,Travel,US,11,0.1169947254,0.2220179447,0
2405,953,44.4668365,POS,Electronics,DE,16,0.1713361788,0.07794790493,0
6783,926,141.4352494,ATM,Electronics,US,14,0.1814998375,0.1211527254,0
2628,611,113.4833894,POS,Travel,FR,11,0.1762338238,0.1370966323,0
108,629,149.7829506,Online,Travel,TR,6,0.2887164928,0.04341071021,0
6246,258,150.0301704,Online,Grocery,TR,15,0.08384795375,0.2317184222,0
2555,21,154.4669655,QR,Clothing,TR,13,0.268655396,0.03441855649,0
1885,642,120.9094482,QR,Grocery,FR,23,0.2874414839,0.1500773442,0
6649,250,97.94761047,Online,Electronics,TR,14,0.2178386872,0.1484215159,0
4644,12,97.01114448,Online,Travel,US,16,0.03722144478,0.1646335877,0
4761,629,161.0214955,QR,Clothing,DE,13,0.01003754054,0.007814143094,0
3639,622,204.5092412,QR,Travel,UK,16,0.06044707419,0.07495211487,0
7713,933,5.486990166,Online,Electronics,DE,7,0.2787618626,0.2043302678,0
4223,849,119.1776202,ATM,Food,US,20,0.1941529532,0.1963687747,0
6813,316,80.90556783,Online,Food,FR,17,0.2901260087,0.1092859905,0
6282,639,37.11772811,POS,Electronics,TR,10,0.2233815835,0.1482642779,0
1497,412,143.1438087,ATM,Grocery,TR,9,0.04164255252,0.08581236083,0
9277,622,123.3198875,QR,Travel,FR,11,0.2523935622,0.1267946552,0
1141,165,84.1104893,Online,Travel,TR,6,0.2647837612,0.008727217935,0
9976,530,2313.971785,QR,Food,FR,15,0.9077527216,0.9119116724,1
2686,102,138.9593789,POS,Electronics,FR,19,0.1744032712,0.1213318851,0
2641,49,168.9245111,Online,Grocery,US,22,0.09975027847,0.1726915004,0
6744,805,55.91630708,Online,Electronics,US,16,0.05832442628,0.1088912391,0
2619,18,76.5576198,ATM,Clothing,DE,17,0.0006635872625,0.152929505,0
7316,335,114.5609561,ATM,Clothing,DE,14,0.1167951264,0.2766902482,0
1782,234,132.188769,POS,Grocery,TR,20,0.1421174504,0.001354992838,0
6312,821,111.4659458,POS,Travel,FR,8,0.03492124751,0.1057402401,0
1364,652,61.1233438,QR,Travel,FR,8,0.1654014442,0.1966644662,0
3857,434,92.58264106,QR,Grocery,FR,23,0.2331748703,0.218249451,0
1709,827,103.0543086,QR,Clothing,DE,14,0.2709742287,2.89E-05,0
6632,651,89.48940291,ATM,Travel,US,23,0.1373070615,0.2074245071,0
7746,686,70.24506295,QR,Food,DE,17,0.1550415321,0.2314103557,0
4878,154,82.25727135,ATM,Electronics,US,6,0.05697550702,0.2610115524,0
811,21,43.24477394,POS,Grocery,TR,21,0.1594961363,0.09758287339,0
5532,972,140.92027,POS,Clothing,US,22,0.2232540706,0.04205940415,0
5131,587,43.77982521,POS,Clothing,DE,20,0.1721451712,0.1715305806,0
3180,557,193.0686536,ATM,Electronics,US,14,0.1561280458,0.1064366977,0
9620,971,10,Online,Grocery,NG,4,0.8611733955,0.846398365,1
8198,640,106.6865963,ATM,Electronics,FR,18,0.1516491091,0.1608380194,0
3823,793,223.0847509,QR,Food,FR,13,0.2790757109,0.2155251306,0
9226,860,119.7186923,ATM,Food,TR,15,0.2628641515,0.1190516877,0
1397,673,143.178568,Online,Electronics,UK,19,0.1665091101,0.05809447409,0
5419,54,54.26675884,QR,Food,UK,21,0.1249690198,0.04326380763,0
2033,191,148.4012538,ATM,Clothing,UK,18,0.2869497981,0.2126537722,0
3910,959,32.94692905,POS,Electronics,FR,18,0.03526401094,0.157629159,0
9181,286,85.87611446,ATM,Food,TR,8,0.2607833119,0.1081160557,0
950,21,153.5289734,Online,Food,UK,7,0.06502470505,0.1366524985,0
3634,28,155.2653454,ATM,Food,UK,17,0.273826623,0.04232346691,0
8051,650,63.85861849,ATM,Clothing,UK,7,0.09133049323,0.05469100616,0
3869,824,42.84023383,Online,Clothing,FR,14,0.03235196661,0.18745054,0
1906,659,137.669223,POS,Electronics,UK,8,0.2171401247,0.06778934895,0
4500,537,1,POS,Travel,FR,11,0.1586248981,0.03852034627,0
9935,731,2323.15707,ATM,Grocery,NG,22,0.7548035563,0.7411160262,1
9991,632,10,POS,Food,FR,3,0.9314011111,0.8386559732,1
4822,281,124.3857713,Online,Travel,DE,14,0.1339809802,0.130096822,0
9628,225,22.16842906,Online,Food,NG,18,0.7928498452,0.7340029477,1
1393,633,71.27049847,QR,Clothing,US,20,0.09154852693,0.1575607196,0
2552,404,118.6887437,QR,Food,DE,9,0.140314488,0.1221239196,0
6654,920,136.7668727,POS,Clothing,US,14,0.1444044949,0.231916747,0
9488,165,120.9340064,POS,Food,TR,10,0.2259595063,0.1191985611,0
9007,873,1,ATM,Grocery,TR,19,0.2995835272,0.05478607446,0
6737,832,83.60855154,QR,Food,DE,17,0.06337685591,0.06321566705,0
9146,538,1,QR,Electronics,US,22,0.177700618,0.1118932724,0
3844,224,76.6775404,QR,Food,TR,7,0.03978827129,0.08594605997,0
137,563,78.66468161,POS,Clothing,UK,8,0.2601229708,0.05016446601,0
9963,739,5230.451385,POS,Grocery,US,21,0.788347545,0.9269531803,1
1179,110,80.88290295,POS,Grocery,TR,7,0.01755742406,0.004688906109,0
5811,226,66.20995733,Online,Travel,US,8,0.06012523939,0.001889317963,0
2378,911,68.07489879,QR,Food,FR,13,0.2802214634,0.005788937883,0
2802,354,127.3036586,ATM,Electronics,UK,11,0.2963586746,0.1812593674,0
5863,737,88.66611115,ATM,Clothing,DE,13,0.26081236,0.2993187506,0
5372,635,43.24688272,QR,Clothing,TR,18,0.2912965812,0.05457873799,0
4273,391,125.737901,POS,Travel,FR,11,0.006021783579,0.04233186548,0
7477,217,87.94237539,ATM,Grocery,FR,10,0.2658412395,0.1848749711,0
3270,674,86.20448938,POS,Grocery,UK,9,0.1080520865,0.2788488282,0
7548,22,135.2126548,QR,Travel,FR,22,0.247385937,0.2614108016,0
2609,784,183.0213427,Online,Clothing,US,23,0.1918429013,0.1660073098,0
7533,92,106.0645915,ATM,Grocery,FR,21,0.2802407592,0.2038940031,0
8987,495,105.8377409,POS,Electronics,TR,19,0.03937884026,0.1906431851,0
574,7,8.321789301,Online,Travel,FR,9,0.2621336994,0.03375095564,0
1224,493,121.8911883,ATM,Electronics,TR,6,0.1616970638,0.03429523426,0
999,989,11.93787107,Online,Travel,UK,21,0.2831359373,0.02546638211,0
3139,684,83.31493777,Online,Food,TR,21,0.1510695178,0.01949508362,0
3891,296,118.2313177,ATM,Food,UK,8,0.07845138055,0.002995016317,0
7537,922,190.7456968,Online,Grocery,DE,8,0.1800406757,0.006538912177,0
5102,274,154.6656689,ATM,Clothing,US,21,0.1693381305,0.2173522582,0
6081,532,69.2242075,POS,Travel,UK,17,0.1986791315,0.169757434,0
1632,824,107.9588558,POS,Food,UK,15,0.2822337876,0.06984976468,0
9621,993,562.3317434,QR,Electronics,US,4,0.7987618776,0.8625918729,1
7708,646,130.2689278,ATM,Grocery,US,6,0.1948764771,0.22560711,0
4921,118,112.2217674,ATM,Travel,FR,15,0.2728664974,0.08798982904,0
7665,632,170.1090937,POS,Travel,FR,12,0.2360438046,0.08146533202,0
3144,847,129.2955879,POS,Clothing,FR,8,0.1481436373,0.2215737749,0
9333,568,152.981911,QR,Clothing,US,14,0.2148121108,0.1474276692,0
6685,90,39.61977462,Online,Grocery,US,6,0.1143157151,0.1917863728,0
4914,525,115.2723122,Online,Grocery,US,18,0.2263164351,0.238376842,0
9311,713,142.1198851,ATM,Grocery,FR,12,0.1560410034,0.2800882583,0
5618,108,111.8284447,ATM,Clothing,US,13,0.1884094194,0.2564003603,0
9262,515,34.39755615,Online,Clothing,UK,18,0.1462865739,0.2444152078,0
5368,853,100.0733686,Online,Food,UK,20,0.035533534,0.2643679754,0
4521,205,138.8207459,POS,Electronics,DE,11,0.2633000584,0.2376804097,0
5000,245,65.74070608,Online,Electronics,FR,16,0.0242338729,0.1741722489,0
2202,327,137.7621499,Online,Electronics,FR,17,0.02101519189,0.1148709043,0
5924,908,26.58686565,ATM,Grocery,UK,21,0.2129910749,0.2865446306,0
1842,276,130.1852078,QR,Food,FR,19,0.1076205432,0.266040422,0
4079,366,66.25928779,Online,Food,US,22,0.1206196292,0.2349448388,0
9789,444,2101.956898,POS,Travel,TR,4,0.8882909355,0.9983842182,1
8897,463,139.3794237,ATM,Travel,DE,11,0.1731760086,0.2070285153,0
963,178,1,QR,Electronics,FR,15,0.02696550127,0.2744861844,0
5384,245,77.27387965,ATM,Travel,FR,21,0.2426182884,0.1974491127,0
2317,449,89.30222854,ATM,Clothing,DE,22,0.08516454904,0.1508358857,0
6229,114,17.60565531,QR,Clothing,TR,8,0.2884803993,0.1279570621,0
6676,459,129.5163312,Online,Travel,FR,6,0.04939776654,0.1717842746,0
1273,874,180.4356942,QR,Clothing,FR,9,0.06073116366,0.2508051654,0
1771,414,67.60769758,Online,Food,DE,16,0.1925827326,0.04123594278,0
4386,181,117.4129111,POS,Clothing,DE,21,0.2022595687,0.1131680339,0
7295,289,87.51751672,POS,Grocery,DE,16,0.277338301,0.1793350892,0
6470,129,139.1888453,QR,Food,UK,10,0.006229100763,0.1098282797,0
7489,802,83.64314767,QR,Food,TR,23,0.2925792693,0.1076165578,0
7833,312,136.1511452,Online,Food,DE,23,0.2789877416,0.298105082,0
5064,686,119.9249389,QR,Travel,UK,15,0.021681518,0.05284721412,0
8001,737,5.789186574,QR,Electronics,UK,7,0.03248882778,0.1898432363,0
164,353,122.6581802,ATM,Grocery,UK,22,0.2125093653,0.03748239664,0
4505,585,43.43695033,POS,Clothing,DE,19,0.1584952585,0.2175311432,0
3564,273,81.60353909,ATM,Electronics,DE,10,0.2853074459,0.1330398467,0
8704,526,169.777079,ATM,Food,US,8,0.2969259865,0.1196803127,0
3510,803,146.446253,QR,Travel,FR,18,0.1999336277,0.1331340863,0
7158,511,47.93526193,POS,Electronics,UK,15,0.07933117038,0.02226851824,0
5409,299,83.46343896,Online,Clothing,UK,14,0.153874317,0.1353373347,0
7678,437,111.7291234,QR,Electronics,TR,11,0.1633454258,0.1589859136,0
8878,146,62.07411018,POS,Food,DE,23,0.1326971307,0.03978458978,0
6045,260,94.93248448,POS,Grocery,DE,7,0.08276637258,0.18016909,0
3760,438,31.67568397,ATM,Travel,US,8,0.2691754808,0.1865177731,0
9173,168,32.91905121,Online,Clothing,TR,8,0.0261174663,0.06985561678,0
135,455,14.14116651,ATM,Food,FR,12,0.001403776692,0.2428974756,0
4580,153,70.52464138,ATM,Food,DE,7,0.1065288978,0.2586347855,0
8367,64,132.2956008,QR,Travel,US,9,0.02059880272,0.07793538534,0
2256,648,70.12808513,ATM,Grocery,US,14,0.1253573232,0.05573728408,0
9390,636,239.9282956,QR,Travel,TR,18,0.1168858192,0.01064613599,0
5502,18,255.1692203,Online,Travel,TR,22,0.1404704753,0.2719822491,0
1301,594,50.88633733,POS,Clothing,FR,20,0.1310320023,0.07960113292,0
5444,724,120.7181042,ATM,Electronics,FR,16,0.09499563206,0.1314977329,0
4458,157,96.84885113,ATM,Clothing,FR,14,0.09095874572,0.08983255575,0
1734,767,1,Online,Food,FR,13,0.1122646894,0.2720367402,0
895,99,153.4956718,POS,Clothing,UK,6,0.02176227479,0.0540128693,0
7174,406,197.2833751,QR,Grocery,FR,6,0.2582746483,0.0658061884,0
6493,834,164.5090319,Online,Travel,DE,13,0.09952187788,0.2439820071,0
2923,949,89.1744691,ATM,Food,DE,19,0.1135116965,0.1923032843,0
4553,460,89.98833323,Online,Electronics,US,19,0.2275741195,0.195896368,0
1976,727,58.82386916,POS,Grocery,US,7,0.1620493483,0.1511307532,0
9727,260,843.308981,ATM,Food,US,4,0.906449901,0.8693480222,1
8615,683,131.8790069,Online,Grocery,DE,8,0.02401403359,0.03339035116,0
6848,820,147.2238566,POS,Food,UK,17,0.04324280658,0.1342341016,0
8359,943,120.0430506,POS,Food,TR,22,0.2449291489,0.1273790545,0
4459,111,110.7942979,POS,Electronics,DE,13,0.1620823201,0.194099269,0
1342,546,64.23757406,QR,Electronics,FR,15,0.2218194385,0.1963512482,0
719,557,178.3254563,ATM,Travel,TR,18,0.2814284692,0.03389643662,0
2259,0,14.10213431,QR,Grocery,FR,16,0.1073256037,0.2493608455,0
3248,610,127.7974375,Online,Grocery,US,17,0.150214375,0.05010935756,0
7987,683,117.517516,QR,Clothing,TR,18,0.07441456408,0.01090504308,0
1983,898,101.8761631,POS,Grocery,US,6,0.1952689177,0.0009165331828,0
3145,956,171.2359415,POS,Grocery,US,11,0.01361820042,0.2976518483,0
2931,426,47.11482465,POS,Electronics,UK,12,0.1037301055,0.2038680358,0
9722,900,163.0704035,ATM,Electronics,FR,21,0.9075503393,0.9497546148,1
6232,836,4.191780937,POS,Grocery,UK,23,0.2894936888,0.2402511883,0
4162,58,126.2020719,POS,Grocery,TR,12,0.1334775513,0.2236380951,0
3060,95,52.56877449,QR,Grocery,UK,18,0.004979494505,0.1668409643,0
6149,813,163.2507117,QR,Travel,DE,19,0.1729238882,0.2652244548,0
9445,16,147.1347834,Online,Grocery,DE,9,0.08167391545,0.06768160529,0
2950,147,73.45997606,QR,Travel,FR,14,0.1365140011,0.2446501001,0
9760,269,10,QR,Grocery,UK,3,0.74384248,0.9059444497,1
8501,710,153.325083,POS,Electronics,DE,22,0.2898099502,0.1461299491,0
3452,187,108.1106459,Online,Food,FR,16,0.08635055447,0.1629578362,0
1879,779,73.36830736,ATM,Clothing,DE,14,0.1802109972,0.2069907988,0
6586,411,109.0838936,ATM,Clothing,DE,18,0.1242433005,0.03455303572,0
783,37,132.5941974,Online,Clothing,DE,10,0.2817588666,0.1926371198,0
2912,659,96.58918541,QR,Clothing,TR,15,0.2296831526,0.276231041,0
2109,876,95.51680392,ATM,Clothing,US,11,0.0530609129,0.04935461363,0
8746,824,79.75851795,ATM,Food,DE,6,0.2828314311,0.03801346697,0
9568,438,22.16842906,Online,Grocery,NG,6,0.9522721298,0.7372180492,1
5497,529,88.1701948,ATM,Electronics,UK,19,0.2861104607,0.08216744505,0
3609,264,131.5508286,QR,Travel,FR,21,0.2008206114,0.2747906688,0
4964,519,114.0977599,Online,Clothing,FR,8,0.1820007965,0.06313684226,0
9736,846,10,POS,Food,NG,12,0.9552782338,0.7756793679,1
172,990,108.2744697,ATM,Clothing,FR,7,0.2638810438,0.2383576405,0
7438,800,125.334369,QR,Grocery,FR,10,0.1276017198,0.2389148419,0
3141,21,90.66244667,ATM,Grocery,US,12,0.2288942468,0.1088727968,0
9416,218,123.1678079,Online,Grocery,US,20,0.2279366302,0.2149080485,0
6480,767,143.3010532,QR,Travel,TR,22,0.06714447751,0.0922673533,0
3622,250,92.60918675,QR,Grocery,FR,22,0.2007448709,0.1969641425,0
5323,293,63.93486248,POS,Food,TR,23,0.2856141543,0.2767023612,0
133,9,133.8258277,ATM,Grocery,TR,21,0.2101261423,0.04470471786,0
414,488,139.5827103,QR,Travel,UK,8,0.1958698177,0.1016209822,0
7784,48,81.40971596,QR,Clothing,TR,19,0.1000943401,0.06639311307,0
1789,124,88.33557191,POS,Grocery,DE,20,0.2201490052,0.07887737477,0
3467,290,124.7352334,Online,Grocery,FR,16,0.1429260916,0.06373100311,0
6974,423,129.7258456,QR,Electronics,TR,17,0.271171367,0.08097351413,0
4612,739,120.927216,QR,Clothing,US,20,0.1581808687,0.01797392043,0
6560,699,79.084029,ATM,Travel,DE,17,0.134191696,0.1232581532,0
7073,526,116.998518,ATM,Grocery,DE,9,0.1305210893,0.111730057,0
9860,55,3464.646665,ATM,Clothing,NG,4,0.7934588207,0.8574406113,1
8992,548,80.49359045,POS,Grocery,UK,19,0.1304946388,0.0004687476206,0
339,613,71.69927086,QR,Food,DE,19,0.2393053397,0.2521898808,0
907,77,149.1740948,ATM,Electronics,US,17,0.08240138438,0.2977458798,0
8621,559,94.49832879,POS,Food,UK,20,0.09407396422,0.2140012797,0
146,407,210.4209546,Online,Grocery,US,16,0.09393121807,0.1787887434,0
2987,180,26.65470273,POS,Clothing,FR,20,0.2265875015,0.201202263,0
5071,881,73.53821497,Online,Food,US,14,0.03104034437,0.05231800419,0
7082,921,14.82089199,QR,Grocery,TR,10,0.2561455447,0.193450451,0
7305,172,147.2279141,Online,Clothing,US,9,0.1050501437,0.177763682,0
7484,117,120.7862755,QR,Clothing,US,20,0.06628201279,0.249199966,0
3993,657,69.47934271,ATM,Grocery,DE,6,0.0361890508,0.1946213008,0
4276,385,43.0248603,Online,Grocery,DE,16,0.02520162774,0.2264843861,0
447,440,117.9103317,ATM,Clothing,US,17,0.08890134118,0.1571074274,0
5144,902,155.2740676,QR,Electronics,US,15,0.03904587433,0.1492772546,0
7966,288,100.4436729,POS,Electronics,UK,10,0.2027174358,0.2600126498,0
2512,843,78.55682997,ATM,Clothing,FR,18,0.2107953153,0.02243268115,0
1385,413,131.8335077,QR,Electronics,FR,11,0.1658591539,0.2612100539,0
7335,868,127.2403421,ATM,Electronics,US,21,0.1143211739,0.006527218979,0
3187,494,94.42331919,Online,Clothing,FR,14,0.008222920412,0.238358955,0
7547,712,115.2825126,POS,Food,FR,13,0.2863124041,0.04455544446,0
367,681,119.363365,ATM,Clothing,TR,6,0.1387899584,0.1640773346,0
4001,329,34.6022125,ATM,Electronics,UK,11,0.099772908,0.183326702,0
8753,271,91.98846083,Online,Travel,US,13,0.270941511,0.0152822275,0
1537,959,160.7740297,ATM,Electronics,US,12,0.2636227807,0.0860203954,0
1468,250,141.6818698,ATM,Food,US,21,0.2955170064,0.285699749,0
7279,734,151.9177592,POS,Travel,US,20,0.2771937832,0.03458203882,0
923,167,124.2110387,POS,Electronics,DE,11,0.2320979503,0.1725615137,0
480,881,144.0457585,Online,Grocery,US,19,0.1970238804,0.2092951564,0
5761,904,102.6639355,Online,Grocery,DE,11,0.02598615435,0.1739249844,0
2783,280,84.43895512,QR,Travel,UK,19,0.2147244422,0.0387989393,0
9168,358,116.2780204,POS,Food,FR,21,0.01382601806,0.2891928863,0
9463,335,17.14118198,Online,Clothing,DE,8,0.241365301,0.2471188554,0
5671,203,135.6956483,POS,Clothing,FR,11,0.09598238189,0.1198789451,0
6142,553,209.2405155,POS,Electronics,FR,15,0.2925193043,0.2628852986,0
7885,736,70.09683382,ATM,Electronics,UK,17,0.006788775303,0.1291860924,0
6367,432,69.34078334,POS,Travel,UK,7,0.1940666568,0.173530127,0
8872,442,1,QR,Grocery,TR,22,0.2460912524,0.1080540054,0
7103,138,65.55176221,QR,Electronics,TR,9,0.1624422867,0.1535256507,0
6947,730,177.5139412,POS,Clothing,DE,14,0.1116603495,0.0197595194,0
8199,584,5.034441458,POS,Travel,TR,8,0.03608407687,0.1010324056,0
6093,497,58.95434209,POS,Clothing,TR,23,0.06843348199,0.2157734149,0
2178,524,143.4222155,ATM,Grocery,FR,17,0.1411963565,0.1253890711,0
6808,940,149.7812171,POS,Electronics,TR,22,0.02944665552,0.2158026732,0
9372,642,129.5812362,ATM,Grocery,TR,9,0.2121193253,0.01341525761,0
3798,36,72.57175247,POS,Grocery,UK,7,0.2285023459,0.06971631532,0
1185,365,113.1622961,Online,Clothing,UK,20,0.1705004017,0.0649904163,0
7102,412,81.38907452,QR,Travel,TR,20,0.2533720557,0.1078042765,0
1802,938,45.75606119,QR,Electronics,UK,22,0.1994154239,0.2542314468,0
3593,24,111.4817658,QR,Clothing,TR,20,0.2688044997,0.03789145232,0
542,445,131.2143978,Online,Travel,US,8,0.2738191094,0.04604700417,0
3307,918,51.32923207,POS,Food,DE,9,0.1871769551,0.2129618502,0
3486,354,75.71047018,POS,Food,DE,9,0.2967419318,0.06173960299,0
6430,556,120.6997934,QR,Clothing,US,20,0.1602116074,0.1590078596,0
9313,848,130.9549416,QR,Electronics,TR,9,0.1957031312,0.1822311702,0
3159,876,159.1356716,Online,Electronics,TR,21,0.1280370595,0.03207744841,0
8530,455,55.63493165,ATM,Food,FR,11,0.2722050248,0.2504460521,0
2299,341,90.22878985,QR,Food,UK,15,0.1129674772,0.2496301123,0
428,392,38.72557604,QR,Travel,UK,19,0.2435663815,0.007289274103,0
843,101,95.74634126,Online,Travel,UK,9,0.1608025261,0.2554867315,0
9133,707,17.5042304,Online,Grocery,UK,22,0.2669018624,0.1847345773,0
931,524,104.1350002,QR,Grocery,US,14,0.1730227448,0.1884572713,0
2573,162,135.8352841,QR,Clothing,US,8,0.1996124916,0.0843916558,0
9824,300,2068.034133,Online,Clothing,US,4,0.8466285144,0.8155905211,1
2983,188,157.3783226,ATM,Travel,US,11,0.09610430756,0.2479385351,0
8219,47,161.6268078,ATM,Grocery,UK,8,0.2300128136,0.050078594,0
9734,788,1393.896717,Online,Grocery,DE,3,0.8694597825,0.8642285339,1
5782,472,12.03252556,QR,Travel,TR,20,0.2343277695,0.1691362557,0
7818,79,1,ATM,Food,US,13,0.0667073591,0.1193003759,0
7347,220,75.64895685,QR,Electronics,TR,10,0.1792384167,0.09629466585,0
4456,960,55.27443892,Online,Travel,UK,6,0.2742915407,0.1429393468,0
744,289,35.25113057,POS,Travel,FR,19,0.2233471909,0.2784255137,0
3106,635,62.46595065,ATM,Grocery,US,10,0.2496873983,0.02212664615,0
4723,782,96.12586128,ATM,Travel,US,6,0.2995648539,0.2573937155,0
7053,181,131.0002494,ATM,Electronics,TR,10,0.1305175155,0.02051689934,0
9380,45,147.2830331,QR,Electronics,DE,21,0.1277997072,0.1604913817,0
2286,682,19.20118331,POS,Travel,DE,14,0.05873197158,0.2575210737,0
4400,581,59.51433464,POS,Travel,US,6,0.07461128389,0.2795293133,0
9700,325,949.3593718,ATM,Food,NG,18,0.8399910851,0.9280857684,1
9459,813,56.82369685,POS,Travel,UK,23,0.2027415655,0.2242767388,0
6202,812,211.0240311,ATM,Travel,FR,9,0.2247126738,0.1179624051,0
8067,777,113.0131365,QR,Clothing,DE,15,0.04195212009,0.2766440423,0
1948,884,1,QR,Travel,DE,7,0.1207138442,0.2019400283,0
8228,548,71.19970398,POS,Electronics,TR,15,0.1597979191,0.08210900409,0
7380,799,140.9403176,POS,Electronics,US,12,0.1899566446,0.1700044066,0
6086,447,25.33411374,Online,Grocery,UK,11,0.0669915886,0.2003686945,0
6989,664,150.7726424,ATM,Travel,DE,6,0.2101561157,0.05842335904,0
596,612,88.34515395,Online,Clothing,TR,12,0.2690329807,0.1006547425,0
8092,593,79.37369637,POS,Electronics,US,15,0.2687305491,0.180325417,0
8151,496,89.7875344,Online,Food,DE,23,0.163000459,0.09713414348,0
474,158,62.30542357,POS,Grocery,DE,16,0.2836957024,0.2076633629,0
8876,616,40.40921545,ATM,Electronics,FR,13,0.02047324387,0.2952687604,0
2870,252,111.3566914,Online,Food,US,18,0.1509890058,0.2987439436,0
5591,209,132.7239156,QR,Grocery,UK,12,0.1252082621,0.2110302079,0
938,591,132.9826149,Online,Travel,FR,6,0.2033192955,0.2566134961,0
3954,20,22.93556695,POS,Travel,US,11,0.1534004441,0.1182421878,0
627,246,47.97950291,POS,Grocery,US,7,0.09399428521,0.1846474522,0
607,871,82.07722466,POS,Electronics,TR,14,0.1808254071,0.2904064531,0
5743,92,106.1290534,ATM,Electronics,TR,21,0.004567417634,0.1273118306,0
5989,970,149.3744858,ATM,Electronics,FR,6,0.2586868118,0.2305847827,0
5228,98,74.78400155,ATM,Food,UK,17,0.2532215825,0.07797346187,0
1314,276,108.7622597,ATM,Clothing,US,12,0.1435454569,0.1209157485,0
937,715,60.18127625,QR,Electronics,UK,14,0.1033087297,0.2220391758,0
1765,507,43.87259547,QR,Electronics,FR,15,0.04146906323,0.1027642433,0
2926,44,121.1145816,POS,Food,US,17,0.2645859287,0.2969439559,0
9407,782,111.0799009,QR,Grocery,FR,13,0.2440487578,0.2650061116,0
9501,337,10,Online,Clothing,FR,20,0.8846089151,0.7579906569,1
7837,195,98.67925005,QR,Travel,FR,12,0.2160806511,0.2885132768,0
5347,609,132.7941995,POS,Clothing,FR,19,0.0003993812844,0.0688033157,0
9318,256,159.8870968,Online,Travel,UK,16,0.04422624291,0.1219945034,0
5495,631,42.48166513,QR,Travel,US,13,0.1450963222,0.0390630055,0
4574,598,50.16240488,POS,Electronics,DE,17,0.2973685665,0.1078005152,0
2547,760,44.2638372,QR,Clothing,FR,23,0.1365079878,0.1810620119,0
6936,800,126.425644,Online,Food,TR,20,0.0905700591,0.2793379672,0
5800,179,89.11988821,POS,Travel,UK,11,0.1291203531,0.01502315128,0
2211,496,42.80054993,QR,Grocery,FR,18,0.009705802891,0.2802170107,0
9918,718,7653.453836,Online,Grocery,TR,21,0.9356274693,0.7213508437,1
8647,87,27.78893399,QR,Travel,UK,23,0.03074288842,0.03818656734,0
5696,809,76.43367482,ATM,Electronics,DE,6,0.1816069292,0.2720616042,0
3602,678,65.3592696,POS,Clothing,US,8,0.2966267284,0.2801722414,0
5942,921,47.17092822,QR,Travel,UK,10,0.1157513858,0.2563026813,0
9879,751,2828.701437,Online,Travel,US,13,0.7059476989,0.8911075416,1
3449,512,101.7571112,ATM,Electronics,FR,17,0.2142200864,0.1080232334,0
5212,408,177.8695079,QR,Clothing,DE,9,0.0715001474,0.2278514354,0
5337,246,67.38667484,POS,Travel,DE,13,0.09652333591,0.1722277484,0
1305,128,236.1474344,Online,Electronics,FR,18,0.1192627976,0.1201377526,0
3976,167,1,QR,Electronics,US,14,0.283015345,0.2981156949,0
706,873,88.87609334,QR,Food,UK,9,0.2519027338,0.1188918618,0
3942,480,86.5814353,POS,Food,FR,13,0.1037204767,0.2743922433,0
3456,643,32.81878184,Online,Clothing,TR,19,0.07021125052,0.02715969216,0
1767,500,173.4840299,POS,Clothing,UK,23,0.1987842915,0.07362626156,0
9539,53,2792.402748,QR,Electronics,US,21,0.8372002571,0.7614200182,1
6437,541,180.9334023,POS,Travel,FR,13,0.1450730185,0.2322484644,0
610,455,68.5551023,ATM,Electronics,US,17,0.05747214765,0.1225327546,0
345,540,105.4206237,QR,Travel,TR,12,0.1152965057,0.04848605914,0
3888,536,78.98658629,POS,Electronics,UK,22,0.1096008385,0.1048280067,0
5041,179,56.37283116,POS,Grocery,UK,8,0.2206205668,0.0250109828,0
5641,583,99.06808722,ATM,Electronics,US,7,0.2965178789,0.1493433102,0
900,913,110.4986311,ATM,Clothing,UK,12,0.2138321906,0.1823530432,0
9389,791,59.63352985,ATM,Travel,UK,19,0.2507626563,0.2055999879,0
8285,917,120.5458067,POS,Travel,US,17,0.2504827689,0.0121640911,0
8723,951,1,QR,Grocery,DE,22,0.05487566583,0.2806216987,0
5643,478,27.42052107,Online,Electronics,UK,7,0.1543402592,0.003034380632,0
2493,548,57.17716739,ATM,Food,DE,13,0.09347794467,0.08551598197,0
1436,92,50.15465198,Online,Travel,UK,15,0.06794773241,0.004065652309,0
6873,727,135.9891476,ATM,Electronics,TR,20,0.03685432036,0.2871027225,0
8200,339,73.51030898,QR,Food,FR,12,0.1125611857,0.06927781967,0
353,832,3.884294727,Online,Food,DE,15,0.1458553577,0.1615955552,0
7159,848,40.27707217,Online,Clothing,US,20,0.1379689756,0.2939433546,0
7191,849,73.48340496,POS,Travel,TR,14,0.05735509936,0.2764646417,0
9533,861,5320.355376,QR,Grocery,NG,4,0.8319724158,0.7577812706,1
8158,848,96.02510271,Online,Food,UK,22,0.2694238429,0.2317304331,0
2554,208,105.3992758,Online,Electronics,US,8,0.2681860088,0.1398145631,0
2263,97,93.77846079,QR,Food,UK,21,0.1373246309,0.08176496716,0
1875,374,22.69538398,ATM,Travel,DE,17,0.07409708969,0.05175700878,0
1610,990,86.20422648,Online,Grocery,TR,18,0.04813168017,0.1888905021,0
3214,908,110.5979014,ATM,Grocery,FR,15,0.08543148906,0.08336747447,0
2717,287,132.0444162,POS,Electronics,US,17,0.1595085141,0.07009482753,0
5097,41,77.08222036,QR,Electronics,UK,16,0.1643169794,0.2655657374,0
6807,691,1,Online,Food,UK,23,0.1471100903,0.1232957067,0
3541,228,99.48803011,Online,Food,FR,10,0.09049509417,0.06127161524,0
5051,179,63.28800262,QR,Grocery,TR,10,0.008455988677,0.01028612375,0
4191,884,66.39336708,Online,Clothing,FR,21,0.2255286787,0.0273378594,0
5609,725,103.4768162,ATM,Travel,US,13,0.03283039864,0.204511121,0
7244,353,83.12489669,QR,Travel,FR,10,0.2426737875,0.08266894915,0
3320,990,85.50414571,Online,Food,FR,19,0.212867914,0.08090431305,0
7486,252,76.99989679,Online,Electronics,TR,15,0.2536525018,0.1091755181,0
8930,848,60.35343518,POS,Electronics,DE,12,0.2021284255,0.01282052205,0
7764,302,99.45494345,ATM,Clothing,FR,6,0.1563893579,0.1529703803,0
6344,228,87.60664704,ATM,Electronics,TR,10,0.1939353272,0.1082353666,0
7658,893,41.65853575,Online,Grocery,TR,11,0.09609909302,0.2427690551,0
8688,267,6.004414731,QR,Electronics,UK,12,0.2836830889,0.01168945019,0
6880,470,8.672212044,ATM,Electronics,UK,10,0.02660957539,0.166858253,0
7531,140,230.8636669,ATM,Electronics,DE,17,0.2263149884,0.1282381864,0
1605,924,88.1619721,Online,Grocery,FR,22,0.1058046881,0.1764528288,0
2077,31,36.82984187,ATM,Travel,US,15,0.02763328719,0.186642143,0
5749,833,177.7855989,ATM,Grocery,FR,6,0.2823196512,0.2783929205,0
2808,458,82.18014963,Online,Clothing,DE,8,0.2442292927,0.01519243234,0
3316,550,53.71076704,ATM,Grocery,DE,7,0.1306370715,0.009174578792,0
5366,213,126.8004613,Online,Food,TR,12,0.2207958595,0.2833512563,0
4852,783,96.33560605,POS,Food,US,16,0.0788301346,0.0688456848,0
7589,336,135.551699,POS,Clothing,US,21,0.09273565693,0.04500035255,0
6362,848,90.89924655,Online,Food,US,20,0.1843572206,0.2596029266,0
7669,581,88.09904598,Online,Electronics,TR,22,0.2967969859,0.2781527507,0
8431,837,26.69701648,ATM,Travel,DE,23,0.2693284481,0.2852835009,0
1239,648,112.6504243,POS,Travel,FR,6,0.04674125836,0.1015673006,0
1112,916,129.626686,POS,Clothing,TR,7,0.2570619577,0.1073519689,0
9054,350,130.5118003,Online,Food,US,8,0.2733498147,0.2828093128,0
2159,826,106.6408767,QR,Grocery,TR,6,0.1675667101,0.2424426342,0
8459,298,54.09958674,QR,Food,TR,6,0.1831274791,0.0229055453,0
7542,544,100.7160201,QR,Grocery,DE,20,0.2121816048,0.1220129825,0
5487,982,149.3116698,QR,Grocery,UK,18,0.0741307003,0.05974480814,0
9103,589,120.2044807,ATM,Food,UK,6,0.02936279003,0.006573337346,0
8212,715,45.94303337,POS,Clothing,DE,22,0.2381778738,0.1694754309,0
6928,692,29.77758746,Online,Electronics,UK,9,0.1986566335,0.2595137159,0
6125,72,199.8750047,POS,Electronics,DE,18,0.2756051076,0.1247346693,0
9826,780,690.9790849,Online,Food,NG,0,0.7802139284,0.8871396836,1
3956,69,20.55600401,POS,Travel,DE,21,0.2153734142,0.1175584414,0
1681,998,117.4285372,Online,Grocery,DE,8,0.2757800223,0.04614874134,0
1212,588,62.43722032,Online,Electronics,UK,17,0.2852397867,0.1624944062,0
8689,595,169.1745082,QR,Travel,UK,11,0.2231178159,0.07827322431,0
3935,527,16.00471267,ATM,Grocery,US,23,0.2921028769,0.2156408099,0
3093,857,62.47264055,POS,Travel,TR,6,0.1933475857,0.0619567241,0
2260,43,143.1530391,Online,Food,FR,17,0.1002741542,0.1312534732,0
6395,74,140.5553452,QR,Grocery,TR,20,0.02990849396,0.1402274163,0
7881,797,62.50325431,POS,Grocery,UK,14,0.1942350029,0.08552401127,0
4923,545,77.3710015,POS,Electronics,TR,6,0.2687080286,0.2172807204,0
8141,791,85.22418534,Online,Clothing,UK,23,0.2467265084,0.03190116315,0
1247,362,143.193583,POS,Grocery,FR,11,0.132570265,0.09347549478,0
4124,919,132.2104419,Online,Grocery,UK,12,0.1779997973,0.2341031623,0
1255,618,122.8060829,Online,Clothing,TR,10,0.0942823319,0.07467657144,0
2501,570,94.49342121,ATM,Electronics,FR,12,0.2404137245,0.1297681482,0
3565,258,44.56092103,QR,Food,UK,23,0.1500510295,0.2400051465,0
4797,120,137.6319267,Online,Grocery,TR,23,0.1554956943,0.2199290712,0
7033,23,148.0081948,Online,Grocery,DE,13,0.2166061742,0.2625223624,0
8999,819,76.21020276,ATM,Grocery,TR,8,0.01553229052,0.2668492725,0
4926,633,85.1044336,ATM,Travel,US,22,0.2652564235,0.09638332657,0
8215,166,118.0480444,QR,Grocery,FR,20,0.2147293946,0.2441504029,0
5469,944,173.2715077,QR,Grocery,DE,19,0.297388691,0.2405641306,0
1553,506,125.7072913,Online,Electronics,DE,14,0.0186768937,0.115364965,0
5844,116,142.640295,QR,Clothing,TR,16,0.1940415974,0.04319962269,0
2129,421,67.31614731,Online,Travel,DE,18,0.1160572747,0.1323925632,0
3295,948,80.94617728,QR,Travel,US,11,0.05577702753,0.1004500874,0
5729,77,155.5596206,QR,Clothing,FR,11,0.1174456583,0.1132285708,0
6087,247,102.8343739,ATM,Grocery,TR,23,0.2979019052,0.0889909896,0
2524,889,83.08716779,POS,Travel,TR,7,0.03218298911,0.2259922731,0
6884,699,118.4756558,Online,Grocery,US,16,0.2800397442,0.06424313542,0
669,314,60.95151464,Online,Food,TR,18,0.1827439003,0.001845397198,0
1375,596,134.3505355,POS,Travel,DE,23,0.1686530484,0.1546091819,0
4546,913,54.98415459,Online,Food,DE,18,0.1211328546,0.1056375375,0
2945,581,11.31404377,ATM,Food,US,18,0.18375667,0.2866383859,0
9502,407,1421.840456,Online,Travel,FR,5,0.8321636524,0.8619582769,1
6379,920,78.34290503,Online,Grocery,DE,10,0.2433086847,0.04436586932,0
9052,788,95.18858858,QR,Grocery,US,9,0.1387786218,0.2172728321,0
79,527,73.32841267,Online,Grocery,FR,14,0.1566732197,0.1167383805,0
8022,21,71.98891861,ATM,Electronics,DE,7,0.04168466268,0.1940523066,0
775,514,80.61191086,POS,Food,US,14,0.1785484597,0.01403072874,0
823,442,94.16180011,ATM,Food,TR,11,0.2502030063,0.1038010989,0
1812,694,1,QR,Clothing,UK,11,0.08386504508,0.1724502728,0
6446,904,140.0380092,ATM,Food,DE,16,0.05816384902,0.27609076,0
6359,31,169.381544,QR,Electronics,FR,15,0.05012355626,0.1116696105,0
5172,774,140.3695205,QR,Food,UK,9,0.0464169325,0.1401660182,0
3535,356,77.73261025,Online,Clothing,US,23,0.1599214133,0.04531727038,0
8230,210,139.9156618,POS,Food,FR,23,0.2458382942,0.2834012719,0
9221,503,141.3757107,Online,Food,TR,22,0.06213015613,0.251997657,0
1064,218,135.1362837,QR,Travel,FR,9,0.1039768842,0.2132753927,0
368,698,48.01854608,QR,Travel,DE,23,0.2527400837,0.2049297877,0
1677,867,144.679602,ATM,Travel,TR,13,0.1063810488,0.2768002783,0
5676,158,47.5388375,QR,Grocery,DE,15,0.02968131532,0.2114568389,0
4943,120,103.1327246,POS,Clothing,FR,23,0.2687344467,0.1042996828,0
3257,128,65.02448428,Online,Grocery,FR,8,0.06315163856,0.2585028972,0
6635,277,56.22189498,Online,Travel,DE,12,0.1386473834,0.06823022991,0
1601,264,120.3905007,ATM,Food,FR,14,0.05166071297,0.2007924918,0
1742,798,159.1909529,QR,Clothing,TR,20,0.2716022761,0.2146366695,0
5282,657,116.7491778,POS,Food,DE,6,0.2673173944,0.04454461626,0
9986,674,967.5156069,POS,Travel,TR,21,0.8301196922,0.9782041327,1
9376,963,92.78440338,POS,Electronics,TR,10,0.1140584548,0.08879078583,0
3372,117,138.6114967,POS,Travel,FR,12,0.007966203643,0.07383686533,0
3115,284,43.75299891,POS,Clothing,UK,14,0.2576718642,0.06630380906,0
2119,309,75.38406025,Online,Electronics,US,8,0.1062141598,0.08933371353,0
631,128,41.02294707,QR,Travel,FR,13,0.1471435406,0.12528227,0
5894,625,79.40643004,Online,Electronics,US,23,0.1480712285,0.2817451043,0
2895,292,110.898556,Online,Clothing,DE,22,0.07599137645,0.01461407288,0
4203,559,90.64255977,POS,Grocery,TR,23,0.04761539326,0.14379162,0
2120,131,72.54046154,POS,Electronics,UK,14,0.01692756202,0.2397082211,0
9850,31,2923.168603,Online,Grocery,DE,20,0.7677094099,0.8703550853,1
498,557,59.1147924,POS,Electronics,US,14,0.2936649185,0.06603361353,0
366,692,156.1526599,POS,Travel,DE,18,0.006173817705,0.2860501649,0
8950,410,22.55101692,POS,Grocery,US,15,0.1178581892,0.05193312926,0
4909,617,81.69538435,POS,Travel,US,11,0.04174208652,0.2314599864,0
5224,755,152.2333118,ATM,Travel,TR,19,0.06772330537,0.2537245197,0
5427,889,85.70720219,Online,Food,DE,16,0.2673614214,0.177773996,0
9857,88,10,ATM,Travel,NG,4,0.865531754,0.9050099604,1
885,879,139.9805813,Online,Clothing,TR,22,0.1987107315,0.2714587906,0
4872,70,165.6850306,QR,Clothing,TR,15,0.1839016958,0.09591454634,0
7170,236,33.18143484,ATM,Electronics,US,23,0.1633929387,0.1380515875,0
5934,659,171.2225247,QR,Grocery,FR,8,0.1665763171,0.0002256133925,0
6630,537,181.6076122,QR,Electronics,TR,17,0.2767111329,0.01957610037,0
5292,860,87.86355659,Online,Electronics,DE,19,0.2627108317,0.1683780929,0
4318,164,66.96342471,ATM,Travel,TR,12,0.006153600769,0.2066234748,0
9702,292,22.16842906,Online,Electronics,DE,6,0.9227945974,0.7346154151,1
1309,282,88.80984745,Online,Food,TR,8,0.2491740292,0.05635911277,0
4380,188,114.2192856,Online,Electronics,DE,14,0.08683426774,0.1975010981,0
6951,612,135.9932084,ATM,Grocery,UK,14,0.1376090106,0.194284751,0
4120,545,155.6282051,POS,Clothing,US,11,0.0200732552,0.03157669264,0
8152,586,48.25544907,POS,Electronics,DE,7,0.1504496311,0.1503294814,0
9894,685,432.7853914,POS,Electronics,US,4,0.8140896994,0.9570497566,1
6852,471,206.9141158,Online,Travel,US,12,0.03689779249,0.2014661496,0
6299,463,103.0972017,Online,Food,UK,6,0.06061880494,0.06477237779,0
8805,762,224.3600384,ATM,Electronics,DE,19,0.0906884913,0.1758820134,0
7952,472,105.7191738,POS,Clothing,US,17,0.07942413113,0.2246691666,0
2506,699,172.1650005,Online,Grocery,TR,16,0.2292899052,0.2901918834,0
3185,680,86.82395399,ATM,Grocery,UK,11,0.1516572181,0.2312366031,0
1120,283,139.8402417,Online,Food,US,7,0.2056788877,0.1502952472,0
3585,604,142.3790159,ATM,Food,US,21,0.1327390368,0.1607444848,0
209,176,107.683701,QR,Electronics,FR,14,0.01416244093,0.2445123899,0
9137,322,134.5066888,ATM,Travel,DE,22,0.1622633524,0.05578220574,0
9721,900,10,POS,Travel,FR,23,0.8537462906,0.9526687709,1
5809,438,126.7151025,POS,Travel,UK,21,0.1980540784,0.132453922,0
5727,555,90.83794446,POS,Clothing,TR,21,0.0903134487,0.01183349443,0
147,846,70.28250736,Online,Clothing,FR,12,0.2269164853,0.2939390914,0
3333,901,158.4292308,QR,Electronics,FR,20,0.292097817,0.1418922683,0
9357,433,134.7408071,QR,Electronics,FR,22,0.2447333509,0.05661548163,0
9647,72,1681.5863,ATM,Clothing,US,17,0.9959141039,0.7622605885,1
1448,855,159.516817,POS,Food,FR,19,0.2185854766,0.1556672664,0
1435,929,61.25417331,Online,Grocery,UK,17,0.2490811522,0.02214881634,0
6455,140,53.37515068,QR,Clothing,UK,18,0.09891132125,0.08394250732,0
7416,301,126.4762722,POS,Food,US,19,0.2820536813,0.1074364401,0
2874,980,111.1762862,POS,Electronics,DE,9,0.1069786437,0.1852139077,0
3796,125,66.98353691,POS,Clothing,DE,20,0.07506837184,0.1253727191,0
7532,414,25.42866312,POS,Clothing,TR,20,0.2607862659,0.1570236421,0
288,854,109.0052734,ATM,Clothing,UK,6,0.2894871231,0.05051943674,0
4877,83,99.66319219,QR,Grocery,DE,12,0.08772123965,0.06031939437,0
5460,483,34.61000466,POS,Food,US,12,0.07257807397,0.2633559903,0
1759,698,55.22270576,QR,Travel,DE,21,0.1664425673,0.07210039402,0
1,348,112.9941617,ATM,Travel,FR,23,0.1636059208,0.1995452466,0
2079,39,74.21163277,POS,Travel,FR,8,0.1266717446,0.03894605177,0
6984,808,100.9683664,POS,Clothing,TR,16,0.06796012521,0.2578550221,0
8982,134,72.95363857,Online,Electronics,FR,23,0.1983419164,0.06176155196,0
8079,202,115.6406658,QR,Electronics,UK,7,0.2853110567,0.00804344967,0
6095,604,77.91266383,QR,Grocery,DE,18,0.005224208299,0.1220251861,0
3516,252,104.3638734,Online,Clothing,US,7,0.2551481071,0.1770609527,0
7354,348,74.11886278,ATM,Grocery,FR,19,0.2438905879,0.004336753873,0
7135,699,171.8100697,POS,Travel,US,20,0.2869666893,0.01778908424,0
5127,890,107.9923025,ATM,Electronics,TR,9,0.2492204606,0.06682548175,0
3173,395,92.87577092,ATM,Clothing,UK,10,0.2951282755,0.2909095693,0
9582,862,1001.951167,QR,Food,US,11,0.8777117776,0.8264569789,1
3444,305,121.5544037,ATM,Grocery,UK,10,0.09142029946,0.2698200113,0
9839,877,794.217348,QR,Travel,UK,12,0.9331815865,0.9213962307,1
2758,972,108.0919737,QR,Food,TR,17,0.09254294238,0.2107786031,0
243,605,239.3024969,Online,Travel,DE,11,0.1090646487,0.293579724,0
158,630,94.56561417,QR,Electronics,FR,9,0.2537977906,0.1546322503,0
1542,322,130.9548239,ATM,Food,UK,14,0.1075735735,0.2194362492,0
6372,8,55.46998006,QR,Travel,US,8,0.1280696932,0.1982810833,0
5552,942,80.10041126,ATM,Clothing,UK,15,0.05568828984,0.2706967026,0
5454,444,16.5354735,POS,Food,DE,15,0.1970775282,0.1423141092,0
3821,213,142.89743,ATM,Clothing,FR,16,0.1500187273,0.05742348084,0
6704,825,216.932547,QR,Food,FR,17,0.008904047554,0.09027686987,0
3753,830,206.8805815,POS,Travel,DE,22,0.04888123503,0.1333856128,0
2243,200,103.0581284,Online,Electronics,DE,17,0.04256000386,0.1513361116,0
5779,478,140.7437059,Online,Clothing,DE,13,0.1716210552,0.03398593378,0
5966,178,91.26590417,POS,Clothing,US,20,0.1759374978,0.05302866733,0
8563,962,188.1742804,ATM,Grocery,FR,7,0.1149197549,0.02382244686,0
7500,21,135.8154925,QR,Grocery,US,9,0.002557191291,0.01313642799,0
364,794,165.7815931,QR,Food,US,8,0.2783580794,0.0473951431,0
365,501,92.75795616,Online,Grocery,US,10,0.2276570668,0.03578757997,0
928,335,98.00289432,ATM,Electronics,US,6,0.1751831568,0.09501231757,0
1425,935,153.9359525,POS,Travel,FR,20,0.2429995592,0.09243513636,0
8997,462,38.30910991,POS,Travel,TR,10,0.06213118779,0.09730017222,0
6500,564,134.791669,QR,Food,FR,12,0.1874081913,0.176959963,0
6589,790,123.5927444,QR,Clothing,UK,15,0.03961955599,0.1368789244,0
7025,735,93.73611814,QR,Food,UK,6,0.03736224363,0.08264177808,0
952,312,103.9821345,ATM,Grocery,US,6,0.2788448603,8.80E-06,0
7386,297,44.17286783,Online,Travel,FR,21,0.08514033154,0.2011275139,0
8468,153,175.3116618,Online,Food,US,23,0.2807710338,0.03164232314,0
3044,194,96.14176124,POS,Food,US,23,0.04692273829,0.1954356388,0
260,302,46.39709691,Online,Electronics,DE,17,0.01252639758,0.2146745235,0
2418,982,1,POS,Travel,UK,16,0.1814040687,0.005082473026,0
6864,331,140.5991926,QR,Clothing,US,15,0.1224528597,0.181981938,0
7683,378,150.0691573,ATM,Travel,FR,17,0.1036486624,0.06223330282,0
8327,445,153.0076957,POS,Electronics,FR,18,0.06262363532,0.2339625717,0
5194,236,120.9357279,ATM,Grocery,FR,8,0.2256851265,0.2162916753,0
9104,859,120.9782658,POS,Travel,US,10,0.1191064552,0.2614438855,0
4653,992,67.17705398,ATM,Food,TR,11,0.286383155,0.1798197666,0
7496,707,163.4633136,ATM,Travel,DE,8,0.2155106031,0.1752369445,0
6872,765,63.53043328,QR,Clothing,US,9,0.09194864738,0.1463094641,0
9209,379,47.83782954,ATM,Grocery,US,9,0.1088886913,0.2107704749,0
1092,325,111.5348659,ATM,Clothing,UK,18,0.2305778011,0.1635399653,0
7114,394,202.2161901,ATM,Grocery,FR,14,0.02143199121,0.003450944,0
2321,870,51.03403974,Online,Travel,DE,8,0.235799593,0.1020858722,0
8976,374,116.9932317,POS,Clothing,FR,14,0.08373782524,0.1268568088,0
4193,689,128.3069154,QR,Electronics,DE,10,0.2491067242,0.171124789,0
4845,182,16.35191952,Online,Food,FR,16,0.246346291,0.04115010514,0
186,389,66.77814089,ATM,Electronics,FR,9,0.09831054671,0.29658907,0
2696,196,92.1449385,Online,Food,TR,12,0.06378135517,0.03237754062,0
7350,257,160.4894094,QR,Grocery,TR,21,0.1100811801,0.0514235783,0
2961,676,192.8196849,ATM,Grocery,UK,9,0.07545845039,0.2986187347,0
1203,502,146.9579457,Online,Travel,TR,23,0.1782359613,0.2433427068,0
5211,873,88.63362063,Online,Food,FR,18,0.1622128893,0.2543711255,0
2894,380,123.6374487,Online,Food,TR,13,0.2847023063,0.104690762,0
622,9,101.7004627,ATM,Clothing,FR,20,0.1072193632,0.1728049594,0
4576,630,92.87896325,ATM,Travel,FR,10,0.2869905398,0.08432071937,0
3523,748,91.50900139,POS,Travel,FR,7,0.1547261986,0.2248348141,0
2090,427,81.54363635,POS,Food,FR,10,0.2953667911,0.04785399855,0
8600,916,28.12563522,ATM,Travel,TR,18,0.005293163192,0.1995068577,0
2929,33,1,ATM,Clothing,TR,17,0.09952178492,0.2602369855,0
2916,163,67.54269076,ATM,Grocery,TR,13,0.2734675828,0.2174864946,0
5553,257,112.9045988,Online,Food,DE,17,0.2238367771,0.01205359877,0
5301,587,61.29542592,Online,Travel,DE,9,0.1188100894,0.106367046,0
4512,390,121.1202541,POS,Electronics,TR,8,0.1629442447,0.2709065004,0
1809,650,82.97439776,QR,Food,FR,13,0.04384429205,0.2120048832,0
8991,157,65.98520825,Online,Electronics,FR,12,0.01669371621,0.03291279918,0
2076,848,71.78059506,POS,Grocery,UK,14,0.1482804655,0.2754717961,0
3737,486,112.4466053,POS,Grocery,FR,18,0.1533996809,0.1268895007,0
4982,437,80.55951073,Online,Grocery,FR,20,0.2225190743,0.09653138783,0
1143,841,84.32179435,QR,Travel,FR,9,0.2804192276,0.1649184621,0
3123,279,121.0966856,QR,Food,DE,6,0.1774615942,0.06931429885,0
173,240,187.307689,QR,Electronics,US,22,0.2551872015,0.02408837848,0
747,470,98.26672151,QR,Food,FR,22,0.1490304107,0.03384595771,0
3525,581,49.89480377,QR,Grocery,FR,19,0.04826970884,0.2486926346,0
8028,857,119.7460884,POS,Electronics,FR,13,0.03761435003,0.134946916,0
2782,29,79.61364914,Online,Electronics,DE,18,0.2359521759,0.06705228917,0
3232,71,15.14550095,Online,Clothing,DE,13,0.2049961807,0.1931623744,0
9757,942,10,POS,Travel,UK,4,0.7822329726,0.947526655,1
4014,266,172.9216352,POS,Grocery,TR,12,0.2271000448,0.1469626723,0
8038,105,100.8958869,ATM,Travel,TR,13,0.2117335655,0.2872073786,0
3966,273,77.7124121,Online,Electronics,US,20,0.2717915558,0.2212379921,0
9000,100,54.45209123,ATM,Travel,US,19,0.07868922375,0.2460302632,0
5549,328,90.53668845,Online,Electronics,DE,23,0.246241663,0.221327034,0
6468,30,148.5442945,QR,Clothing,US,17,0.1926472312,0.1561229129,0
3579,579,125.8278522,Online,Travel,DE,7,0.1056419771,0.211913355,0
6190,748,111.977386,POS,Food,US,14,0.01576109428,0.267440579,0
3792,539,112.9514411,QR,Clothing,DE,20,0.1123596629,0.2614425086,0
6504,697,33.41978407,QR,Food,UK,6,0.0009293511067,0.1866570366,0
1971,801,12.23227153,QR,Clothing,US,12,0.05144657027,0.1996670834,0
6491,885,104.721369,POS,Travel,UK,8,0.003638750584,0.05432974503,0
4562,620,110.9046403,ATM,Electronics,DE,13,0.09858860954,0.1741420644,0
488,672,165.0796499,QR,Grocery,UK,15,0.2268104365,0.01151468601,0
3469,764,161.0391459,Online,Clothing,TR,8,0.2090052786,0.01683643922,0
9508,739,2053.130559,QR,Food,FR,15,0.7556893695,0.9722351208,1
4734,685,91.86778551,POS,Grocery,TR,9,0.06101201118,0.2392618004,0
8974,973,197.9076113,POS,Clothing,TR,10,0.04019166869,0.2471528449,0
3514,254,119.0377923,Online,Food,DE,19,0.1664727276,0.0292834875,0
6501,197,62.02909085,Online,Grocery,DE,10,0.2089870902,0.2120408413,0
4430,693,57.44827391,POS,Grocery,US,13,0.02107242295,0.1788323176,0
1345,424,126.364327,ATM,Electronics,US,6,0.2724465699,0.06679313589,0
8333,103,50.37195423,POS,Grocery,US,13,0.04248750543,0.06527430047,0
1399,233,124.731232,ATM,Grocery,US,23,0.2058285599,0.194445149,0
8296,901,91.04482232,QR,Food,TR,15,0.07031092494,0.02869937396,0
3204,354,86.52459566,ATM,Grocery,UK,21,0.1903646466,0.1883689771,0
1664,962,49.60028806,QR,Electronics,UK,22,0.2918086596,0.0004185026656,0
4347,259,50.96685439,ATM,Travel,US,15,0.05859303982,0.1744474935,0
9999,257,2268.560334,QR,Grocery,UK,4,0.9112997296,0.9522100776,1
8602,676,84.43889407,QR,Electronics,TR,15,0.2165296311,0.04106522416,0
3574,363,74.68332187,ATM,Food,UK,12,0.1177103583,0.1485624576,0
5941,922,71.96674898,QR,Clothing,UK,7,0.07256363032,0.2193162997,0
7953,274,118.6722678,POS,Food,UK,23,0.2499717405,0.2546893697,0
2941,840,114.3166665,QR,Electronics,DE,7,0.2008554474,0.215462149,0
5367,368,138.4220366,QR,Electronics,UK,21,0.03040950327,0.2198022211,0
6569,790,119.4253162,ATM,Electronics,US,11,0.06678514541,0.1023109326,0
8365,693,94.40363748,POS,Travel,UK,12,0.1331982998,0.1979054365,0
17,695,114.5503431,ATM,Food,FR,9,0.2620353289,0.2805354115,0
7571,46,16.20220146,QR,Grocery,UK,11,0.0245815839,0.116049542,0
6090,57,90.45070958,Online,Clothing,TR,20,0.04497920105,0.1909359708,0
2238,848,54.58109535,Online,Travel,FR,6,0.2498975293,0.064609762,0
3624,889,137.6424166,QR,Electronics,DE,18,0.2138191518,0.2554972364,0
3928,911,143.2474419,POS,Food,FR,16,0.07781687608,0.182735024,0
2398,359,127.0596504,QR,Clothing,FR,22,0.09809892917,0.1842413312,0
1787,708,152.874464,QR,Clothing,TR,18,0.03529927306,0.2192658654,0
159,926,81.08617277,Online,Grocery,UK,11,0.1646934543,0.286571296,0
3723,467,45.49847523,POS,Food,UK,9,0.09292981245,0.1991116302,0
9440,291,90.58170767,POS,Electronics,US,12,0.1267076333,0.04916091439,0
5637,944,124.8610119,POS,Clothing,US,21,0.2599240569,0.272370029,0
9798,800,1054.704771,POS,Clothing,TR,4,0.8865573089,0.7670748123,1
1402,205,107.0766066,QR,Travel,US,13,0.1459777963,0.2625265955,0
9398,87,141.0488781,ATM,Food,FR,21,0.03830678271,0.2229688533,0
9962,123,4548.539606,ATM,Travel,NG,18,0.714615028,0.9637900162,1
8375,734,160.3449674,ATM,Clothing,DE,19,0.2255916905,0.05531615541,0
3539,32,52.01683367,ATM,Travel,US,15,0.1207842712,0.2186982187,0
2607,145,8.972355917,POS,Clothing,DE,14,0.262944087,0.1435036776,0
1625,268,108.1191593,POS,Electronics,DE,23,0.05533570125,0.106170738,0
3116,526,83.31206973,ATM,Travel,UK,12,0.1686710377,0.2658034903,0
4426,410,127.0192024,POS,Electronics,DE,7,0.09932911213,0.1380227363,0
5425,230,76.29734635,ATM,Electronics,US,22,0.2709776525,0.2647774464,0
5745,656,29.42121574,ATM,Travel,FR,17,0.09733714266,0.1898796778,0
4308,592,130.1450023,ATM,Grocery,UK,18,0.2386910979,0.006897869298,0
9565,249,1881.429401,QR,Clothing,TR,11,0.7848571318,0.7022974692,1
8259,401,157.2440812,ATM,Electronics,US,7,0.1473839588,0.2945634654,0
1900,586,98.98801394,POS,Grocery,UK,9,0.2853213041,0.05021490986,0
5561,465,83.48814445,QR,Clothing,UK,17,0.1257580034,0.2344934435,0
8677,302,58.02910947,QR,Clothing,DE,21,0.02333894681,0.0941805268,0
8754,245,185.071187,POS,Clothing,FR,8,0.2200774014,0.2162643556,0
9225,928,90.78652635,ATM,Clothing,FR,17,0.1928608198,0.2136517157,0
3363,420,62.50785386,QR,Electronics,US,18,0.2238880173,0.2976473665,0
8531,826,101.5412102,Online,Electronics,US,8,0.2457693497,0.2711572532,0
8505,344,16.02866903,QR,Travel,FR,11,0.1675584832,0.2331515994,0
27,112,193.2922276,Online,Electronics,TR,13,0.108746402,0.02951790444,0
5933,300,67.90015028,Online,Clothing,TR,20,0.1188593264,0.2616089425,0
4717,106,89.09154088,ATM,Food,FR,12,0.08545757329,0.2815147412,0
6021,188,95.71235262,POS,Clothing,FR,22,0.2129128567,0.132871695,0
2623,418,162.423402,Online,Grocery,TR,10,0.2474586272,0.1909664457,0
4473,567,122.367278,POS,Clothing,FR,16,0.03880592312,0.04827078494,0
1735,549,80.88738762,POS,Travel,UK,9,0.008118513595,0.04721395371,0
8629,650,106.1596831,ATM,Food,FR,15,0.1013090464,0.2224245562,0
3549,404,135.4468226,Online,Clothing,FR,12,0.2855198966,0.1865304342,0
729,896,95.16852319,QR,Electronics,UK,17,0.2153273109,0.1792242632,0
5196,218,165.4237085,POS,Food,DE,13,0.2349351025,0.03362188346,0
7743,378,52.95889629,ATM,Grocery,UK,23,0.09870868573,0.02669147309,0
371,744,133.4708096,QR,Travel,US,13,0.2539756436,0.1678247912,0
41,743,86.93499447,QR,Electronics,FR,10,0.118077841,0.1270732598,0
4534,837,113.0865219,QR,Grocery,UK,9,0.2081955054,0.05976937322,0
5066,228,186.6092289,ATM,Food,US,13,0.2025386409,0.1739525238,0
3254,57,153.3175946,POS,Clothing,DE,12,0.09668797345,0.2581670369,0
6972,738,96.94582356,QR,Electronics,TR,6,0.005773584324,0.2030535516,0
8655,577,52.09495932,QR,Food,FR,11,0.034786248,0.09519880892,0
6464,757,70.84442615,Online,Travel,DE,22,0.1144284613,0.2194372327,0
3422,558,187.9346418,QR,Travel,UK,10,0.01681263706,0.1580914949,0
8769,337,124.9701743,POS,Electronics,FR,21,0.1063588117,0.04128508158,0
7412,806,127.9716423,POS,Grocery,TR,20,0.27835289,0.002444149745,0
5121,12,46.34204276,ATM,Electronics,DE,9,0.2357987003,0.07799970175,0
9303,441,163.5216678,POS,Travel,DE,22,0.008781701571,0.1820879413,0
3614,452,155.3085876,Online,Travel,DE,7,0.06924244031,0.1475266239,0
2871,464,104.3365381,Online,Clothing,US,10,0.08600516404,0.2999588662,0
4628,31,57.00872646,QR,Clothing,UK,8,0.2270048891,0.1343730359,0
2770,232,90.9507067,QR,Electronics,TR,23,0.2138562701,0.1076385567,0
1874,928,94.55024196,POS,Clothing,UK,14,0.2590756915,0.0712579655,0
5847,873,103.2384395,POS,Clothing,US,8,0.2212428682,0.2918470425,0
7508,102,118.3919097,Online,Electronics,DE,17,0.1893550081,0.05077381058,0
5008,377,128.3628201,QR,Grocery,DE,14,0.1024396041,0.002409074433,0
1546,205,160.5350627,Online,Grocery,TR,11,0.1311921773,0.006788985016,0
1341,108,11.33962961,Online,Food,DE,23,0.0553227784,0.2581779666,0
8351,316,200.0312966,Online,Food,FR,19,0.1087714835,0.1260158957,0
1793,67,111.4302073,ATM,Food,US,9,0.2126560762,0.1778388748,0
2455,788,129.3548963,POS,Electronics,US,15,0.1169807178,0.2919958748,0
6870,255,137.2078889,ATM,Grocery,DE,18,0.02902222268,0.2778395056,0
5938,861,25.91160755,POS,Food,DE,15,0.1340564015,0.01006273023,0
4866,122,61.61309907,Online,Electronics,TR,13,0.07905983749,0.01704788725,0
3426,243,71.83067748,ATM,Travel,UK,20,0.2511046548,0.1973794006,0
9399,712,5.212692829,QR,Food,UK,7,0.07729055587,0.1480063735,0
1227,72,1,Online,Food,US,9,0.1445261156,0.2818092933,0
8021,433,34.67336792,POS,Clothing,US,9,0.2151529191,0.2345565316,0
9525,141,2875.13421,POS,Clothing,NG,10,0.9421278368,0.8492925492,1
1104,984,128.6062859,ATM,Grocery,TR,14,0.01910304181,0.2681326133,0
5291,771,49.28924956,QR,Electronics,TR,10,0.2946677979,0.2545963399,0
8652,441,80.75167356,ATM,Travel,FR,22,0.002992902884,0.06980336623,0
1489,424,52.62854775,POS,Grocery,US,9,0.2324152744,0.1568034145,0
7324,283,52.8698519,ATM,Travel,TR,11,0.1223655835,0.2017952542,0
5995,610,97.95062336,QR,Travel,UK,23,0.207182381,0.1058454893,0
3396,920,173.4251136,ATM,Clothing,UK,16,0.1632921025,0.2584135701,0
5710,326,140.9113308,ATM,Travel,UK,17,0.2021635497,0.1061300083,0
5578,727,38.73247817,POS,Food,UK,13,0.07673274492,0.2101780851,0
6227,846,134.6117443,POS,Grocery,TR,12,0.04447685556,0.2901035156,0
4624,715,109.6082118,Online,Grocery,UK,18,0.1706849929,0.1815367348,0
9131,122,80.68108798,ATM,Travel,US,11,0.04450192258,0.2574153293,0
9436,670,50.23252078,QR,Food,UK,11,0.2969843247,0.07336074582,0
6895,279,106.7679993,QR,Food,DE,12,0.2642360832,0.1627886169,0
6322,973,122.8019794,QR,Travel,US,16,0.2733588512,0.2461866357,0
9109,298,27.40631916,QR,Clothing,UK,18,0.2480255571,0.2336927613,0
9023,527,175.9697298,Online,Food,UK,13,0.2670809188,0.05705388726,0
6335,953,159.4597486,QR,Clothing,FR,15,0.2633555186,0.116008518,0
5646,838,1,ATM,Clothing,DE,14,0.2184599521,0.1961208932,0
8699,245,40.81835517,POS,Grocery,US,17,0.2904400815,0.242796608,0
4558,793,245.8516386,POS,Clothing,DE,7,0.2297576965,0.1449897071,0
2328,27,119.4211447,ATM,Grocery,TR,14,0.1880446084,0.2666557899,0
4239,701,1,POS,Clothing,US,13,0.2642059041,0.1004181336,0
7218,906,50.61486562,Online,Clothing,FR,19,0.226345021,0.03834670938,0
3273,363,108.72441,QR,Food,US,9,0.1106451632,0.1750311732,0
7897,868,131.7675906,QR,Electronics,TR,8,0.1389130857,0.2963077967,0
1327,388,134.8032709,ATM,Food,TR,21,0.1246814376,0.2894776638,0
7858,714,102.9656383,Online,Travel,US,20,0.246776524,0.01192893946,0
4165,620,24.97027064,POS,Grocery,UK,13,0.01096805244,0.00846806222,0
9343,727,127.4520906,ATM,Electronics,DE,15,0.2540997226,0.2708457092,0
8682,223,143.7423414,QR,Food,UK,6,0.1017873139,0.0557195573,0
2820,257,85.85118615,POS,Electronics,FR,15,0.03291227836,0.2128935616,0
5786,813,116.3936803,POS,Grocery,FR,7,0.04545814999,0.01228432621,0
7281,249,118.3848627,POS,Grocery,TR,8,0.06191130333,0.1699898176,0
647,857,114.9135552,POS,Grocery,TR,17,0.09774659877,0.04539909532,0
4841,275,109.5886217,ATM,Clothing,US,20,0.01025082522,0.2385943715,0
8027,78,164.9959489,POS,Clothing,US,7,0.247811583,0.1598686022,0
7780,838,59.27487039,Online,Electronics,US,7,0.2765376562,0.03285403062,0
9374,56,154.1042099,ATM,Travel,FR,15,0.0733252054,0.05372061884,0
3600,862,96.75436336,Online,Electronics,DE,8,0.01565814164,0.2096776981,0
8053,563,9.277631637,POS,Electronics,UK,12,0.2174419842,0.2607791092,0
1070,552,149.5479094,POS,Clothing,US,21,0.2024374759,0.1303833434,0
9404,600,16.89002521,QR,Clothing,TR,18,0.1434096124,0.09463760876,0
7462,232,37.76386015,POS,Electronics,FR,17,0.1419736324,0.1161786884,0
8281,440,90.41870422,Online,Clothing,FR,9,0.2054834649,0.1854062968,0
451,506,80.68477508,Online,Travel,DE,14,0.1952478975,0.2441367502,0
9143,793,36.66396489,ATM,Food,FR,17,0.2610736213,0.1341072761,0
8321,665,135.8460976,Online,Electronics,DE,17,0.2380685238,0.2660799159,0
4143,74,77.13214655,ATM,Electronics,UK,6,0.1304214987,0.12557975,0
2197,327,89.5933952,POS,Clothing,TR,10,0.09457601731,0.08328644676,0
7630,584,165.0455619,Online,Electronics,DE,21,0.1746481023,0.01661326668,0
9355,315,134.1854575,QR,Grocery,TR,18,0.1145513166,0.1948721836,0
1621,937,74.13267135,POS,Clothing,US,13,0.05528074607,0.1119149132,0
7171,833,24.56681151,POS,Clothing,US,9,0.05912106921,0.004476266406,0
8717,270,58.62513572,ATM,Travel,UK,6,0.006961061434,0.1997172292,0
9513,641,22.16842906,POS,Grocery,UK,4,0.8077073574,0.7600653155,1
7795,208,64.33975985,QR,Grocery,FR,15,0.08388430867,0.001000557938,0
3167,754,118.7086271,Online,Grocery,UK,21,0.1428639692,0.1659964538,0
4666,365,152.089706,QR,Clothing,UK,16,0.2477491648,0.1424063697,0
9144,711,1.299402248,POS,Clothing,UK,21,0.1036273644,0.064291773,0
3317,434,188.3529787,POS,Travel,TR,19,0.00147240842,0.1941556311,0
664,876,191.0435905,QR,Food,UK,18,0.09797009224,0.05344382253,0
830,479,131.1466135,QR,Travel,UK,10,0.001221953005,0.1756286706,0
7566,667,107.4386702,ATM,Travel,US,17,0.1378667193,0.2491892211,0
2759,762,181.7191599,POS,Clothing,US,20,0.06437395513,0.1671575697,0
9709,418,2473.304383,QR,Electronics,DE,21,0.9792427846,0.7318642566,1
8970,581,105.6188341,QR,Grocery,TR,19,0.02896189304,0.1669358815,0
5815,727,117.8787945,Online,Clothing,DE,19,0.06622222612,0.09790624606,0
6060,310,25.82670239,ATM,Travel,US,18,0.0550634532,0.0912728466,0
5797,769,44.70333877,POS,Electronics,TR,18,0.208071048,0.1025346188,0
4933,768,108.3432624,QR,Electronics,FR,10,0.1975212191,0.2727745411,0
9654,243,10,POS,Clothing,US,21,0.7787252591,0.8001015006,1
2765,269,87.32184143,QR,Electronics,US,13,0.2858737778,0.2264220351,0
920,888,76.50087133,QR,Travel,FR,7,0.2633441846,0.2963800588,0
2754,149,62.2734323,Online,Grocery,TR,20,0.1158713616,0.09073861377,0
7129,170,116.112044,POS,Electronics,FR,13,0.1659574814,0.06357129703,0
2901,941,55.96199044,POS,Grocery,US,16,0.1212039,0.01640796351,0
1593,484,160.329371,Online,Travel,TR,7,0.2671660758,0.0383358071,0
2979,383,140.5431866,ATM,Travel,TR,10,0.06508307474,0.07655925402,0
7434,373,114.8145174,Online,Electronics,FR,14,0.2566158883,0.1091522182,0
4956,306,107.381905,ATM,Grocery,US,13,0.1302005207,0.2625052797,0
7672,790,184.2968277,ATM,Food,TR,8,0.209270138,0.2804378248,0
6035,388,148.8791073,QR,Clothing,FR,22,0.1299910514,0.19230171,0
6564,228,57.67460211,POS,Food,TR,21,0.1630220335,0.03968475945,0
356,155,211.9176581,POS,Electronics,TR,22,0.04969890023,0.1818383483,0
904,883,96.22450137,Online,Grocery,UK,23,0.1844241496,0.1173501059,0
4550,278,78.02228225,QR,Electronics,DE,17,0.05201859977,0.276944539,0
1454,793,112.2375163,QR,Electronics,FR,21,0.1756706496,0.03762478126,0
227,905,202.6570092,ATM,Travel,UK,13,0.1213710543,0.235505378,0
3799,409,88.91524816,POS,Electronics,US,12,0.02035110601,0.1908506624,0
8446,526,115.8860868,Online,Clothing,FR,19,0.2995319966,0.1066145036,0
40,140,60.55753751,POS,Electronics,TR,19,0.1829793591,0.2052528779,0
2151,543,140.2790237,ATM,Travel,US,10,0.1815287929,0.1641632836,0
6546,210,38.92647614,POS,Travel,US,23,0.2378670745,0.1530086969,0
5693,132,153.9297558,Online,Travel,FR,8,0.1406665077,0.2937453119,0
1676,922,101.3285982,QR,Electronics,TR,7,0.08029522391,0.1325566506,0
8812,818,128.9581471,QR,Grocery,UK,6,0.1696890315,0.1563218375,0
3002,422,79.92541592,QR,Food,UK,10,0.2211359013,0.06394101586,0
3646,519,21.47925876,Online,Food,TR,6,0.240851879,0.2215210462,0
9829,587,198.34667,QR,Grocery,FR,1,0.9861895397,0.7523214318,1
1835,154,51.54744742,QR,Electronics,US,13,0.1053334797,0.2651906591,0
5052,231,120.6081923,Online,Electronics,FR,19,0.2050775575,0.005228334006,0
5375,310,73.47956299,QR,Electronics,TR,14,0.1531334063,0.2014508425,0
6797,999,44.24575965,QR,Travel,DE,10,0.2863107045,0.01499763248,0
709,753,127.5667108,Online,Food,DE,15,0.2480049332,0.1474596041,0
1260,865,155.9190641,Online,Food,FR,17,0.2049883989,0.1481469111,0
8243,797,38.38212478,Online,Electronics,FR,12,0.1360254006,0.06969269058,0
309,532,61.38410786,QR,Clothing,DE,9,0.1837652208,0.1419656501,0
6669,496,113.7639265,POS,Grocery,DE,9,0.055594063,0.194626146,0
1598,570,128.3756731,Online,Travel,UK,10,0.1511050913,0.111255866,0
7982,559,56.05039934,POS,Travel,TR,20,0.2288553228,0.01570680237,0
3581,721,144.3955443,POS,Electronics,DE,16,0.0002630952546,0.2713176442,0
6271,111,214.1171169,POS,Food,FR,22,0.04419740932,0.2101531384,0
1519,517,77.47684246,QR,Travel,FR,6,0.1427803429,0.1420114825,0
347,408,144.5005063,POS,Clothing,UK,22,0.03456779208,0.2859162369,0
4479,802,137.0273768,Online,Food,UK,13,0.07769493301,0.2992398638,0
4637,497,207.8857152,Online,Grocery,UK,13,0.003382153913,0.267125872,0
5714,251,13.22562324,Online,Food,US,17,0.1081823513,0.1175756394,0
6805,57,137.7007036,QR,Grocery,TR,19,0.2483094409,0.05821219462,0
7024,617,151.4719956,Online,Food,UK,13,0.126193779,0.07589417587,0
2819,575,135.3508751,Online,Travel,TR,13,0.2897185639,0.2598242416,0
4848,321,26.8186771,QR,Grocery,US,12,0.2509388675,0.1677314895,0
7271,111,49.60724007,Online,Travel,UK,15,0.1548757798,0.1465268927,0
2115,187,176.6081885,POS,Grocery,UK,21,0.1825480625,0.2347863742,0
4571,889,80.64244721,QR,Electronics,US,9,0.1575857831,0.1725172992,0
1386,720,110.0790057,ATM,Food,FR,7,0.2581019267,0.1408615432,0
1880,295,146.9207711,QR,Food,UK,9,0.1238591638,0.03502197159,0
9006,742,91.15770679,ATM,Electronics,DE,15,0.1785393978,0.04954247228,0
960,625,185.5700878,Online,Grocery,FR,11,0.08377416465,0.1380133141,0
5871,556,90.61041859,ATM,Food,TR,6,0.1005635511,0.04542933354,0
9710,129,701.8997357,Online,Grocery,US,6,0.9154898389,0.8749753793,1
5461,305,170.8063141,QR,Clothing,TR,8,0.2773785783,0.1581797711,0
6657,50,82.09010044,QR,Grocery,US,8,0.1956149844,0.02673789825,0
2545,384,94.08291881,QR,Grocery,US,12,0.01521070158,0.06395359192,0
6821,453,99.28121934,ATM,Travel,US,23,0.2292932924,0.1613478326,0
5968,771,170.9433795,QR,Travel,TR,23,0.2728430094,0.02462600681,0
2477,962,94.17975503,ATM,Travel,DE,9,0.1069090376,0.03871992836,0
8293,280,30.05866699,POS,Clothing,UK,16,0.1973332001,0.2290709509,0
3881,757,117.6176055,POS,Electronics,TR,17,0.2020141759,0.1237102595,0
7816,934,60.97978611,QR,Grocery,TR,11,0.2095236449,0.1604015505,0
589,92,126.6636801,ATM,Grocery,FR,21,0.2972266519,0.1299933233,0
6523,698,148.1309027,ATM,Clothing,FR,23,0.192839191,0.1505096906,0
3062,777,143.9367139,QR,Travel,DE,20,0.1295918006,0.1009012115,0
3669,225,104.2364969,QR,Grocery,FR,12,0.06248478507,0.03429600716,0
6117,411,76.42126483,POS,Electronics,DE,22,0.16974382,0.06453347944,0
9150,256,101.0702023,ATM,Electronics,TR,16,0.1072493448,0.1592898387,0
1926,951,100.5466507,Online,Electronics,TR,13,0.001503275226,0.2675875917,0
8594,912,113.0519991,ATM,Grocery,UK,8,0.002181075208,0.2357701994,0
2396,915,115.0075476,Online,Food,UK,20,0.1355929963,0.2988470552,0
8237,573,16.07494057,ATM,Food,FR,11,0.2334093167,0.264865251,0
6185,208,137.6765376,Online,Food,FR,12,0.05051458123,0.1891399373,0
3877,176,132.6739328,QR,Grocery,TR,6,0.1250732462,0.01566343701,0
4656,536,48.78743447,POS,Food,TR,23,0.07534757352,0.1390999448,0
487,565,138.8993339,QR,Clothing,FR,9,0.09711178425,0.2632820581,0
3376,629,148.4060039,ATM,Food,UK,6,0.02612030522,0.07325324185,0
2320,850,136.4086375,QR,Clothing,DE,21,0.1707986441,0.06600469835,0
911,673,183.0546956,ATM,Food,US,16,0.08475652771,0.06972383753,0
4187,552,106.8871947,POS,Food,TR,19,0.1716530592,0.0868782692,0
5173,39,92.65216123,POS,Electronics,US,17,0.003917596314,0.05192753079,0
8168,186,53.26384096,Online,Electronics,TR,19,0.2909524443,0.1394491076,0
7828,908,98.00478442,QR,Electronics,UK,7,0.1449854151,0.00118317013,0
1523,871,113.9456183,ATM,Travel,US,21,0.1811954766,0.103599448,0
5673,234,195.2776334,ATM,Food,US,13,0.02663001929,0.0464876995,0
3901,167,120.2432846,Online,Electronics,UK,20,0.0767138376,0.1634422363,0
5971,63,136.7577616,Online,Food,TR,21,0.2049997551,0.2059326408,0
3757,113,115.9025774,POS,Clothing,DE,23,0.1902983984,0.1179807697,0
6706,28,121.2124776,QR,Grocery,US,18,0.220228758,0.02573088325,0
7613,375,129.868024,QR,Grocery,TR,18,0.0105965439,0.09778573952,0
4703,556,1,ATM,Clothing,UK,18,0.04269688807,0.02077897143,0
9019,441,99.33555261,ATM,Travel,FR,17,0.1270214751,0.155971362,0
2709,951,156.96357,Online,Travel,DE,17,0.05140307516,0.2419292523,0
8964,988,174.9197479,QR,Food,US,11,0.1903261093,0.2029829112,0
5482,91,199.6851034,QR,Grocery,DE,8,0.0675419558,0.1424450861,0
563,272,121.9333981,Online,Grocery,US,17,0.02696694245,0.1522781781,0
1101,64,99.66237974,QR,Electronics,US,22,0.02124385809,0.1327713932,0
9276,567,162.2809156,POS,Travel,US,23,0.2657806235,0.1278870963,0
1186,68,64.10475535,QR,Grocery,DE,23,0.09963858267,0.03714456541,0
538,695,178.679982,Online,Electronics,FR,6,0.08112282182,0.04101756355,0
2031,189,118.5415105,Online,Clothing,DE,23,0.2361554346,0.09093457155,0
8737,65,102.0409283,ATM,Grocery,UK,9,0.06970978852,0.2532315102,0
1479,821,135.3771175,Online,Food,TR,14,0.1718365701,0.2609228746,0
5767,485,205.1880738,QR,Electronics,UK,7,0.2197248188,0.1845683134,0
5949,549,179.6298928,ATM,Food,DE,23,0.1897703403,0.1543191841,0
1718,698,130.5482172,POS,Clothing,TR,10,0.1566672728,0.1214374508,0
6777,266,159.6771236,QR,Food,DE,14,0.02234739628,0.08696555978,0
5589,722,74.99806617,ATM,Food,FR,22,0.125628965,0.1216446713,0
648,717,43.21245761,POS,Travel,DE,17,0.2165801855,0.2411956789,0
2534,246,118.8177444,Online,Food,DE,11,0.1189238949,0.2892038691,0
786,750,148.4520276,Online,Food,TR,14,0.1249021914,0.1226882212,0
9117,279,115.2586592,POS,Food,US,8,0.1606809938,0.2935314205,0
5898,785,84.1950358,Online,Clothing,TR,19,0.2390215199,0.09276657416,0
1080,308,1,ATM,Food,DE,22,0.1035168151,0.1745758277,0
7933,678,1,Online,Clothing,US,23,0.1729431708,0.02708002799,0
3705,140,186.1836451,QR,Travel,UK,23,0.1581239154,0.0834502974,0
7245,285,128.1094765,ATM,Food,FR,21,0.1530442976,0.2464806928,0
3395,537,145.0502662,Online,Clothing,DE,12,0.2251616263,0.1473730816,0
241,430,107.9804124,QR,Food,DE,9,0.003796626893,0.0995807064,0
3635,974,111.9778119,QR,Clothing,DE,14,0.2951726719,0.08746539536,0
5245,544,185.205526,ATM,Travel,US,19,0.003730989953,0.1226382589,0
4891,580,97.6010033,ATM,Food,US,7,0.1856293497,0.1003405621,0
6692,296,195.2894117,ATM,Electronics,FR,14,0.1209426779,0.185775808,0
6305,611,148.1627188,Online,Travel,FR,6,0.05979293776,0.260128868,0
7469,176,142.8685683,ATM,Grocery,DE,12,0.2957877503,0.2071540699,0
1849,856,164.86246,Online,Travel,FR,21,0.2775055923,0.06618353574,0
2727,211,56.13900071,Online,Electronics,TR,6,0.07193574265,0.2522967887,0
3047,880,84.67612539,QR,Travel,DE,20,0.2048118021,0.2433221056,0
4173,378,43.49779154,QR,Electronics,FR,10,0.1458325086,0.2627147629,0
8571,309,135.2549868,ATM,Food,UK,14,0.08724923005,0.0237158149,0
7769,913,28.82324295,Online,Food,DE,13,0.09687598366,0.1765049485,0
7291,918,106.6871471,ATM,Electronics,UK,12,0.1590316466,0.04023844201,0
7332,797,146.5739413,ATM,Grocery,DE,15,0.06973857273,0.008526303911,0
455,460,77.19475751,ATM,Travel,FR,6,0.1734096115,0.07366904508,0
1485,92,83.4915166,QR,Food,US,14,0.1861083972,0.1698507217,0
919,901,21.03171503,ATM,Food,UK,16,0.1094563048,0.1809917112,0
2732,446,115.262433,ATM,Grocery,FR,21,0.09296837887,0.1267400889,0
6908,977,93.56737575,POS,Electronics,UK,11,0.05712773288,0.2538142532,0
5722,44,157.2079236,POS,Travel,DE,12,0.1542696622,0.2051313689,0
7475,550,57.74165011,QR,Food,FR,14,0.1529791021,0.08887199612,0
6316,335,81.12017099,QR,Food,US,20,0.1381562491,0.1070537146,0
3336,741,63.28620144,Online,Electronics,DE,22,0.1152484926,0.1870761873,0
8009,971,76.3030902,Online,Clothing,TR,18,0.2109013575,0.04890561196,0
6249,48,44.73089093,Online,Electronics,UK,18,0.07939335148,0.1046320389,0
9368,843,175.6595842,QR,Grocery,FR,23,0.154809204,0.2456795414,0
5036,815,110.9199823,POS,Grocery,DE,10,0.0763174257,0.1989935947,0
8695,62,63.51062563,ATM,Food,DE,15,0.1713900803,0.06850436581,0
4179,282,108.4644012,POS,Food,TR,10,0.1128278472,0.1068898733,0
4254,0,94.87291142,ATM,Electronics,FR,22,0.02370792643,0.2544606883,0
1673,377,44.47063207,Online,Travel,UK,15,0.1673942045,0.1193605314,0
2953,387,125.7238035,POS,Electronics,UK,23,0.1378034654,0.240496965,0
7629,78,99.6298802,ATM,Electronics,TR,22,0.2362079554,0.2255503221,0
1206,549,85.82094389,Online,Grocery,US,14,0.02952226664,0.07818170651,0
1655,735,126.8758563,ATM,Clothing,FR,18,0.1389116189,0.06636164251,0
1800,73,147.5778689,ATM,Clothing,DE,10,0.04661644325,0.01993199594,0
4043,985,57.68831689,Online,Grocery,US,19,0.07986709083,0.007642394567,0
2265,264,121.2449075,POS,Grocery,FR,21,0.1056864999,0.2711345671,0
697,302,158.3604542,ATM,Grocery,FR,6,0.02176908074,0.2258356923,0
3027,617,73.65519973,ATM,Electronics,DE,21,0.2900496324,0.03278949016,0
64,74,149.0766438,Online,Food,TR,8,0.2188955016,0.1989250899,0
3010,340,175.4724525,ATM,Electronics,FR,8,0.1297112304,0.228034951,0
8973,52,93.50636784,QR,Travel,UK,10,0.1342480283,0.1664765002,0
5658,178,125.3642754,POS,Grocery,US,15,0.06569601978,0.2175422135,0
1884,165,67.94266828,QR,Travel,US,19,0.06017941958,0.006967756185,0
3758,110,116.7464513,POS,Clothing,FR,23,0.08297949007,0.06771927575,0
9763,20,2983.51747,ATM,Clothing,TR,7,0.7399031328,0.8440388455,1
9813,19,6256.990937,QR,Grocery,FR,15,0.7890408764,0.9481392609,1
4834,790,167.7830948,Online,Grocery,TR,10,0.08111943294,0.2349828323,0
9657,590,10430.15883,ATM,Travel,DE,8,0.9758385586,0.7267952054,1
4865,179,149.9911761,Online,Electronics,DE,23,0.2896337913,0.01201835603,0
4826,995,88.14280453,Online,Travel,UK,14,0.1661153925,0.2499253699,0
4798,300,69.50230447,QR,Grocery,FR,23,0.2106170801,0.2673936195,0
7649,181,206.7541004,ATM,Clothing,US,18,0.06844460548,0.01875074766,0
7031,441,133.2783599,QR,Travel,FR,10,0.2787066186,0.2680062101,0
5076,87,47.48414328,QR,Clothing,UK,23,0.01978457305,0.1230555451,0
9585,696,4868.922461,ATM,Travel,FR,6,0.74390686,0.9543556807,1
2416,686,30.57448755,ATM,Electronics,DE,18,0.2809097067,0.2404407842,0
8193,392,103.6541882,QR,Travel,FR,6,0.2501606678,0.03122719376,0
1253,625,121.7793958,Online,Clothing,UK,15,0.02468360514,0.2466863759,0
9179,198,35.0585591,ATM,Travel,UK,16,0.01550205482,0.06190569133,0
2087,200,108.1643027,POS,Electronics,UK,22,0.2809176951,0.05014546659,0
8140,207,126.4605022,QR,Electronics,FR,12,0.1729394604,0.002100314795,0
6046,765,37.20916079,QR,Clothing,DE,14,0.1619605522,0.1827666143,0
4218,784,107.9143015,QR,Clothing,US,6,0.284740749,0.2872202767,0
9712,548,1220.953541,QR,Food,NG,9,0.9049237213,0.8821494781,1
8214,298,1.957460108,POS,Clothing,DE,10,0.2638410869,0.06720839795,0
6762,505,93.25932372,ATM,Travel,TR,16,0.2781495931,0.2533010397,0
3825,84,75.48507949,Online,Travel,TR,11,0.1548425499,0.09768498851,0
5084,435,174.1781621,ATM,Clothing,US,13,0.07471687654,0.1582158107,0
6800,738,35.95112828,QR,Clothing,US,15,0.1929840886,0.2339580702,0
8266,466,5.487966793,POS,Food,US,20,0.1073893159,0.2380024285,0
5336,743,76.25326889,QR,Grocery,UK,21,0.03110106231,0.04835211399,0
949,375,24.69555775,Online,Electronics,DE,6,0.2252881905,0.1785653058,0
7329,751,44.30551735,QR,Electronics,UK,19,0.07403018652,0.2039869792,0
7603,575,171.1853655,ATM,Electronics,UK,12,0.2776189094,0.06878110494,0
4446,988,117.2466921,Online,Food,TR,6,0.1725904961,0.1691368255,0
659,960,106.0663641,QR,Grocery,FR,18,0.1257143333,0.005003553972,0
2749,453,124.0340632,Online,Electronics,DE,11,0.09608055191,0.2841481761,0
9180,210,12.241706,ATM,Travel,UK,9,0.2466467479,0.240792966,0
2991,883,107.9115435,POS,Electronics,FR,14,0.1549078056,0.2551147705,0
3110,385,114.1689001,QR,Electronics,DE,19,0.1252970263,0.03370067399,0
3813,539,88.99732463,Online,Clothing,FR,12,0.05320908213,0.1501009188,0
3937,498,39.54259336,ATM,Electronics,US,8,0.1826251121,0.2638606984,0
1505,138,62.80703054,Online,Grocery,UK,12,0.2034606478,0.07325549942,0
5488,371,102.8257777,Online,Clothing,FR,10,0.03959467726,0.2460191888,0
9203,46,55.66939062,ATM,Clothing,UK,17,0.2138419861,0.2562479362,0
9281,140,93.94209754,QR,Travel,UK,20,0.01428760354,0.191613727,0
845,832,124.234539,ATM,Electronics,UK,16,0.2608176281,0.2118958054,0
4132,848,138.6590756,ATM,Clothing,TR,15,0.1981856088,0.05478052623,0
9492,460,68.60612305,POS,Food,US,6,0.1428779995,0.1589653707,0
9864,273,2499.486766,Online,Grocery,FR,22,0.8057597728,0.7194105517,1
8613,3,108.4740524,Online,Food,US,17,0.1979283222,0.09336690792,0
9473,665,37.1079722,POS,Clothing,UK,15,0.2570591902,0.1474471119,0
8103,933,16.49109038,QR,Clothing,UK,15,0.01937732316,0.02344977179,0
5594,343,203.6507202,QR,Grocery,FR,13,0.1165781635,0.1866125493,0
1626,266,38.56273721,POS,Travel,UK,21,0.2818728074,0.04058327996,0
3013,409,111.9127417,Online,Food,DE,18,0.1952363197,0.06445011534,0
4176,236,64.95376839,ATM,Clothing,US,23,0.1192928609,0.286186989,0
3360,938,53.05034019,QR,Food,TR,17,0.09426543075,0.1538656629,0
4424,531,103.0393842,POS,Travel,FR,11,0.2326764376,0.2402725476,0
8011,886,142.6181567,ATM,Travel,UK,9,0.1701171322,0.01991562107,0
7252,292,152.7563586,QR,Food,UK,18,0.09189597657,0.0768356996,0
1952,379,140.2825516,ATM,Food,TR,20,0.2988641227,0.09737027448,0
8617,869,179.7614023,ATM,Grocery,US,23,0.1454699024,0.2945602971,0
6131,601,67.77426404,QR,Food,TR,11,0.08361958366,0.2414803351,0
6748,832,132.542509,Online,Electronics,US,19,0.1282924322,0.05203874084,0
5140,971,75.56723017,QR,Travel,US,7,0.07628196983,0.0159823321,0
379,664,151.1256397,POS,Electronics,US,6,0.2621192157,0.2363128988,0
9083,782,105.8811992,POS,Food,UK,12,0.1972655986,0.2136367079,0
1698,768,119.9031087,QR,Clothing,FR,19,0.1145517297,0.1791611688,0
9207,12,116.4585511,POS,Electronics,UK,13,0.2242848453,0.1000460557,0
2867,554,138.8541129,QR,Food,FR,16,0.1588391667,0.2853882388,0
3797,176,115.1215573,Online,Electronics,US,7,0.05126729884,0.2602384151,0
5860,415,103.274243,POS,Food,TR,21,0.1872598203,0.1796219923,0
153,58,139.7593431,QR,Clothing,DE,10,0.2061644367,0.04859441123,0
4145,188,156.0519632,ATM,Clothing,UK,14,0.1588262507,0.002684617421,0
3676,0,79.76624409,ATM,Clothing,FR,6,0.2624862125,0.1588853753,0
7575,479,78.85358275,QR,Travel,TR,10,0.06564784958,0.2431596078,0
7734,176,71.94409764,Online,Electronics,TR,17,0.05300639412,0.1723023953,0
630,498,157.0429493,QR,Clothing,UK,18,0.1993194863,0.2364421879,0
2693,229,68.82204724,Online,Electronics,UK,12,0.01901047417,0.2553760663,0
7939,848,133.4767122,ATM,Electronics,UK,10,0.2004206728,0.02557156502,0
3873,295,122.4158781,QR,Food,UK,11,0.1242779261,0.270385486,0
3319,206,199.7172475,POS,Electronics,US,19,0.01231636267,0.2420725321,0
797,111,130.046919,Online,Food,UK,9,0.2570112897,0.1386801501,0
6801,1,49.79437876,POS,Travel,FR,21,0.1608898948,0.004417941554,0
7985,11,155.4490119,ATM,Clothing,FR,15,0.1045633998,0.1397967618,0
6243,966,42.24551124,QR,Electronics,UK,13,0.2618908431,0.2491669962,0
2413,692,66.30261691,POS,Food,US,15,0.2402941701,0.1033435267,0
277,527,115.1441638,POS,Clothing,FR,14,0.1016867668,0.275123936,0
7957,597,78.73192649,ATM,Clothing,FR,11,0.06116867992,0.1847422659,0
7195,279,129.2625413,ATM,Electronics,UK,8,0.06293022997,0.295138139,0
1539,634,23.63405063,QR,Electronics,TR,14,0.1750473296,0.07257986002,0
7376,499,150.6281853,Online,Grocery,US,13,0.2244149782,0.2912820067,0
7569,370,131.3646007,ATM,Grocery,FR,8,0.07941395235,0.05105985403,0
3703,529,128.5978161,POS,Clothing,DE,21,0.2064900276,0.02900723096,0
4491,218,147.7696498,Online,Food,TR,18,0.2536854,0.20736279,0
3711,443,13.80748906,ATM,Food,FR,6,0.1389606153,0.2995758044,0
6671,322,201.1471038,ATM,Grocery,FR,9,0.07125301003,0.1138088331,0
2600,985,68.02969821,Online,Electronics,TR,7,0.13565748,0.0435004242,0
4497,60,102.7956037,QR,Electronics,UK,19,0.009408892904,0.2250129113,0
1696,539,104.3620719,Online,Clothing,DE,13,0.2265904262,0.1150886233,0
3288,908,154.8058968,ATM,Travel,DE,7,0.1422193992,0.06440635247,0
6354,866,142.9366568,ATM,Clothing,UK,6,0.06395676305,0.1872106285,0
5470,803,161.3329917,QR,Food,TR,21,0.292446117,0.2556696085,0
7436,732,125.583315,Online,Electronics,FR,23,0.002415565808,0.1299068154,0
9285,69,51.04889352,ATM,Food,FR,13,0.2611991649,0.05313550131,0
6511,870,111.5136157,ATM,Food,FR,10,0.2886918343,0.1640219918,0
4825,815,5.001954092,Online,Grocery,DE,15,0.08538110785,0.06414692983,0
8658,981,32.78403512,ATM,Clothing,US,16,0.03773660714,0.07321545555,0
2473,725,130.9949237,QR,Grocery,TR,21,0.1963099358,0.1471407343,0
3112,568,18.2401245,QR,Electronics,US,16,0.05400442499,0.2462289621,0
3435,848,173.2352242,QR,Travel,US,10,0.2119521745,0.04576513351,0
2377,366,129.8651683,QR,Electronics,FR,12,0.0957827194,0.2724624178,0
4861,355,122.5684016,Online,Grocery,US,22,0.2833096772,0.1568520897,0
2684,875,69.68570049,Online,Food,UK,22,0.2138806257,0.1405365192,0
234,100,143.0982378,QR,Grocery,UK,17,0.21012253,0.06399760149,0
2452,974,151.7866233,Online,Food,TR,22,0.09157159606,0.2975599904,0
1119,24,140.3174206,QR,Travel,TR,18,0.08533709753,0.05098079684,0
7198,679,98.08807462,QR,Electronics,US,23,0.2433275133,0.134832397,0
8983,57,122.531717,QR,Food,US,12,0.1953440491,0.05341010468,0
6356,336,157.8309017,Online,Clothing,TR,9,0.1061683558,0.2925209515,0
4994,134,9.166994824,Online,Clothing,FR,23,0.1154542115,0.1637086862,0
7528,427,97.15717001,POS,Clothing,US,11,0.04147491986,0.08704444842,0
4452,498,20.39481652,Online,Travel,UK,23,0.02377629156,0.1327178852,0
1502,428,33.7250516,ATM,Travel,US,22,0.2618278238,0.1239336757,0
5511,744,73.75822604,POS,Clothing,FR,10,0.1572485059,0.08730801113,0
6678,834,246.3078669,ATM,Travel,UK,7,0.03897892556,0.002044965762,0
7709,117,126.514618,POS,Travel,US,21,0.1628493461,0.05793690418,0
4830,456,155.924909,QR,Electronics,TR,13,0.1302206068,0.05247267747,0
3933,722,107.4706242,POS,Travel,DE,19,0.2375530382,0.07238669849,0
5070,434,85.95681222,ATM,Travel,UK,18,0.2346136338,0.1542478481,0
9744,976,1645.031966,Online,Grocery,NG,2,0.7974525971,0.8990130206,1
2746,415,66.63973078,QR,Electronics,FR,19,0.03179495184,0.1073458008,0
6218,242,71.00320421,ATM,Electronics,UK,11,0.1356047861,0.06049656063,0
9405,475,70.1620841,Online,Clothing,FR,8,0.2943293425,0.109035248,0
7011,120,102.3471083,Online,Clothing,UK,13,0.07500097614,0.2372442205,0
5678,815,67.96709887,POS,Electronics,UK,8,0.01992341223,0.0371613875,0
7852,903,118.8941141,QR,Food,US,12,0.2254548544,0.05503548599,0
6392,171,103.571249,Online,Food,DE,6,0.1484927851,0.1122396766,0
8002,201,130.3392323,ATM,Food,DE,7,0.1289885689,0.1562829261,0
7157,752,144.7048338,Online,Food,US,10,0.1863173204,0.05474160627,0
8882,605,93.7969661,Online,Grocery,US,7,0.2196917926,0.1479331242,0
9904,183,2363.72175,ATM,Electronics,UK,0,0.8049861439,0.9390247103,1
5920,609,81.95403385,POS,Travel,FR,22,0.1822558999,0.03611431328,0
6967,382,69.25860248,POS,Grocery,TR,14,0.2573717531,0.1857610017,0
7384,775,78.10888378,POS,Travel,DE,22,0.2503039945,0.260288761,0
8768,360,62.27811951,ATM,Food,US,9,0.1621106429,0.2241935002,0
5647,931,110.022502,ATM,Food,US,12,0.05132032519,0.1136509778,0
9076,481,52.3041929,ATM,Electronics,UK,11,0.2350773709,0.05154089323,0
5310,784,62.37389427,POS,Grocery,US,20,0.1948945898,0.1639049805,0
841,916,93.97459016,QR,Travel,FR,23,0.02875301094,0.2890469138,0
3427,505,118.5154564,POS,Grocery,DE,12,0.2063155608,0.2505088952,0
8663,141,134.8344079,QR,Electronics,UK,20,0.2129605167,0.2029062208,0
1157,643,37.41966715,Online,Travel,TR,23,0.2859846183,0.1332505822,0
6328,237,115.5281242,QR,Grocery,FR,8,0.06604376037,0.134368716,0
7182,427,208.3680189,ATM,Food,DE,17,0.06094676744,0.02226382017,0
2933,885,138.5416981,QR,Grocery,TR,6,0.1281969004,0.2998472106,0
905,418,150.046634,POS,Food,DE,21,0.0716790915,0.02309386839,0
9453,116,89.97135836,ATM,Grocery,TR,14,0.09160873888,0.04138450635,0
7586,51,111.5712734,ATM,Clothing,US,23,0.0835413706,0.07250323134,0
8358,109,64.58818404,ATM,Clothing,UK,11,0.1566428155,0.2827200468,0
1086,282,19.9631422,Online,Food,TR,22,0.187227753,0.1592944796,0
8290,567,114.2435509,POS,Travel,DE,18,0.0981812468,0.03214149941,0
1989,235,106.1280399,QR,Travel,TR,22,0.2962673943,0.2881401607,0
2080,659,73.78256919,ATM,Clothing,UK,7,0.05306586692,0.1180013251,0
7001,566,174.2345201,ATM,Travel,UK,9,0.02391603445,0.05267084591,0
5486,237,137.876457,Online,Grocery,TR,6,0.2932676262,0.02246761937,0
8946,725,100.5339432,POS,Electronics,US,9,0.273883827,0.1780647069,0
1207,638,75.05244381,ATM,Travel,FR,12,0.2937843559,0.2714176191,0
7345,762,124.1478367,ATM,Grocery,US,16,0.1407549123,0.2783306657,0
7836,870,50.09496699,QR,Food,TR,16,0.1664992478,0.1514304867,0
2200,278,74.12567258,POS,Food,DE,8,0.17200444,0.07539359624,0
5499,709,151.2319912,POS,Grocery,UK,16,0.08250006731,0.003728717705,0
5158,396,108.2278945,POS,Electronics,TR,7,0.2311684535,0.05226437902,0
7176,848,173.1872062,ATM,Food,DE,22,0.01724685062,0.2690117685,0
6140,220,113.4508764,POS,Food,TR,19,0.02146569774,0.05995735847,0
5769,151,142.3124254,ATM,Clothing,UK,17,0.07354955346,0.1993846014,0
9914,703,1312.696754,POS,Grocery,US,19,0.7456055719,0.7545540919,1
644,624,1,Online,Clothing,TR,22,0.1338175248,0.2647664761,0
7690,161,110.1365844,QR,Electronics,DE,8,0.006030489694,0.2102367754,0
7005,812,80.20848117,POS,Grocery,FR,18,0.06924093541,0.2866873321,0
4387,498,152.522914,ATM,Grocery,US,15,0.02393475075,0.2090756378,0
5355,366,176.6534413,QR,Travel,DE,23,0.04510850974,0.08802515148,0
7745,701,192.5804539,ATM,Food,DE,7,0.1458683134,0.1521440587,0
8210,149,95.81263062,Online,Travel,FR,19,0.06065167068,0.2097208652,0
6408,531,131.9646502,POS,Electronics,US,18,0.2280251545,0.2918163668,0
6465,808,146.8376632,POS,Food,UK,7,0.04571103727,0.2478909886,0
6143,646,72.820803,QR,Grocery,FR,18,0.1934253454,0.01653127734,0
8776,730,66.91343129,ATM,Food,TR,6,0.2248963133,0.003217941988,0
3890,497,79.89618703,POS,Clothing,DE,14,0.0648335683,0.1640470921,0
2026,374,89.01519879,ATM,Travel,TR,23,0.2600251825,0.133249701,0
974,330,89.23256576,ATM,Electronics,UK,22,0.009108716224,0.08395607751,0
8457,138,82.11065458,Online,Clothing,US,16,0.06869883214,0.02424498479,0
9693,723,2068.426897,ATM,Electronics,US,13,0.9115039444,0.9558245313,1
1627,53,101.5073199,ATM,Electronics,DE,7,0.02087482028,0.07605741427,0
2462,874,17.51935353,QR,Electronics,UK,8,0.2937260739,0.216531458,0
4056,664,170.1689328,ATM,Grocery,US,15,0.1462990095,0.1226592842,0
3061,380,52.89389523,QR,Food,FR,13,0.03725857664,0.03698245366,0
6319,242,171.0873242,POS,Grocery,TR,21,0.1219017464,0.01761198964,0
536,251,13.35631742,QR,Travel,UK,20,0.09827780191,0.1867298568,0
7918,513,137.2836762,QR,Grocery,DE,18,0.1983887037,0.2872426829,0
6830,907,134.9540443,Online,Electronics,US,12,0.1017871797,0.2492654564,0
1156,270,58.7099875,ATM,Travel,FR,10,0.2584161105,0.02927520253,0
7087,243,9.385261038,Online,Clothing,TR,8,0.2288121122,0.2652443259,0
4371,12,166.6015906,QR,Travel,FR,14,0.1167482422,0.1941114213,0
5109,139,181.5062873,ATM,Electronics,FR,13,0.1164275024,0.01099521808,0
7044,913,109.0888312,POS,Clothing,US,6,0.1397899963,0.2093895268,0
132,73,148.5710932,ATM,Grocery,US,11,0.06040850983,0.192428282,0
6122,372,1,POS,Food,DE,10,0.08071285955,0.2835151634,0
7464,906,111.0303461,QR,Food,UK,9,0.1424062252,0.1553531169,0
7108,909,24.60488183,Online,Clothing,TR,11,0.23722532,0.06294009238,0
1205,337,156.1412747,Online,Travel,TR,7,0.06428333536,0.08503524783,0
6876,171,109.4956985,POS,Clothing,US,9,0.05231565015,0.2947081015,0
5777,309,132.2868925,Online,Electronics,DE,23,0.04440730509,0.2719572037,0
3296,876,166.2043892,QR,Electronics,FR,21,0.1565696401,0.06215901653,0
3641,588,1.841354506,Online,Food,DE,10,0.09934437948,0.2662284477,0
1116,867,54.93151426,ATM,Food,UK,18,0.1683162775,0.2244233397,0
4111,594,185.9883396,Online,Food,TR,13,0.2783386795,0.1629016141,0
7353,769,63.75485369,POS,Clothing,US,15,0.2070776826,0.001979312987,0
7035,702,172.8685821,ATM,Travel,US,21,0.006010110625,0.2753993898,0
2429,128,86.54322242,ATM,Food,FR,19,0.269340949,0.170627936,0
530,491,204.5264951,POS,Travel,US,15,0.1844072196,0.04146049846,0
9737,227,22.16842906,QR,Food,DE,12,0.7705334764,0.9284341669,1
6315,784,28.09628243,POS,Clothing,TR,23,0.02488275242,0.2401298269,0
3077,184,143.6379728,ATM,Food,US,11,0.2209388547,0.006584592006,0
6845,949,112.9977653,Online,Travel,TR,7,0.2483137036,0.2123657201,0
5909,681,13.82977896,ATM,Grocery,DE,10,0.2363146194,0.2857871752,0
982,568,78.88950372,ATM,Clothing,US,17,0.07033829178,0.1188631923,0
2525,605,160.7254006,POS,Travel,TR,11,0.1823246273,0.004256258523,0
3446,986,76.27547776,QR,Clothing,UK,11,0.07709932505,0.1162601829,0
2073,502,107.9830283,QR,Food,UK,6,0.2409197895,0.1941064414,0
6916,152,187.8535671,Online,Travel,US,12,0.234219545,0.2873679988,0
4879,564,48.73622847,Online,Grocery,TR,22,0.187719774,0.2870981958,0
9784,532,1793.006821,Online,Clothing,DE,4,0.9586722088,0.9279214016,1
9296,858,20.78082867,POS,Clothing,US,18,0.280275713,0.284323562,0
6487,285,20.4250923,QR,Clothing,FR,10,0.1326538971,0.1112588814,0
96,926,17.38503558,QR,Food,DE,13,0.01154859359,0.2261365881,0
1018,28,188.311993,Online,Clothing,FR,18,0.08259446711,0.2619807976,0
6531,263,207.3892414,QR,Food,US,13,0.1965838271,0.02490850387,0
6374,696,152.7685479,ATM,Food,UK,15,0.2628934844,0.2378191347,0
1127,136,115.1802136,POS,Electronics,TR,19,0.06458318318,0.2612943658,0
3401,163,1,ATM,Grocery,TR,21,0.2524703578,0.2731574976,0
6151,536,167.9353899,QR,Food,US,21,0.02072458695,0.1896550955,0
8628,835,69.38031076,Online,Clothing,TR,13,0.1281518851,0.2379201771,0
2014,222,154.2991447,Online,Grocery,UK,9,0.02008470775,0.2717417135,0
4207,686,159.5977984,POS,Electronics,US,19,0.1714377161,0.2638870434,0
6097,270,133.4470159,Online,Electronics,UK,7,0.05714787638,0.02134166159,0
9941,246,2217.159904,Online,Clothing,UK,21,0.9469900594,0.8625932242,1
391,372,128.032626,POS,Electronics,UK,19,0.236072906,0.2954337294,0
2692,457,157.4514031,Online,Travel,DE,21,0.07380402073,0.2491455103,0
6614,657,104.6304001,POS,Travel,FR,11,0.06814840197,0.1822313442,0
7559,740,79.3948025,Online,Electronics,FR,15,0.146249192,0.2935786334,0
4905,888,51.8599118,QR,Grocery,UK,18,0.2634613891,0.1030019189,0
897,863,112.0500127,POS,Electronics,UK,7,0.2778486169,0.1092766192,0
2127,485,157.6947067,POS,Travel,US,10,0.1528695733,0.1655123355,0
3773,232,152.7403217,Online,Travel,US,16,0.2806660253,0.2646082652,0
5936,188,135.7141988,Online,Electronics,UK,6,0.2140297496,0.2690937677,0
4941,84,110.0455469,ATM,Travel,US,12,0.213428856,0.2323604038,0
3325,41,171.9950278,ATM,Travel,US,18,0.1550020507,0.04701999866,0
1071,949,84.89844886,POS,Travel,US,23,0.09172032681,0.1477449106,0
2890,969,112.2971859,Online,Clothing,DE,13,0.1267592101,0.2484428511,0
8183,633,32.86401676,Online,Grocery,TR,20,0.1186890462,0.1241564295,0
7614,503,147.6080112,Online,Clothing,US,22,0.1826642863,0.01125143063,0
8548,381,1,POS,Clothing,TR,11,0.0458420736,0.1106856461,0
2537,856,187.6912622,Online,Food,US,17,0.05373095028,0.02959502902,0
7208,843,89.3629991,ATM,Grocery,US,12,0.2160091438,0.1195093065,0
8523,680,16.84722426,QR,Clothing,TR,23,0.0231500674,0.06661801147,0
9509,970,3236.17424,Online,Clothing,NG,21,0.7820130928,0.7838445424,1
4907,421,198.485134,Online,Electronics,TR,6,0.01718331165,0.2570423516,0
3092,587,121.8712243,POS,Food,US,15,0.2828964283,0.05138562277,0
6114,92,151.3412798,QR,Food,TR,23,0.2730234068,0.1289408363,0
5115,56,162.3856146,Online,Electronics,US,19,0.02017710189,0.004837253621,0
202,451,96.22934095,ATM,Food,TR,10,0.2077524241,0.2696383853,0
3864,645,138.7328318,Online,Grocery,UK,20,0.1770620792,0.1984917768,0
7299,520,122.3835995,Online,Travel,UK,23,0.04681518571,0.2291138626,0
3671,789,168.2643068,Online,Grocery,TR,10,0.2515848549,0.200443126,0
399,159,1,QR,Grocery,UK,20,0.0741430298,0.2877108188,0
2834,655,77.83408488,QR,Food,US,12,0.04817145919,0.2433411068,0
5923,349,12.9794263,POS,Food,DE,16,0.04681362422,0.2341572796,0
833,504,154.241387,ATM,Grocery,FR,8,0.2606139693,0.2215667017,0
4903,839,131.5817605,QR,Clothing,TR,21,0.1616619657,0.02371128073,0
4326,874,199.9877916,POS,Food,US,21,0.08114291945,0.1443416502,0
9085,243,41.85523419,QR,Food,FR,23,0.2911142459,0.1989006528,0
8414,896,2.737415152,QR,Grocery,TR,14,0.2388809288,0.02851388778,0
6041,254,121.744317,POS,Electronics,TR,9,0.2051957318,0.2345839927,0
2266,799,148.7061685,Online,Food,UK,19,0.1922751802,0.165432323,0
6268,187,102.5601955,POS,Food,US,23,0.2411281841,0.2453685569,0
9786,318,1093.847753,Online,Grocery,UK,6,0.8357269039,0.9501928408,1
1797,18,66.14430271,QR,Electronics,TR,17,0.03674378977,0.001995599535,0
9401,203,66.41431716,ATM,Grocery,TR,6,0.2267105668,0.1255782454,0
6258,927,116.8524345,Online,Clothing,UK,12,0.04016602711,0.0877687861,0
9002,331,104.0876373,ATM,Grocery,TR,23,0.1335066357,0.2523212164,0
8070,229,114.8724303,QR,Food,FR,19,0.1230092047,0.06328505301,0
9632,975,3342.123656,QR,Electronics,US,10,0.7502707411,0.8357277649,1
236,535,137.5346398,Online,Electronics,DE,7,0.1370803175,0.01677129185,0
7738,671,68.34822997,QR,Clothing,FR,13,0.01134922607,0.003056615872,0
1577,408,38.82164073,ATM,Electronics,UK,6,0.2508674048,0.2738830819,0
3352,316,172.8742149,ATM,Grocery,TR,12,0.2171973495,0.2845983247,0
3154,529,164.6650055,ATM,Grocery,FR,11,0.2431493008,0.1342271925,0
2701,609,64.88752288,ATM,Grocery,FR,6,0.263815437,0.2780123731,0
5901,372,80.83090489,QR,Travel,FR,16,0.1479125217,0.2003536052,0
8492,830,134.9625544,Online,Food,US,15,0.1934420506,0.0606273921,0
685,650,21.02472915,Online,Clothing,UK,20,0.1321798633,0.05498366717,0
8782,582,159.137951,ATM,Travel,FR,18,0.04620524952,0.2623255028,0
6918,400,43.78616482,QR,Food,DE,21,0.2163508987,0.1968953281,0
6512,353,82.51145822,Online,Grocery,TR,19,0.1946095097,0.2686505734,0
491,922,46.00969162,ATM,Electronics,TR,14,0.267303705,0.190385503,0
3885,27,53.39865932,QR,Clothing,UK,17,0.06821741858,0.2696159444,0
6566,608,158.4442709,POS,Food,US,16,0.05878638617,0.2508470722,0
8344,768,137.7551365,ATM,Travel,UK,12,0.01060202636,0.2274148911,0
1055,635,100.2842849,ATM,Grocery,TR,6,0.1766400126,0.203812003,0
816,752,86.19944691,ATM,Clothing,FR,12,0.1799829616,0.2885222769,0
8553,549,108.6484904,ATM,Grocery,FR,20,0.1060569719,0.1082495499,0
3324,665,103.6313694,POS,Electronics,UK,12,0.2588769126,0.08974288567,0
3865,346,174.3198022,POS,Clothing,DE,20,0.1178192504,0.1175597703,0
3217,290,40.53880075,QR,Grocery,FR,16,0.2006449596,0.1824135219,0
5778,802,74.59853203,POS,Electronics,US,7,0.1944526907,0.2087892537,0
7742,837,138.4124289,Online,Grocery,TR,13,0.1111108514,0.2122782459,0
5559,836,98.12546141,ATM,Clothing,DE,10,0.03421492704,0.05152582136,0
7840,705,49.82067659,POS,Clothing,FR,20,0.09151940914,0.1481219232,0
6311,284,199.1342461,ATM,Clothing,DE,17,0.04357473438,0.2889527737,0
7227,721,132.7783699,ATM,Electronics,UK,12,0.2898686481,0.2097025922,0
701,644,110.1112937,Online,Grocery,DE,9,0.2339446005,0.2306971841,0
1581,249,107.2824561,QR,Food,TR,9,0.02799878701,0.0750246208,0
8560,330,102.8520842,POS,Electronics,DE,23,0.180542977,0.14340454,0
4728,857,70.85498994,POS,Grocery,US,9,0.05905034479,0.2218069008,0
4683,817,36.81829652,POS,Clothing,FR,22,0.1299422649,0.1669950231,0
7222,115,97.04800842,QR,Grocery,TR,9,0.02281158216,0.1381727517,0
8166,386,51.32370957,QR,Food,FR,16,0.2611347019,0.2130137399,0
3332,447,69.93225915,QR,Travel,UK,22,0.1022277866,0.03212645439,0
5195,236,30.65602647,QR,Grocery,UK,21,0.1861645224,0.2844558914,0
2235,660,20.96499742,POS,Grocery,TR,12,0.03706881589,0.03921677169,0
1044,730,60.3534225,QR,Travel,DE,15,0.06601763743,0.1669856273,0
290,748,125.4988459,ATM,Electronics,DE,16,0.178870832,0.2222002643,0
5214,907,29.80533243,QR,Grocery,UK,18,0.274167223,0.02299977828,0
180,208,85.75438261,ATM,Clothing,US,23,0.2253576388,0.07086768396,0
7988,476,80.4897747,ATM,Grocery,TR,13,0.1033942399,0.06349161245,0
5504,864,94.82418225,ATM,Clothing,DE,13,0.2164995702,0.02078932889,0
3432,489,1,QR,Electronics,US,23,0.2730026767,0.2610834418,0
8646,274,28.27188108,POS,Grocery,US,12,0.01883401886,0.1364761983,0
6677,132,135.2434041,Online,Clothing,UK,11,0.0686022821,0.283108844,0
9392,373,147.4212885,ATM,Clothing,DE,13,0.1511175599,0.05724408633,0
6165,636,160.0247172,QR,Clothing,TR,18,0.1063600208,0.06012588618,0
3988,68,41.59565239,ATM,Grocery,US,16,0.08076123853,0.2400171471,0
6254,590,31.38702738,Online,Clothing,TR,14,0.1512614087,0.1412760479,0
7994,56,70.61941583,Online,Grocery,DE,7,0.2090022385,0.05830024219,0
7186,325,21.65992495,ATM,Travel,US,15,0.2609908362,0.1984801982,0
4078,893,58.4037088,POS,Travel,FR,12,0.135438857,0.1149562559,0
362,697,63.64502299,ATM,Travel,DE,12,0.2600213715,0.2677838377,0
2574,365,29.20434352,POS,Electronics,UK,7,0.2857811226,0.2750748463,0
5380,43,170.7873304,Online,Grocery,US,21,0.231561179,0.006212715581,0
3605,219,92.6511509,Online,Travel,UK,15,0.175483656,0.1886282447,0
6273,309,1,QR,Food,TR,19,0.09907804435,0.1007176284,0
6965,764,108.1794557,POS,Grocery,DE,20,0.2025082204,0.09420878281,0
4529,433,213.9656417,ATM,Electronics,FR,7,0.1153048682,0.03582103331,0
7521,353,78.09242472,QR,Food,US,21,0.2124583821,0.2953922443,0
6003,485,101.5006921,POS,Food,FR,23,0.1477622012,0.1971617972,0
8701,797,209.6394841,ATM,Grocery,TR,8,0.2392262084,0.2441167662,0
116,669,92.10789895,ATM,Grocery,UK,16,0.01986333059,0.1847969738,0
2723,607,100.3010568,POS,Travel,TR,16,0.01377354961,0.04176728019,0
1917,143,1,POS,Electronics,TR,21,0.04141443848,0.1124699004,0
1356,824,141.4005203,POS,Electronics,TR,17,0.1816410227,0.02785402121,0
2168,936,81.87661801,ATM,Food,DE,16,0.1915586917,0.1741102518,0
5837,258,86.59739187,ATM,Clothing,FR,21,0.1409097768,0.1539881018,0
1818,562,221.9428353,ATM,Travel,FR,19,0.2135957995,0.2173932101,0
4722,154,59.6614774,Online,Electronics,FR,15,0.1554668824,0.128095395,0
3729,993,52.67904264,ATM,Travel,US,18,0.1271718702,0.1864280134,0
2294,852,77.54341295,QR,Clothing,FR,21,0.1690504931,0.1496691087,0
6024,113,98.35571504,Online,Food,FR,9,0.07750824525,0.1791127402,0
3150,928,93.51138878,QR,Food,DE,20,0.04203414457,0.1161729635,0
1209,163,99.82471366,Online,Travel,FR,10,0.04432544633,0.2621075137,0
68,909,92.85667073,Online,Travel,FR,11,0.01030338596,0.05082521346,0
3398,540,93.12747215,QR,Grocery,DE,13,0.1146613008,0.1108677819,0
6108,548,102.0909674,ATM,Food,US,15,0.1339435351,0.1932951843,0
5157,996,113.2240201,Online,Travel,FR,20,0.0108480991,0.02319863657,0
6875,814,43.91766885,Online,Clothing,UK,19,0.2769529054,0.07538388128,0
181,342,132.0084818,QR,Food,UK,20,0.09904045139,0.2426741127,0
2339,298,110.1676879,ATM,Electronics,DE,18,0.1773973489,0.001742738431,0
5585,836,199.3205288,QR,Travel,TR,14,0.05496242374,0.04643033387,0
8614,666,1,Online,Food,FR,17,0.01649383536,0.05502179232,0
8714,829,146.3441875,ATM,Grocery,TR,21,0.1585407787,0.1261315945,0
825,766,70.43492767,POS,Travel,US,11,0.2485547531,0.08930495712,0
5436,391,115.0396355,ATM,Food,TR,17,0.2505834478,0.09471873954,0
3876,588,131.9562882,POS,Electronics,US,14,0.2205599566,0.1134950797,0
6447,921,54.5692056,Online,Food,UK,8,0.1661354999,0.0934197763,0
8806,468,88.99962754,QR,Grocery,UK,8,0.2440552722,0.1670636119,0
1284,753,164.5352758,Online,Clothing,UK,17,0.2779530002,0.1923163468,0
8727,586,114.3414123,QR,Travel,UK,12,0.1475344027,0.02114471137,0
908,825,151.7054995,ATM,Food,DE,16,0.1787549545,0.278313893,0
3831,626,20.54143577,POS,Grocery,FR,8,0.1261122155,0.1971757915,0
4278,356,132.3238393,QR,Electronics,TR,16,0.2371979667,0.2930597459,0
3899,653,72.45048046,Online,Grocery,TR,13,0.1231186789,0.1475226653,0
5203,989,23.68605031,POS,Electronics,DE,22,0.2510499787,0.1462920414,0
4625,55,21.51634375,QR,Travel,FR,20,0.2160911195,0.2266114326,0
363,971,94.91820761,POS,Food,DE,13,0.08940861904,0.1390037976,0
5640,427,150.0218339,Online,Electronics,FR,23,0.2879604042,0.145916133,0
1413,663,104.2642034,POS,Clothing,TR,14,0.2575681684,0.01284018945,0
5908,590,146.9764486,POS,Food,UK,16,0.05408193505,0.09775798438,0
2078,392,50.01755578,Online,Grocery,UK,15,0.09586882749,0.1926784439,0
2887,662,132.4126328,QR,Clothing,UK,12,0.2126700964,0.197761775,0
9599,940,2192.396718,POS,Clothing,NG,4,0.8959444142,0.9071190934,1
5881,213,104.6651321,QR,Travel,FR,19,0.2206334681,0.01702785746,0
2716,5,52.27884502,QR,Travel,FR,10,0.2950874825,0.1209386324,0
5339,990,94.58144817,QR,Travel,UK,23,0.1753009529,0.204308683,0
691,281,185.0214648,Online,Travel,US,7,0.1303509234,0.2428217113,0
2041,939,178.7568661,ATM,Clothing,US,7,0.04146426237,0.2008623333,0
7607,113,14.14299485,QR,Clothing,TR,19,0.1675094351,0.1010522056,0
3618,52,108.0557979,POS,Travel,FR,7,0.07389859714,0.02641784971,0
9854,230,223.9068819,QR,Food,TR,20,0.7488716832,0.7006141933,1
6477,105,77.46138134,QR,Clothing,UK,18,0.1544219951,0.2449009265,0
6415,707,146.249126,ATM,Electronics,UK,17,0.03332192335,0.2740654949,0
7140,140,202.5751735,ATM,Electronics,DE,14,0.1453010237,0.1212658292,0
2829,754,85.18463889,POS,Travel,DE,10,0.2614753235,0.03615910232,0
4501,847,113.4255263,QR,Clothing,DE,8,0.2652223077,0.253621383,0
1733,892,34.87112605,ATM,Clothing,US,8,0.2293433058,0.07936805352,0
1831,287,164.958829,Online,Clothing,UK,21,0.158204096,0.2204573027,0
1540,745,189.1635405,QR,Travel,UK,10,0.1002568166,0.2869493428,0
247,978,130.1739021,POS,Grocery,FR,7,0.1386240028,0.2120030965,0
1315,60,3.418801141,ATM,Food,TR,8,0.05039189312,0.2944645574,0
9748,412,10,QR,Clothing,FR,20,0.8540709712,0.8929262082,1
3853,87,149.4899673,QR,Clothing,DE,11,0.1861157846,0.2885745632,0
1114,247,136.6674116,Online,Grocery,UK,21,0.1935052707,0.2450306705,0
3620,442,93.81414149,POS,Food,UK,15,0.09986263514,0.25490352,0
1904,810,54.70899103,Online,Grocery,US,13,0.026282196,0.1160543823,0
1232,294,105.3742859,Online,Food,DE,14,0.1797222244,0.1868938433,0
8638,767,103.8987231,QR,Grocery,US,9,0.1897250107,0.007056040444,0
7337,465,162.6444498,QR,Clothing,TR,13,0.2784186596,0.1540217571,0
9080,658,49.73325471,POS,Travel,UK,20,0.2887139415,0.2101419309,0
2876,836,91.99788991,POS,Grocery,FR,8,0.1981996426,0.2934747243,0
5306,512,160.6077299,ATM,Travel,DE,19,0.01564317536,0.1055320487,0
568,449,51.48080091,POS,Grocery,TR,19,0.1658015629,0.09802226405,0
2008,991,146.7728682,ATM,Food,US,7,0.1472339318,0.2098381421,0
2999,143,147.4474111,ATM,Electronics,UK,18,0.2637567782,0.1985864666,0
5622,378,82.32754856,POS,Food,TR,10,0.2288059893,0.2846516981,0
2665,283,121.2399657,POS,Clothing,US,16,0.06796422203,0.002869898709,0
1126,816,135.7265346,Online,Grocery,FR,12,0.1293812391,0.02432210702,0
1330,176,85.09347104,QR,Food,DE,21,0.181729057,0.2888777077,0
9246,831,143.1178082,ATM,Travel,US,12,0.2569341291,0.2005704469,0
3589,171,93.55476756,Online,Travel,DE,21,0.2674188094,0.192263004,0
7015,710,23.51537815,Online,Grocery,DE,8,0.1192021836,0.2744895507,0
3101,38,128.5852947,ATM,Electronics,TR,6,0.269966935,0.1800333162,0
141,13,73.61574028,Online,Clothing,US,11,0.2543020328,0.1609390896,0
3647,121,113.0630854,QR,Electronics,US,18,0.2369535971,0.09053845238,0
7081,618,39.93615506,ATM,Electronics,TR,21,0.03823095481,0.02582122182,0
2799,936,50.62486033,Online,Travel,FR,6,0.2959486624,0.2271252208,0
9161,519,28.46737431,POS,Grocery,TR,13,0.2344228161,0.2017370631,0
4973,111,125.545169,QR,Travel,US,21,0.1622099491,0.1990874706,0
3580,890,122.8757451,POS,Grocery,UK,13,0.2216984614,0.1894891529,0
8251,919,123.7600814,Online,Electronics,US,8,0.03179975981,0.05168756856,0
8640,613,109.1401982,ATM,Electronics,TR,22,0.02652265511,0.159093188,0
9903,182,40.06014483,ATM,Clothing,FR,4,0.8905107489,0.8625383894,1
4524,326,37.82421638,ATM,Travel,DE,11,0.2163308105,0.2514820842,0
3805,591,58.73226715,ATM,Electronics,US,20,0.05619283947,0.004029876627,0
8076,322,131.7040468,Online,Electronics,DE,21,0.2647937177,0.2231091812,0
2173,595,154.7793,ATM,Travel,FR,9,0.02034679758,0.138573572,0
7359,182,47.5025211,QR,Grocery,FR,13,0.1167759375,0.1450113171,0
4139,893,150.2168972,POS,Food,US,13,0.08490335435,0.1781238394,0
7405,151,138.0100816,POS,Food,TR,10,0.1783115544,0.2624834845,0
2040,354,48.5318655,Online,Clothing,FR,6,0.005011771613,0.2630615547,0
5492,24,198.4722691,POS,Electronics,FR,23,0.156597222,0.2247142487,0
9746,19,1209.698033,POS,Electronics,US,7,0.9563044991,0.7381106632,1
1817,900,133.4719007,ATM,Grocery,UK,22,0.05713881642,0.2179363279,0
1775,432,63.12220177,POS,Electronics,TR,20,0.1327733909,0.2031898384,0
8542,104,80.34740521,POS,Electronics,TR,14,0.2487661717,0.283501543,0
7975,834,143.2850589,Online,Clothing,TR,15,0.1032927324,0.2752855693,0
4789,333,90.52131523,QR,Clothing,US,20,0.1197484892,0.0237999532,0
7902,465,1,QR,Grocery,DE,20,0.1896362337,0.114409907,0
3166,103,36.12910006,POS,Travel,FR,18,0.04458286742,0.07330258401,0
6137,219,73.53272382,Online,Grocery,FR,12,0.1757476295,0.03398338176,0
5440,742,130.9442409,ATM,Travel,TR,8,0.2393532533,0.239930657,0
1574,503,60.71498896,ATM,Grocery,US,18,0.2027100169,0.07057383829,0
5429,521,84.33395636,ATM,Grocery,DE,11,0.05646257116,0.1048364499,0
7868,668,107.1710934,Online,Electronics,DE,14,0.09423511929,0.2662324625,0
3985,610,44.915906,POS,Electronics,UK,16,0.1049207817,0.2280336768,0
3088,321,83.3261375,ATM,Food,DE,18,0.1954484183,0.2739199717,0
7800,966,146.5865025,QR,Electronics,DE,15,0.1127523423,0.07667045059,0
5567,550,77.02228425,ATM,Travel,DE,6,0.2771359466,0.09339883013,0
5013,293,132.4701258,Online,Travel,UK,19,0.2702782448,0.2748408755,0
7880,603,96.94216986,QR,Food,US,13,0.2671302519,0.2143324475,0
6191,477,194.7661954,Online,Travel,FR,6,0.1812369827,0.1991109866,0
9160,270,119.8752973,QR,Electronics,TR,7,0.1960996595,0.2077214938,0
8131,269,125.9744437,POS,Travel,UK,15,0.00571542062,0.194491182,0
6325,513,1,QR,Travel,US,21,0.2153158431,0.1692744697,0
567,847,178.4002516,Online,Clothing,UK,20,0.1631629601,0.06875963939,0
2304,191,103.6371664,POS,Travel,UK,20,0.2342819257,0.02521465442,0
1541,732,213.6268221,ATM,Electronics,UK,9,0.03406635792,0.1654690273,0
4108,731,107.3704741,QR,Clothing,TR,15,0.1541701525,0.1915050739,0
5278,962,108.3931197,POS,Food,UK,10,0.1085757485,0.1033054158,0
4776,463,106.277264,ATM,Travel,US,18,0.2444039316,0.1376720702,0
6269,55,38.58256174,Online,Travel,TR,22,0.2227157124,0.2720139066,0
2143,421,65.14776493,QR,Grocery,US,7,0.06941440105,0.02056034512,0
7550,735,181.7304424,Online,Food,US,11,0.04883702272,0.03057797941,0
8094,616,39.45629834,POS,Food,UK,12,0.2004701286,0.1727440137,0
9708,819,773.9535885,ATM,Travel,US,23,0.9819179345,0.7642146932,1
6775,392,59.7761631,Online,Clothing,UK,17,0.1933880639,0.06587614039,0
8402,945,111.4470122,QR,Electronics,FR,14,0.2811979662,0.08313768855,0
7626,331,100.9653765,QR,Travel,FR,23,0.06951577577,0.04598228837,0
7091,165,42.80332147,QR,Travel,TR,8,0.1090559175,0.0286107002,0
9081,106,148.0947949,POS,Electronics,TR,18,0.2915051671,0.2163009987,0
3883,603,100.1232915,Online,Travel,US,15,0.2578664768,0.08472593214,0
9537,640,10,QR,Clothing,NG,19,0.8757282875,0.7455784547,1
6198,215,82.08060159,POS,Clothing,FR,10,0.2423697347,0.2076779923,0
566,244,99.88936653,ATM,Travel,US,15,0.0521125182,0.2396246186,0
8330,715,98.0175087,ATM,Food,FR,22,0.130524151,0.2736564457,0
6391,944,88.01233376,ATM,Clothing,US,19,0.2858153674,0.2126519503,0
8430,277,154.8831406,QR,Food,US,22,0.06176682024,0.2057943522,0
9661,465,10,Online,Grocery,NG,4,0.7833652067,0.7445310668,1
1420,957,43.95764232,QR,Clothing,DE,17,0.1502691409,0.2220785213,0
5713,478,121.2125294,ATM,Food,DE,7,0.1065546887,0.1017389864,0
1845,342,61.56408697,ATM,Clothing,US,8,0.2619270532,0.1659743119,0
7794,233,76.01290524,POS,Food,US,10,0.06313294947,0.2457556481,0
4243,865,103.898455,Online,Clothing,US,23,3.03E-05,0.1762631311,0
3645,903,106.0783744,Online,Clothing,TR,14,0.01678347734,0.1319459526,0
3107,675,125.7188568,QR,Travel,FR,7,0.1770620692,0.1646007779,0
321,814,37.97032076,Online,Electronics,FR,9,0.01614215157,0.1963539965,0
8846,401,47.34307451,POS,Grocery,US,20,0.2424797853,0.05175799982,0
720,923,136.9704744,POS,Clothing,UK,11,0.275281911,0.2482823338,0
721,493,79.71558101,QR,Clothing,US,15,0.1284448876,0.2096889698,0
1988,295,13.87199626,QR,Travel,US,16,0.0717627216,0.06180058536,0
8110,375,130.9463807,Online,Travel,UK,15,0.07238664644,0.1157128294,0
9545,654,815.7022618,Online,Travel,FR,4,0.9803389526,0.7859399566,1
4543,57,140.4967246,QR,Grocery,UK,19,0.2953776892,0.2641786816,0
2538,587,130.604125,Online,Grocery,UK,18,0.07563555856,0.1828291964,0
1841,74,43.93993366,POS,Travel,DE,11,0.06652632591,0.06745935664,0
9467,888,140.2968562,ATM,Food,DE,10,0.01822247439,0.2976499906,0
5802,819,168.779538,QR,Grocery,DE,18,0.2330036341,0.0191346136,0
8941,663,30.49087573,QR,Grocery,TR,9,0.02999681778,0.2677970174,0
6532,609,65.14158426,QR,Food,UK,23,0.2449789426,0.04145505043,0
7300,303,198.9692236,POS,Clothing,UK,20,0.1432012911,0.1301297583,0
7038,24,173.9355784,QR,Food,DE,9,0.1131347581,0.2142550694,0
515,92,88.2022257,QR,Travel,FR,22,0.06147332862,0.2453687238,0
2180,638,75.79264346,ATM,Grocery,TR,15,0.01072870801,0.2450874172,0
8664,892,72.14350557,QR,Food,FR,16,0.04119065704,0.2547778994,0
5675,149,146.2090796,QR,Travel,TR,21,0.1253718947,0.2389241407,0
5015,562,116.5264086,QR,Clothing,TR,19,0.02541859634,0.1261805163,0
7562,362,95.731266,POS,Grocery,FR,20,0.2410528527,0.109582596,0
5113,903,159.1258459,QR,Food,TR,18,0.03465801556,0.2169053991,0
1144,369,164.6026816,POS,Clothing,US,21,0.2121982732,0.1900040616,0
6629,773,131.4377157,ATM,Electronics,FR,16,0.2379247991,0.1406525647,0
1617,484,1,POS,Electronics,TR,7,0.2601465614,0.0104037279,0
5236,364,69.88568227,ATM,Grocery,US,15,0.03058253012,0.1780127867,0
5413,116,90.12500246,POS,Travel,DE,9,0.1844865416,0.2822301709,0
7539,222,143.0756944,ATM,Travel,FR,20,0.2319580345,0.08447618409,0
9961,150,3681.354148,Online,Food,NG,6,0.9363402401,0.9025107666,1
4874,559,93.56128726,ATM,Clothing,TR,17,0.2926693253,0.2535821025,0
24,369,133.1101667,POS,Food,TR,21,0.1051083205,0.07441164342,0
7083,363,126.714269,ATM,Travel,FR,19,0.2570176797,0.03132247107,0
9134,329,57.13740498,ATM,Travel,UK,16,0.0723324504,0.08300243708,0
6239,102,89.54097828,ATM,Food,FR,17,0.1041855906,0.1506268453,0
6371,657,20.95782712,ATM,Electronics,US,9,0.1784652311,0.1566419297,0
5830,56,75.47998967,ATM,Travel,FR,6,0.1871629049,0.05539234626,0
8828,938,97.22866761,ATM,Travel,FR,12,0.264518772,0.1010090441,0
1675,780,97.16939564,QR,Electronics,DE,11,0.008047373173,0.08560612092,0
7491,179,24.51005458,POS,Food,DE,20,0.07555568238,0.1652820904,0
5595,714,121.6587093,POS,Grocery,US,8,0.07479900605,0.06662923495,0
9953,158,10,ATM,Food,UK,3,0.7228044258,0.9964059162,1
9950,405,10,ATM,Travel,FR,20,0.7371067773,0.7694689596,1
1834,913,135.5978733,POS,Grocery,DE,10,0.07642211061,0.2393109917,0
1292,713,70.15854059,POS,Clothing,TR,16,0.1633601291,0.2388954237,0
3588,449,151.8192484,POS,Grocery,DE,12,0.1362935794,0.01498380316,0
2336,725,9.420408983,POS,Clothing,TR,9,0.2933395054,0.2938194988,0
3256,110,170.8915986,Online,Travel,TR,7,0.03548442027,0.1606019448,0
4532,484,93.52051947,ATM,Electronics,DE,7,0.08970895479,0.1281861772,0
8186,848,56.05927105,ATM,Grocery,FR,10,0.2274918222,0.2251746716,0
5850,578,117.6658354,Online,Clothing,UK,16,0.1989099701,0.2374917192,0
1089,480,66.34073818,POS,Food,DE,10,0.2388244286,0.1741345061,0
5943,127,124.7392718,ATM,Electronics,US,16,0.004319352946,0.2095184479,0
3265,111,63.5481786,Online,Electronics,FR,7,0.0695516141,0.2823578213,0
5072,757,103.43141,POS,Clothing,US,23,0.2623385785,0.2832095921,0
8920,361,127.3374677,POS,Travel,US,14,0.1721387931,0.02930509361,0
4343,96,103.3765532,POS,Grocery,US,6,0.06648017973,0.2283264,0
3768,13,106.2171792,Online,Grocery,FR,17,0.2469782579,0.1528922561,0
6658,185,95.53325383,QR,Electronics,UK,8,0.1307902424,0.06832477425,0
3998,771,104.0612752,QR,Clothing,US,8,0.08958646123,0.135540462,0
4420,695,150.0915606,POS,Travel,TR,12,0.07694073157,0.1864376531,0
6238,481,110.3890924,QR,Grocery,UK,17,0.2209312741,0.2696453973,0
2798,638,147.5558154,POS,Grocery,US,9,0.150697351,0.01995882713,0
9555,276,10,POS,Grocery,DE,1,0.7578468011,0.9567521032,1
9497,378,148.1972425,Online,Grocery,TR,8,0.1751763749,0.08326405512,0
5613,75,70.86977397,POS,Grocery,US,15,0.1415347001,0.2661728865,0
6154,922,35.34947921,ATM,Grocery,FR,23,0.2577477562,0.1341531103,0
5848,115,109.9447836,ATM,Electronics,TR,8,0.2118225381,0.02218010896,0
8690,15,112.2363959,POS,Food,TR,8,0.07495789395,0.1105917646,0
8224,452,65.76419228,QR,Electronics,UK,20,0.1720532692,0.1133547643,0
6891,213,115.531955,POS,Grocery,UK,15,0.1878237248,0.01824352463,0
1603,219,47.07158609,ATM,Travel,FR,9,0.1478125286,0.04450081015,0
484,360,69.18172854,QR,Grocery,TR,11,0.2528579661,0.0279964946,0
3390,497,65.22258328,Online,Clothing,US,9,0.1805071783,0.1789695153,0
1953,742,156.700025,ATM,Food,UK,7,0.05664893418,0.2977493427,0
857,95,164.2295359,ATM,Food,DE,12,0.2383733827,0.0808817836,0
7798,326,133.4459438,POS,Clothing,UK,21,0.1151465446,0.2838978184,0
8606,290,121.8205119,ATM,Food,US,11,0.128803103,0.2883580776,0
9033,837,108.2959086,QR,Clothing,TR,17,0.2316293973,0.1152257693,0
4705,528,20.85379186,POS,Electronics,FR,19,0.1758883751,0.1734482317,0
1535,334,173.5216152,Online,Grocery,TR,18,0.1363135026,0.2445662423,0
3561,884,46.5168187,QR,Food,US,7,0.08373510652,0.1107689142,0
5092,942,165.4906668,POS,Travel,DE,18,0.2101475865,0.1137497858,0
5704,462,62.66480519,ATM,Electronics,UK,21,0.2495040993,0.2305818062,0
4063,581,144.9451605,ATM,Grocery,TR,7,0.05363995664,0.2877224985,0
3276,620,109.3287219,ATM,Grocery,TR,6,0.2198035575,0.1617103545,0
2097,47,137.1222119,ATM,Travel,DE,11,0.08293063749,0.1869380732,0
8605,275,37.900732,QR,Travel,FR,18,0.2089485659,0.269337181,0
8104,605,79.12755155,Online,Clothing,FR,6,0.2395229576,0.1329454646,0
9448,925,130.4328169,ATM,Travel,US,9,0.1323782437,0.2858341781,0
7444,697,125.4937991,ATM,Electronics,UK,12,0.1598408911,0.1480916701,0
5884,334,109.0045769,POS,Food,UK,13,0.01846817446,0.2115611028,0
4454,553,143.4114627,Online,Travel,UK,12,0.009676186277,0.01999621554,0
2239,935,76.17599348,Online,Clothing,FR,6,0.261949759,0.0387938016,0
3615,726,34.38702033,QR,Travel,FR,20,0.1413543781,0.1462150753,0
6768,961,124.4912477,POS,Grocery,DE,21,0.2765155436,0.2772939451,0
7118,834,42.67729919,QR,Travel,UK,8,0.2976660025,0.2438153561,0
9803,547,6770.958804,Online,Grocery,US,6,0.851272129,0.7889053918,1
1428,924,163.0983558,ATM,Food,FR,23,0.1758273505,0.1636406067,0
3987,819,140.1078396,POS,Grocery,FR,14,0.2998627879,0.2301727618,0
5792,419,1,QR,Travel,UK,20,0.204289663,0.01857709283,0
9891,47,22.16842906,ATM,Clothing,UK,23,0.8126022976,0.9781216951,1
2638,144,35.20099897,QR,Travel,DE,22,0.113321691,0.1057513101,0
6317,187,163.2899542,POS,Electronics,FR,21,0.1589474405,0.1230920043,0
8026,124,54.92601056,ATM,Grocery,UK,13,0.1465609132,0.1004393507,0
3900,833,73.75914019,QR,Grocery,FR,17,0.07597845297,0.2610294548,0
702,404,128.8624186,POS,Electronics,TR,22,0.1923148182,0.01420702902,0
16,546,11.77759139,Online,Food,DE,21,0.2197029796,0.05499963965,0
3000,15,162.1400541,QR,Food,US,15,0.2626323045,0.1747201796,0
7777,395,54.29763396,Online,Electronics,UK,23,0.1288873506,0.04480781703,0
9261,887,36.82576975,Online,Grocery,TR,15,0.2436690179,0.1631997447,0
8775,320,41.6885886,Online,Food,UK,18,0.1137519983,0.1438218288,0
5061,212,104.9389719,ATM,Food,UK,20,0.2987483133,0.01241136935,0
9893,81,10,QR,Clothing,FR,6,0.7486417357,0.8140786107,1
4337,877,68.42941816,POS,Grocery,TR,17,0.1280932208,0.2457502734,0
2938,947,108.2251295,Online,Electronics,DE,7,0.07078370989,0.09204737211,0
2560,701,139.0539491,ATM,Electronics,DE,14,0.03773499905,0.05994047389,0
7716,112,170.7504032,Online,Clothing,FR,10,0.1852968259,0.01456058703,0
4044,178,154.8610665,ATM,Electronics,TR,7,0.05204271467,0.05190532304,0
9886,805,2801.175266,QR,Travel,NG,4,0.7501386719,0.7962127162,1
4984,980,111.6707731,Online,Grocery,TR,18,0.2109202661,0.1406705106,0
2672,135,181.5557549,QR,Travel,US,15,0.2804063885,0.08777928946,0
2230,337,108.844292,POS,Electronics,UK,16,0.2874184772,0.1878928544,0
7493,869,61.43013923,Online,Grocery,TR,18,0.2426767329,0.1640333035,0
8522,418,60.79493132,Online,Travel,UK,8,0.2649988408,0.05465336866,0
6583,533,107.3105678,POS,Clothing,US,12,0.0601907204,0.1190347979,0
1754,252,92.98584833,QR,Travel,FR,12,0.03368154621,0.1838950478,0
4589,680,39.66584731,ATM,Electronics,DE,14,0.208304834,0.1601489627,0
6119,677,110.354809,QR,Grocery,US,23,0.02785404633,0.009354731701,0
4080,317,131.4165023,Online,Clothing,DE,23,0.08832645138,0.07367382154,0
8149,749,148.1935259,ATM,Electronics,TR,7,0.03073322383,0.06842850235,0
9630,548,2459.281515,ATM,Travel,FR,6,0.9883425364,0.9933432932,1
8622,751,18.2367057,Online,Electronics,US,14,0.2614452996,0.02216163118,0
6881,383,62.22918499,Online,Food,TR,11,0.07178985414,0.1849924959,0
7360,711,107.9036449,ATM,Electronics,TR,19,0.09526687804,0.1400530189,0
4856,508,65.31373456,ATM,Travel,FR,20,0.297816914,0.009460841406,0
7573,838,102.7652093,POS,Food,US,12,0.2904207709,0.1896960794,0
7214,710,124.4414279,ATM,Electronics,UK,14,0.1465361285,0.2109957575,0
6211,539,83.22220534,POS,Grocery,UK,6,0.1853405127,0.2985083678,0
981,516,135.7118241,POS,Travel,US,14,0.02130480653,0.2535046302,0
7378,509,37.11480044,POS,Food,DE,11,0.09224587607,0.2557609361,0
9623,671,10,Online,Grocery,US,13,0.8845107379,0.9658751736,1
5389,667,62.16077906,POS,Grocery,US,8,0.1508750731,0.08201830883,0
8500,127,50.72060897,QR,Grocery,DE,19,0.09275148234,0.2813455562,0
9564,263,1447.786489,POS,Grocery,FR,0,0.8948737304,0.9629044639,1
4661,165,152.8884324,ATM,Clothing,US,21,0.2016112393,0.09105680532,0
4178,518,92.83772772,Online,Electronics,FR,13,0.2874816002,0.1050250552,0
5896,132,95.4887701,Online,Electronics,FR,11,0.2477940574,0.07234801879,0
8884,143,21.43022028,Online,Grocery,FR,14,0.07142658535,0.1085820941,0
6766,230,95.16957576,ATM,Clothing,DE,12,0.1661541566,0.04864611681,0
9258,206,78.88716391,POS,Grocery,FR,21,0.2916828071,0.2202216828,0
2966,299,81.78549521,ATM,Grocery,US,16,0.2183530187,0.08669507166,0
2655,835,171.4963895,POS,Travel,DE,11,0.1009099102,0.2004902672,0
4790,810,87.81849721,POS,Electronics,UK,19,0.2472461985,0.278426649,0
1967,945,117.4053407,ATM,Food,DE,15,0.2150147797,0.2221995083,0
2591,981,135.3793229,Online,Food,TR,12,0.007007085441,0.1787583663,0
5826,524,100.6345882,ATM,Clothing,UK,19,0.0275323093,0.0827277473,0
8262,705,116.2862517,POS,Food,DE,18,0.2082748106,0.2320885885,0
3568,721,57.76395146,ATM,Travel,TR,15,0.00568969586,0.1959325216,0
58,973,139.1983826,POS,Travel,FR,9,0.05358502238,0.1663552424,0
6427,373,20.08434076,POS,Clothing,US,10,0.0759865028,0.2717021615,0
3334,941,140.3321558,ATM,Electronics,UK,16,0.2958955836,0.2235763302,0
4039,852,94.80402443,QR,Grocery,DE,15,0.2817025549,0.1030797179,0
3810,309,85.21561413,ATM,Clothing,DE,12,0.2841814257,0.1033027016,0
3590,382,86.59386455,Online,Electronics,US,9,0.09721967828,0.2660067827,0
3455,912,22.05986153,Online,Travel,FR,11,0.2107057797,0.2924009559,0
5216,356,98.59911888,ATM,Travel,UK,8,0.1311749669,0.02256984161,0
5991,337,120.9673037,Online,Electronics,US,23,0.04149671815,0.2752167315,0
4507,170,106.1978966,Online,Food,US,23,0.1123308228,0.2117515111,0
4960,894,120.4421606,ATM,Food,DE,23,0.08680130055,0.2313526763,0
2780,255,163.6378768,Online,Travel,FR,21,0.2768098616,0.1940697131,0
1362,676,1,QR,Grocery,US,6,0.01046030107,0.01434615283,0
548,18,81.61488369,Online,Travel,FR,7,0.1292071673,0.006829765115,0
1650,370,48.89318781,QR,Food,DE,22,0.05362460542,0.2123734916,0
3632,777,91.94912122,ATM,Clothing,DE,23,0.275027253,0.08013574572,0
6541,772,141.4607522,POS,Travel,TR,19,0.03419362689,0.08607206094,0
9562,435,1091.197737,POS,Food,DE,13,0.7203818662,0.8120935496,1
9643,864,3214.440919,ATM,Travel,DE,2,0.8659337618,0.8722968916,1
6141,388,160.5388873,ATM,Travel,DE,18,0.1865768798,0.169637794,0
8994,66,165.7562668,Online,Grocery,UK,6,0.2953640607,0.2171828551,0
2481,344,192.1962871,POS,Grocery,DE,13,0.05223233106,0.04259456477,0
7201,714,237.1854585,QR,Travel,FR,22,0.07654006757,0.04729601214,0
2742,848,100.0731427,ATM,Food,FR,17,0.1600587558,0.2539292535,0
6674,328,56.35308527,POS,Clothing,FR,11,0.03920922002,0.1043634436,0
376,991,74.47788966,POS,Electronics,DE,8,0.1984275891,0.2042255589,0
8301,59,61.11089181,POS,Grocery,UK,13,0.2729346333,0.2683042191,0
8354,342,144.5720023,Online,Travel,TR,17,0.04633178171,0.2189627303,0
4665,423,20.69524038,POS,Clothing,UK,12,0.03971345804,0.04254554149,0
120,402,58.02592044,QR,Clothing,TR,18,0.05136601027,0.2357788994,0
8993,630,97.44271841,Online,Clothing,DE,6,0.2188824853,0.04034200576,0
1158,604,179.895293,QR,Electronics,DE,13,0.1113554419,0.0433832495,0
4946,196,97.64782759,QR,Food,DE,6,0.1021030266,0.1531211158,0
5268,913,145.9721208,POS,Food,FR,20,0.1559067065,0.04408063237,0
1128,163,75.18612335,ATM,Electronics,US,10,0.02780274187,0.2406394061,0
289,172,63.43376965,ATM,Electronics,FR,16,0.2126437237,0.1366045318,0
7034,108,116.7151349,QR,Travel,US,14,0.04063781257,0.1937247399,0
387,11,39.39716741,POS,Clothing,UK,19,0.1832704677,0.1435406195,0
2974,579,117.5287729,ATM,Food,UK,8,0.2813696842,0.2386287222,0
9671,263,812.2724142,Online,Clothing,US,4,0.7428516151,0.7041214171,1
1417,136,16.994437,Online,Electronics,FR,16,0.01477235385,0.1613480119,0
1348,425,17.40409084,ATM,Electronics,TR,17,0.1032241718,0.2487614728,0
408,213,77.17513508,POS,Travel,US,18,0.2047912917,0.1717350848,0
1977,905,98.18116882,QR,Food,US,8,0.04881297736,0.112273716,0
6642,600,23.32496946,Online,Travel,DE,7,0.1429143238,0.03569187345,0
1392,973,221.3231837,ATM,Clothing,UK,14,0.1891002334,0.2367164999,0
4639,129,106.348454,POS,Travel,TR,13,0.0087561108,0.1715084494,0
3267,672,114.5310749,Online,Food,UK,21,0.1193897101,0.03251107967,0
3478,543,44.78208105,POS,Food,TR,22,0.2941387446,0.1991631996,0
4413,845,118.198567,POS,Travel,DE,19,0.09743078032,0.2069765967,0
9078,590,115.989177,QR,Food,US,10,0.1968711816,0.1274387401,0
3292,475,86.22509242,ATM,Clothing,TR,15,0.01960514579,0.2060394798,0
1671,155,141.8935209,Online,Grocery,DE,10,0.1455901108,0.22877409,0
2763,75,190.2544675,QR,Grocery,FR,8,0.09867562099,0.2452065149,0
7311,792,25.5703011,QR,Electronics,TR,12,0.2941135249,0.2271739315,0
3492,420,125.2375344,POS,Electronics,UK,23,0.1683897312,0.2988095521,0
194,632,41.1240692,Online,Food,DE,12,0.080746487,0.220888073,0
9988,498,10,POS,Food,NG,15,0.8325172627,0.823189879,1
3839,588,1,Online,Electronics,DE,23,0.1932572121,0.04329748278,0
9689,414,2983.519079,QR,Electronics,US,4,0.9541570672,0.9672431653,1
8035,965,143.3410543,QR,Travel,DE,22,0.151963242,0.1223034913,0
224,728,141.3853999,Online,Travel,FR,19,0.07097282988,0.2564641306,0
396,622,171.0791428,ATM,Travel,UK,7,0.01000415318,0.1437694466,0
5120,181,111.9300037,ATM,Food,TR,14,0.1878855511,0.1707928563,0
6855,160,92.47761269,POS,Travel,UK,20,0.1768305092,0.08270959255,0
4714,375,39.48691046,POS,Travel,UK,17,0.01889664988,0.1620315951,0
9312,497,123.9337184,QR,Travel,DE,14,0.07323283577,0.2382649997,0
5360,463,87.79763136,POS,Electronics,TR,14,0.2212329546,0.2138040965,0
8870,208,151.2327595,ATM,Travel,TR,11,0.09207297318,0.06373591792,0
9352,642,124.0441327,Online,Grocery,FR,10,0.1378865376,0.1221546952,0
9738,826,1448.022296,Online,Travel,TR,10,0.787928418,0.8489596341,1
5100,740,111.9235079,POS,Electronics,US,12,0.1498806114,0.07289143732,0
6943,700,144.9860187,POS,Food,UK,20,0.1235529975,0.01601350943,0
340,16,78.02098622,ATM,Electronics,TR,21,0.1052216661,0.07131920346,0
2287,862,56.57017847,QR,Travel,TR,14,0.186057941,0.0532412417,0
9882,574,2541.101822,QR,Electronics,NG,4,0.9132637256,0.9775784614,1
5919,162,57.91135462,Online,Grocery,DE,22,0.04101711448,0.2516263045,0
3454,515,78.82283333,ATM,Food,US,9,0.1425192514,0.2259204476,0
8349,899,144.6023902,ATM,Food,US,17,0.1799593517,0.07718065523,0
3538,937,182.1362954,Online,Clothing,US,14,0.04168118276,0.1401506914,0
3750,812,81.37452507,POS,Clothing,UK,10,0.2809468205,0.05153307199,0
6417,461,82.57584003,QR,Food,UK,12,0.262046558,0.06648007324,0
8744,72,21.99934524,POS,Clothing,FR,23,0.2609523264,0.2474218162,0
1223,690,204.2705311,QR,Food,TR,18,0.1337448509,0.2725237334,0
1499,658,88.51323343,Online,Clothing,DE,17,0.03170830982,0.04932240805,0
4367,873,116.7587742,QR,Travel,UK,18,0.027590936,0.2834942217,0
3409,719,114.7083769,POS,Grocery,TR,21,0.1043373313,0.08779790553,0
628,666,74.01126052,Online,Grocery,DE,20,0.1165842288,0.248165991,0
4231,26,138.5143026,ATM,Grocery,UK,10,0.2944003432,0.02147002682,0
2804,47,185.3109654,QR,Grocery,US,23,0.1927905206,0.206546229,0
4210,115,82.7292288,QR,Grocery,US,14,0.03979807223,0.2807671733,0
614,612,96.81865813,Online,Travel,DE,19,0.1233439034,0.1845999306,0
5017,119,55.23914279,ATM,Grocery,DE,14,0.2307972291,0.01282426505,0
4476,568,96.88797608,POS,Food,DE,18,0.07972094183,0.05024041128,0
2840,238,85.01912755,ATM,Electronics,UK,15,0.005496398893,0.1177755817,0
2864,11,107.4248903,QR,Food,FR,17,0.01167776001,0.2348366671,0
6822,680,98.76754653,QR,Clothing,FR,15,0.2498671301,0.1560104789,0
1010,525,76.54351703,POS,Electronics,FR,22,0.1171933727,0.1783027358,0
9129,43,274.4823805,QR,Travel,FR,11,0.02586049257,0.1993450003,0
8793,157,105.5122316,QR,Clothing,UK,7,0.2795529379,0.1000973492,0
4360,699,81.97538307,POS,Electronics,FR,22,0.01330436881,0.1259137538,0
3008,906,92.90923512,ATM,Electronics,US,15,0.1807811089,0.09598606753,0
5031,731,93.66695592,POS,Food,TR,10,0.2062291835,0.1414243593,0
7393,198,65.58882211,QR,Food,US,9,0.01757440595,0.2394993376,0
4236,775,41.35911064,Online,Travel,DE,16,0.09388914012,0.06503408796,0
3379,479,145.0634885,ATM,Clothing,FR,23,0.0115517092,0.1135170847,0
8830,621,155.7923637,Online,Grocery,UK,22,0.06792887795,0.09445308685,0
9491,648,112.767005,ATM,Travel,US,10,0.2038543754,0.2856874973,0
4068,586,112.0870404,ATM,Grocery,UK,9,0.02209179602,0.1997179814,0
9556,815,10,ATM,Grocery,UK,4,0.9896978069,0.8720010316,1
4961,651,75.02086798,ATM,Electronics,US,23,0.2849117799,0.03130519473,0
8381,368,33.68986053,POS,Travel,DE,10,0.008993141734,0.01793197,0
2348,227,66.73422445,POS,Grocery,US,20,0.1765728857,0.1807522008,0
6106,364,157.141517,Online,Food,UK,12,0.2273458556,0.02652352657,0
9269,981,123.4968117,ATM,Food,UK,19,0.260684167,0.1426811441,0
3294,110,128.6050104,ATM,Food,DE,6,0.1811432519,0.04945494563,0
7805,11,71.27987647,POS,Electronics,TR,13,0.01374843107,0.03642998341,0
3447,819,32.9991136,POS,Travel,FR,13,0.08723564531,0.0404753279,0
7979,368,134.7499834,Online,Grocery,UK,13,0.2130818376,0.2460422647,0
1613,575,103.4634941,Online,Food,DE,18,0.2691124302,0.05696379301,0
8940,402,198.9355342,ATM,Food,FR,8,0.1662016078,0.1104860557,0
1035,411,93.96735286,QR,Electronics,UK,21,0.2399045943,0.08794343045,0
4085,323,93.37032227,ATM,Food,UK,14,0.09033030044,0.08003158369,0
3697,790,80.1325984,Online,Food,UK,6,0.1458337092,0.1452552417,0
9978,888,605.9124819,POS,Clothing,TR,1,0.8307118222,0.9562479835,1
3872,89,96.74308321,POS,Food,TR,8,0.1370640796,0.09842323693,0
9937,790,10,POS,Electronics,TR,12,0.9666028401,0.9221195412,1
2307,711,201.243447,POS,Travel,FR,13,0.0676494461,0.03309577481,0
333,397,143.2578275,POS,Clothing,US,10,0.0185004949,0.01714627663,0
3418,946,63.45625367,POS,Travel,UK,22,0.1468039892,0.2023360222,0
7511,639,163.4725362,QR,Clothing,TR,9,0.2284312799,0.149758418,0
4288,21,15.29226691,QR,Electronics,FR,18,0.1114084827,0.07392060955,0
5475,261,162.7825959,POS,Food,TR,10,0.2847829195,0.1795947475,0
3068,360,65.81571425,POS,Clothing,US,11,0.1008664555,0.1869367415,0
318,649,49.80751365,Online,Travel,UK,11,0.07996652929,0.2924305336,0
624,264,145.1330145,POS,Clothing,DE,6,0.1814739018,0.1644184951,0
7336,104,50.08324053,ATM,Food,UK,10,0.1943076562,0.08150521051,0
6096,776,206.6092833,ATM,Travel,FR,7,0.2395935766,0.06645480014,0
971,11,58.83948743,ATM,Grocery,TR,11,0.2839464659,0.1766543668,0
9510,166,3939.53362,POS,Travel,TR,18,0.8881608844,0.8813363587,1
6785,422,86.78976848,ATM,Grocery,FR,16,0.250666738,0.2795866201,0
9496,911,58.15742183,Online,Food,TR,23,0.1882693874,0.04154314499,0
1096,58,79.42543794,Online,Electronics,US,8,0.1307382861,0.09379864438,0
2583,268,148.4340946,POS,Travel,UK,11,0.1288635382,0.02178572171,0
8596,498,50.14544379,Online,Food,DE,9,0.2810226363,0.1552792452,0
2505,359,40.57012988,Online,Food,UK,21,0.2020199731,0.1583500056,0
6713,298,143.1469856,POS,Food,DE,11,0.09361353837,0.02145023161,0
1095,99,61.89792363,QR,Grocery,UK,12,0.1870076063,0.03172885054,0
1585,428,82.89267184,POS,Grocery,US,8,0.1905366236,0.02615031196,0
5869,550,100.3641494,ATM,Electronics,FR,12,0.2549737038,0.08104142886,0
2029,301,50.87559386,POS,Travel,US,14,0.08004297794,0.09911161656,0
3790,288,129.3889114,Online,Grocery,FR,11,0.0836812642,0.2226993651,0
7651,317,64.22872397,Online,Food,DE,23,0.2560141993,0.08620509148,0
708,398,124.1889417,POS,Grocery,FR,22,0.1273162857,0.02835951806,0
7878,164,129.1343481,Online,Clothing,US,18,0.07837343133,0.03336761603,0
8102,838,62.11474993,Online,Grocery,FR,20,0.1114399248,0.05271521162,0
3938,840,137.8805468,ATM,Electronics,TR,16,0.1511823826,0.2700597105,0
3383,633,48.39971718,Online,Travel,UK,23,0.1055332099,0.04952024871,0
8456,378,139.6726244,Online,Food,FR,21,0.234865351,0.1641971685,0
5180,739,173.5657489,ATM,Clothing,TR,18,0.03827654551,0.05430953566,0
1693,339,1,ATM,Food,UK,20,0.099862997,0.1639474008,0
2558,207,41.73998565,POS,Travel,TR,14,0.09463779876,0.1825366207,0
9913,820,22.16842906,QR,Clothing,NG,4,0.9739130666,0.9864180253,1
3066,736,115.4765965,QR,Clothing,TR,11,0.1307535035,0.1569825737,0
8015,248,86.91682079,Online,Travel,TR,18,0.2276475274,0.2316069945,0
1228,508,89.30517557,POS,Grocery,TR,13,0.01886712182,0.1783397867,0
57,941,188.3751198,QR,Travel,FR,16,0.2999262667,0.07974495563,0
1513,383,103.6599314,ATM,Electronics,FR,16,0.2346572602,0.2943197713,0
6890,324,83.24462273,POS,Clothing,DE,23,0.2939272075,0.04964277829,0
470,437,171.51814,POS,Electronics,TR,23,0.2783391368,0.2318029691,0
3638,395,16.44063336,Online,Grocery,DE,7,0.03625858937,0.2021772053,0
5910,634,129.9125407,QR,Clothing,TR,15,0.1061386908,0.01171049029,0
5090,163,101.3962221,POS,Food,US,6,0.2399103846,0.2185968643,0
5083,342,29.40958896,POS,Grocery,UK,8,0.0913297042,0.2123225484,0
8416,355,1,ATM,Electronics,UK,10,0.2295954133,0.09492244019,0
8066,252,51.46661163,Online,Food,US,8,0.08372971139,0.2687990229,0
466,686,84.06918789,ATM,Travel,DE,6,0.1004314148,0.08984344447,0
1575,718,174.9233662,ATM,Electronics,TR,6,0.1670283023,0.0368653255,0
8176,425,170.1452392,ATM,Food,TR,23,0.07228869051,0.03393822012,0
7048,507,39.87157279,QR,Clothing,TR,11,0.08009561899,0.05684217914,0
2436,148,45.19002382,QR,Clothing,DE,19,0.291613956,0.01527781803,0
52,702,116.7447221,QR,Food,DE,12,0.003458386412,0.2003272347,0
3696,888,71.77732831,Online,Food,FR,10,0.172302776,0.1323272974,0
1838,721,56.3165554,POS,Grocery,DE,10,0.2772894174,0.1737576186,0
2193,972,52.63984944,POS,Grocery,DE,14,0.1579524174,0.02205978029,0
7624,811,68.3774303,Online,Clothing,FR,14,0.02436751821,0.2034820408,0
5757,722,1,QR,Clothing,FR,18,0.2141569055,0.0100736815,0
8397,521,38.04883698,POS,Electronics,US,20,0.03910539728,0.25167295,0
4292,305,37.16983979,POS,Clothing,TR,10,0.2770315207,0.08685226239,0
8506,530,98.15485796,QR,Electronics,FR,7,0.1970543126,0.1793717832,0
3691,493,28.02031961,POS,Clothing,UK,9,0.1355942183,0.08125315948,0
1674,621,168.276149,Online,Clothing,US,17,0.2332588371,0.07405105135,0
9273,573,124.280629,QR,Grocery,DE,18,0.2321351113,0.117196975,0
5428,393,35.74560151,POS,Electronics,TR,19,0.2751023725,0.2972589268,0
2194,272,27.92989063,ATM,Clothing,FR,15,0.02567295096,0.01248598857,0
7163,517,102.399136,QR,Clothing,US,9,0.1708778848,0.2871765526,0
9656,203,1684.916286,ATM,Clothing,FR,1,0.7873143235,0.7968818286,1
80,65,1,POS,Clothing,TR,17,0.2579813255,0.08171029417,0
6707,930,95.13892206,ATM,Grocery,DE,7,0.2007041996,0.1559816633,0
5534,598,59.40601656,POS,Travel,FR,6,0.04921360126,0.1482989292,0
779,814,1,ATM,Travel,FR,17,0.02927938805,0.1757260518,0
478,793,56.47228222,ATM,Travel,FR,22,0.1504051609,0.1599884681,0
9868,721,10,POS,Electronics,TR,19,0.8855746611,0.9637642398,1
8767,494,80.05718014,Online,Grocery,DE,21,0.2329709343,0.07175102769,0
2618,398,42.77053623,ATM,Travel,TR,19,0.02621967086,0.1966735129,0
7047,136,145.2682503,Online,Grocery,US,17,0.2496125253,0.06376816904,0
7328,928,1,Online,Food,FR,12,0.2855669384,0.1391332591,0
7634,395,176.4834137,POS,Grocery,FR,13,0.03832352484,0.2032920032,0
5562,372,98.99864016,POS,Travel,US,10,0.230996219,0.05271750445,0
2278,320,154.0360249,QR,Clothing,DE,23,0.04547480216,0.09474917765,0
8928,880,10.83382574,QR,Clothing,DE,6,0.1653936776,0.1314551486,0
2234,605,106.3237838,POS,Travel,FR,9,0.01643273368,0.05534640236,0
74,44,155.0331972,QR,Clothing,UK,19,0.1508876433,0.2118739705,0
7492,414,88.39343736,ATM,Grocery,UK,7,0.03293445052,0.04707237621,0
6721,769,19.48509222,ATM,Grocery,FR,21,0.1343286231,0.2783335484,0
3329,609,178.377611,POS,Grocery,US,7,0.2121783433,0.1610556493,0
7193,228,93.4147577,Online,Travel,DE,23,0.1453656754,0.1250986624,0
7853,76,90.13549554,Online,Grocery,FR,22,0.289425409,0.1306578512,0
6378,461,76.28504171,ATM,Food,DE,22,0.05952137281,0.2229671073,0
1645,592,158.4182316,Online,Food,US,9,0.07716121379,0.07211449348,0
4180,0,89.77501706,QR,Food,US,10,0.2594824847,0.1184193024,0
2940,931,8.021747609,Online,Travel,TR,18,0.08990659004,0.09823799091,0
3746,366,146.6376548,POS,Clothing,TR,9,0.06761032441,0.2820024506,0
7199,46,146.2245409,Online,Electronics,FR,17,0.2242063183,0.2646525559,0
4744,786,116.6407967,ATM,Travel,FR,10,0.2016318756,0.2982203773,0
1774,113,39.33149649,POS,Clothing,US,21,0.06157683118,0.2890540424,0
653,860,137.6702185,Online,Electronics,DE,13,0.1447812993,0.1003980793,0
8406,478,19.73084865,QR,Electronics,US,13,0.1831669559,0.2457596898,0
7471,10,124.8540971,Online,Electronics,US,9,0.2460872602,0.07251535984,0
796,536,99.93660733,QR,Grocery,UK,6,0.03579112824,0.1873238507,0
4000,620,75.84133525,QR,Grocery,FR,20,0.239471488,0.1248945856,0
2005,419,146.5437256,Online,Travel,FR,9,0.2236352501,0.07703446912,0
4077,466,129.3125188,Online,Food,FR,17,0.03671591543,0.2932205181,0
6436,578,87.34300253,QR,Food,US,7,0.1360563481,0.1671546534,0
8424,459,155.3647129,POS,Electronics,TR,6,0.08007962299,0.1259153053,0
3078,467,63.11223766,ATM,Travel,US,23,0.1137564975,0.1057483458,0
5927,826,210.2425361,ATM,Travel,DE,14,0.04097061403,0.06363414827,0
910,269,46.80031917,QR,Food,UK,15,0.09076321475,0.07343216722,0
6997,979,20.89059746,POS,Grocery,TR,9,0.1341019399,0.04024089112,0
715,367,10.07930393,POS,Electronics,UK,22,0.1002759845,0.2635234443,0
9665,350,10,ATM,Food,US,10,0.9985333474,0.9488385204,1
8481,707,134.4603435,ATM,Food,FR,20,0.2025544973,0.2225175159,0
5939,313,122.5719383,POS,Electronics,US,20,0.02382547953,0.1691444151,0
8482,601,151.2703363,QR,Electronics,US,16,0.008234699956,0.0604207726,0
9431,771,93.97765023,ATM,Grocery,DE,13,0.1844690937,0.130101763,0
3413,92,79.35389275,QR,Food,US,19,0.1541393027,0.2795782279,0
9579,264,10,Online,Clothing,FR,10,0.9234957055,0.8632750857,1
9697,568,1965.879575,QR,Clothing,UK,6,0.9890002562,0.7246616447,1
9719,941,1209.902244,Online,Grocery,TR,4,0.815839859,0.8839388436,1
694,108,144.7762769,POS,Electronics,US,23,0.03653988709,0.08433827215,0
4024,548,88.57173044,POS,Clothing,TR,14,0.1924932545,0.2924144569,0
2969,809,80.9364647,ATM,Grocery,FR,12,0.08489028024,0.07926507754,0
1830,714,112.3344385,Online,Grocery,FR,20,0.04470265908,0.2548422255,0
3782,274,74.89021041,ATM,Clothing,TR,21,0.2473279796,0.121850025,0
3594,502,50.62100024,QR,Clothing,FR,13,0.06269369207,0.216941425,0
7184,976,1,ATM,Clothing,US,16,0.235437026,0.09860326196,0
3289,187,109.8415699,POS,Grocery,US,12,0.1669402748,0.093664528,0
1476,379,124.0167523,POS,Food,UK,18,0.2299550024,0.2651911839,0
6424,97,86.30579434,ATM,Travel,UK,22,0.2628529296,0.2952109575,0
7928,117,211.5409136,POS,Food,TR,7,0.154592825,0.1791052144,0
7904,798,76.06187405,QR,Travel,UK,19,0.04477318176,0.1779935562,0
3081,282,182.3115476,POS,Grocery,DE,8,0.05675233831,0.2084713162,0
9776,46,2718.563597,Online,Electronics,FR,9,0.9617625346,0.7909175903,1
7482,384,156.734301,ATM,Electronics,UK,23,0.1597915574,0.2810626651,0
2274,71,133.0210468,POS,Food,FR,16,0.08892810298,0.01704815714,0
9560,167,807.0953828,ATM,Food,FR,4,0.7709913617,0.7110240644,1
1320,152,54.8072229,ATM,Food,TR,12,0.2062184486,0.008803217623,0
2805,737,11.77555152,Online,Travel,UK,13,0.03049370335,0.05753944289,0
1691,339,46.34723852,ATM,Clothing,US,22,0.2624142121,0.08396929756,0
5154,328,27.86821645,Online,Grocery,FR,23,0.1983572662,0.07233639684,0
6724,833,99.42954606,POS,Clothing,DE,23,0.1920174204,0.2077992426,0
3816,684,134.687596,ATM,Travel,US,9,0.2436663211,0.1877710356,0
508,301,106.9416041,ATM,Travel,US,18,0.2563805626,0.05550799926,0
3680,621,94.71409876,Online,Grocery,DE,16,0.1813048489,0.2671405615,0
5766,535,27.20425403,Online,Food,US,20,0.2350492118,0.2668937369,0
9049,130,72.08815332,QR,Travel,TR,11,0.08516830079,0.2955853019,0
6573,523,47.33633497,POS,Food,US,8,0.1885123411,0.1853553599,0
2134,450,198.6552434,POS,Electronics,UK,16,0.2643192917,0.2095533206,0
266,235,102.7521279,Online,Food,FR,12,0.0386393717,0.2309881758,0
3509,221,106.7866521,QR,Grocery,UK,14,0.1067044939,0.2765418688,0
7810,219,75.17100231,QR,Grocery,DE,9,0.2143449221,0.01423086755,0
7976,750,33.0366439,ATM,Travel,US,9,0.02376530617,0.2595800639,0
9844,535,6336.894416,ATM,Food,UK,4,0.7741604395,0.8910120865,1
189,888,71.03230836,Online,Electronics,TR,13,0.03542713169,0.09677969212,0
6525,625,82.83022626,POS,Electronics,UK,7,0.1412387772,0.0400738315,0
4896,270,49.72660039,QR,Electronics,DE,18,0.1750247424,0.1710925212,0
2365,608,99.64795457,Online,Travel,FR,11,0.008685281095,0.2617409876,0
1507,941,61.55291876,ATM,Electronics,DE,19,0.292395556,0.2704479505,0
5882,851,150.2779424,Online,Clothing,DE,20,0.1105369112,0.1428980648,0
4240,558,37.85333265,Online,Electronics,DE,8,0.2609942337,0.2354019984,0
452,300,219.5959966,ATM,Grocery,DE,20,0.05417585414,0.2944432602,0
731,366,106.07895,QR,Food,FR,23,0.2375320797,0.2535064608,0
6946,530,32.46686194,ATM,Clothing,DE,21,0.2724063036,0.2292201423,0
2967,801,201.2545542,Online,Electronics,DE,15,0.008108721369,0.1186902903,0
2875,519,127.8121094,POS,Clothing,FR,11,0.1962701181,0.05556753432,0
3957,863,119.9594358,Online,Clothing,US,17,0.04252305593,0.03254348262,0
6006,702,180.805087,POS,Clothing,US,23,0.2263747212,0.04468082653,0
517,427,75.4485151,POS,Electronics,US,12,0.2667804462,0.1689589522,0
978,400,100.5318134,Online,Grocery,UK,16,0.05141159698,0.1417745418,0
1991,918,33.81923008,Online,Clothing,TR,9,0.146977175,0.1085586369,0
545,356,159.129718,ATM,Electronics,UK,15,0.2135365867,0.01962232804,0
2735,650,95.93261365,ATM,Food,FR,21,0.1343876064,0.03647450288,0
3547,904,65.49295812,Online,Grocery,FR,6,0.2352730623,0.06051316205,0
7944,783,88.05990563,POS,Grocery,DE,16,0.2390453428,0.1891457648,0
2491,692,60.82074713,ATM,Grocery,UK,10,0.02056862816,0.2103794398,0
4113,272,115.3867634,ATM,Travel,UK,19,0.2672625419,0.1013278614,0
8507,158,99.45494015,POS,Travel,US,23,0.2641046596,0.1139570848,0
7792,902,145.2596284,ATM,Grocery,TR,13,0.2172504414,0.221510901,0
4033,571,77.45030334,POS,Food,FR,15,0.2711158763,0.03147265993,0
2699,422,13.22411948,QR,Grocery,US,7,0.1715576125,0.1132215976,0
3029,385,139.7249145,QR,Grocery,TR,16,0.05007953719,0.117908138,0
8575,681,18.40647084,QR,Travel,UK,11,0.1319924716,0.02563140416,0
6856,199,94.6546755,QR,Grocery,FR,23,0.2167512172,0.0845034189,0
2123,792,155.8067144,ATM,Food,FR,6,0.04232175036,0.02348308632,0
275,30,138.6157292,QR,Food,UK,16,0.2701524686,0.2240346439,0
639,403,81.47836993,Online,Food,UK,16,0.1162806638,0.1900887372,0
6660,802,73.20716367,QR,Food,UK,10,0.2798695852,0.1410188605,0
837,435,95.71959755,ATM,Travel,US,20,0.1207824292,0.2094438918,0
1607,400,14.24400227,ATM,Electronics,UK,16,0.05239445842,0.07505521901,0
550,310,115.7225411,Online,Clothing,UK,19,0.005016317299,0.0416475032,0
8497,152,128.5064973,ATM,Electronics,TR,16,0.2297425143,0.1243179174,0
2677,200,189.3377724,Online,Grocery,TR,8,0.2845373989,0.002543867523,0
6127,510,229.2895314,POS,Grocery,US,22,0.2430952992,0.251423625,0
4213,367,127.269474,ATM,Food,FR,18,0.06206626703,0.03047668379,0
9663,877,1274.018193,ATM,Clothing,FR,12,0.9242728185,0.9716739326,1
7283,594,142.6099757,ATM,Clothing,US,18,0.2430137039,0.2616544536,0
1184,736,114.9847778,POS,Food,DE,7,0.2116798799,0.2921925455,0
2914,837,1,Online,Food,TR,14,0.06915358837,0.02128222998,0
6228,729,88.9123991,ATM,Food,FR,22,0.1625567766,0.1232549565,0
3959,47,130.620008,QR,Travel,US,7,0.1687444279,0.2125185343,0
8419,792,118.0799517,ATM,Food,TR,7,0.2890751351,0.04216562769,0
4028,307,74.34078095,ATM,Clothing,TR,20,0.2982295696,0.03655714028,0
8850,574,95.70028422,QR,Grocery,US,12,0.1370257319,0.03894132561,0
8109,289,62.5864501,QR,Travel,TR,6,0.1356235338,0.08024832444,0
8968,742,11.8723907,POS,Food,TR,12,0.1690252268,0.2016443432,0
6849,467,120.6054603,POS,Food,US,8,0.2161228557,0.2858238369,0
5117,4,89.93922611,QR,Grocery,US,21,0.2031920165,0.138487721,0
1257,334,127.8154506,POS,Electronics,FR,6,0.2873082476,0.04488500335,0
3633,347,65.37094113,Online,Electronics,US,6,0.2578639523,0.1170756395,0
7447,777,75.19416109,Online,Grocery,TR,23,0.078776921,0.2293819354,0
7980,605,122.2058213,Online,Grocery,UK,9,0.2519570252,0.2916716307,0
2653,462,136.0717954,POS,Clothing,DE,21,0.1533970399,0.1504889039,0
6687,574,1,QR,Clothing,FR,16,0.1466437787,0.2556313088,0
5975,96,95.82187234,ATM,Electronics,DE,17,0.1800195234,0.03145222908,0
324,557,1,Online,Clothing,FR,14,0.225677023,0.07692939396,0
9041,312,188.2704607,ATM,Grocery,US,6,0.1699532584,0.03547738638,0
1180,479,105.9155574,Online,Food,US,22,0.25730937,0.1695316213,0
9053,831,133.2058427,POS,Food,FR,15,0.1930905826,0.2203989729,0
7992,176,1,Online,Clothing,FR,20,0.1509768249,0.1100113601,0
481,4,95.18266843,ATM,Travel,TR,13,0.07545325609,0.2228391644,0
6844,686,98.39097174,QR,Travel,FR,12,0.1796312306,0.290458422,0
785,419,99.60093978,QR,Food,UK,17,0.05205607978,0.2821092737,0
2231,780,117.4612781,POS,Clothing,TR,7,0.05005381132,0.04350910462,0
9876,853,1345.605309,Online,Travel,DE,2,0.9904613425,0.8758570285,1
4520,451,175.6620541,Online,Food,FR,6,0.2361171053,0.1720290737,0
9375,561,106.6992112,Online,Grocery,US,18,0.2001199504,0.2074632714,0
8698,306,101.4030403,ATM,Food,UK,10,0.1780455413,0.1196283413,0
9271,73,3.884290626,ATM,Food,TR,10,0.2408206018,0.1529687371,0
9340,576,160.5387761,QR,Grocery,DE,20,0.2233518575,0.2913872133,0
1493,629,153.6260357,QR,Electronics,UK,16,0.04397613895,0.2738684763,0
6662,130,91.3774619,QR,Clothing,DE,15,0.02218374084,0.01371620804,0
9645,173,2606.473355,ATM,Grocery,US,3,0.9004674179,0.9261349397,1
2773,713,63.69713517,QR,Grocery,UK,11,0.1886329269,0.2410992245,0
6538,487,85.18348587,ATM,Grocery,TR,9,0.1581692953,0.08603976743,0
7010,25,153.9542886,ATM,Clothing,US,20,0.2508742297,0.1247011643,0
2649,127,96.19363885,ATM,Clothing,TR,12,0.2999388198,0.269890124,0
1980,782,109.6882289,Online,Food,TR,13,0.1963535437,0.1959110842,0
2283,882,161.2194643,POS,Clothing,US,21,0.006939629826,0.06753629523,0
6906,226,160.4543856,QR,Grocery,DE,17,0.1082723764,0.04885722383,0
4837,303,70.4890131,QR,Electronics,UK,20,0.1898162454,0.2410192079,0
2514,601,139.3965626,Online,Travel,DE,12,0.1366396833,0.1636061946,0
3929,737,43.39385848,Online,Electronics,DE,16,0.1306294394,0.02532411334,0
7472,445,117.8162915,ATM,Food,UK,21,0.05067713011,0.01996988369,0
8730,701,84.95736255,ATM,Food,US,12,0.1568491415,0.009123318141,0
1888,89,89.8949203,QR,Clothing,TR,17,0.2729387584,0.2701057918,0
773,316,177.5315297,POS,Electronics,TR,11,0.2863148463,0.1245008521,0
8443,431,129.9635835,Online,Clothing,UK,13,0.03444296615,0.07258275605,0
3216,723,162.5329321,POS,Grocery,US,11,0.119319672,0.03019400237,0
9517,174,2675.1716,ATM,Clothing,NG,8,0.7156866205,0.8090615408,1
272,740,61.71273406,POS,Clothing,US,19,0.2197310686,0.2995877122,0
6170,825,22.32789076,POS,Travel,UK,21,0.0436362484,0.2504573127,0
360,103,109.7453603,ATM,Clothing,US,17,0.1859421679,0.1840643643,0
5905,478,12.7279685,POS,Travel,FR,6,0.2944376497,0.2448994412,0
312,226,27.91774267,Online,Clothing,FR,20,0.10451609,0.2610715357,0
6401,319,133.2824995,Online,Electronics,FR,7,0.03202089277,0.1483207514,0
6710,827,100.9822228,Online,Travel,US,23,0.03624262374,0.2395094713,0
8814,51,73.21759637,POS,Clothing,UK,17,0.237721787,0.2459025325,0
1087,777,4.597602972,POS,Clothing,US,23,0.1268819724,0.1380419383,0
9678,645,22.16842906,POS,Electronics,UK,9,0.7713112897,0.9419040911,1
2049,734,27.75513385,POS,Food,FR,20,0.1518093848,0.2063639162,0
6736,303,120.6673144,Online,Food,FR,17,0.09372275909,0.2535704927,0
2685,370,68.45003221,QR,Travel,TR,8,0.0921574603,0.1332532341,0
1449,281,151.8730552,ATM,Travel,FR,7,0.1232912403,0.2343590341,0
7248,62,165.7720109,Online,Clothing,TR,6,0.1986009238,0.180225591,0
6520,555,138.6374169,POS,Food,US,19,0.0862052672,0.2048398836,0
5317,169,2.37834459,QR,Food,US,8,0.2742455769,0.2123421891,0
4519,813,102.1895824,QR,Food,UK,16,0.1913188434,0.158346871,0
4177,615,121.6289661,POS,Grocery,TR,7,0.2130298237,0.09220409329,0
2922,964,140.5997788,POS,Food,DE,15,0.272151732,0.08209569985,0
6759,638,162.4700715,Online,Food,TR,13,0.1306271261,0.1720049775,0
9009,91,119.615911,QR,Electronics,UK,20,0.1543376936,0.2158384802,0
3655,135,82.26100563,POS,Grocery,DE,22,0.1272227408,0.2426694071,0
584,186,174.1149743,ATM,Electronics,DE,20,0.03382155218,0.01721910724,0
9480,448,136.2549864,ATM,Travel,FR,8,0.1927873142,0.03422787668,0
5290,973,120.5862554,Online,Electronics,TR,11,0.2516080897,0.1485648508,0
3496,941,128.6395681,POS,Clothing,DE,15,0.08015640711,0.1523532112,0
4379,294,144.5209293,POS,Travel,FR,15,0.03868821318,0.1819537964,0
7131,210,151.8303207,ATM,Food,UK,8,0.04829528744,0.2190186181,0
114,912,137.312427,ATM,Clothing,FR,23,0.1806754942,0.2967347914,0
3986,888,178.1996077,Online,Grocery,TR,11,0.1574516949,0.05167689447,0
4341,960,157.0484747,QR,Electronics,TR,12,0.2344137285,0.2831041531,0
5476,824,127.3718886,ATM,Grocery,UK,12,0.2970682808,0.09856458921,0
4679,835,80.29377647,ATM,Food,DE,19,0.1013625038,0.1174516348,0
8331,975,63.85993815,ATM,Food,DE,14,0.2179452037,0.2253910141,0
6429,926,53.01573419,ATM,Food,TR,15,0.07384032058,6.67E-05,0
1271,134,186.4644838,QR,Clothing,TR,12,0.2193044777,0.1652322661,0
8508,537,85.71957413,POS,Food,DE,12,0.1118884948,0.1844781392,0
500,389,99.73622014,QR,Grocery,US,21,0.2496675129,0.2895176143,0
31,646,165.4568321,QR,Food,FR,6,0.1477645388,0.2749746422,0
799,946,135.2586661,ATM,Clothing,US,11,0.09570123498,0.1012748161,0
5001,700,98.58711234,POS,Food,DE,6,0.1299209595,0.2458476263,0
5275,609,85.15725531,Online,Clothing,DE,13,0.0941993193,0.2178554549,0
8483,622,21.52637735,POS,Food,UK,16,0.03785858365,0.05370467739,0
4188,122,143.3676689,ATM,Travel,US,11,0.1535520395,0.244927179,0
6049,655,53.7272376,Online,Grocery,FR,19,0.04304735655,0.1556234221,0
404,728,109.6504095,QR,Electronics,US,6,0.1154369028,0.2886928584,0
9787,230,1101.988357,ATM,Electronics,UK,10,0.8482345591,0.7284225627,1
8260,764,126.592701,Online,Travel,DE,10,0.02812942706,0.04112725919,0
2270,236,93.64815486,Online,Travel,UK,17,0.2479836769,0.2657618838,0
7172,769,127.6827765,QR,Electronics,TR,10,0.2451732998,0.1044024303,0
8680,449,89.06705714,POS,Clothing,FR,6,0.2802921207,0.1923128725,0
4245,487,89.61873716,POS,Food,TR,16,0.2344260309,0.1222102519,0
4753,48,69.57699593,Online,Travel,DE,13,0.1695056486,0.03104124746,0
3074,719,160.4573143,ATM,Travel,FR,11,0.1526344788,0.148999638,0
5902,804,13.32148858,ATM,Food,US,20,0.04145847821,0.2215345866,0
9245,717,1.454445567,QR,Electronics,TR,23,0.02771605997,0.220482862,0
5650,37,68.30166872,ATM,Food,UK,13,0.2607838891,0.1439732189,0
329,769,210.4591983,ATM,Travel,DE,16,0.2433136817,0.01146696345,0
9055,179,182.0376129,QR,Food,US,21,0.1475142959,0.2931028709,0
4086,14,187.3393693,QR,Grocery,TR,17,0.2109698167,0.07523644938,0
8096,513,206.0416498,QR,Travel,DE,21,0.2969442883,0.2107331622,0
4351,682,129.905089,POS,Electronics,UK,11,0.1093433876,0.1503071442,0
989,32,127.6500836,QR,Travel,FR,19,0.1300495419,0.06886420067,0
3974,515,78.8935418,POS,Grocery,FR,23,0.1318510633,0.1352007395,0
1182,46,105.5799858,POS,Travel,US,21,0.02862270189,0.2511981403,0
5055,476,105.3238152,QR,Clothing,FR,13,0.1967736668,0.1863527378,0
590,85,67.4096311,ATM,Travel,FR,6,0.2434307334,0.07701163183,0
1806,210,37.82074611,QR,Grocery,UK,21,0.2770499282,0.2172848991,0
4860,191,54.60655958,QR,Grocery,TR,7,0.1593071187,0.2153169432,0
8167,137,91.24217728,POS,Grocery,UK,16,0.004984621095,0.04758859553,0
5255,376,71.37912071,Online,Food,DE,9,0.1550920485,0.1944869939,0
6910,662,57.19515017,POS,Clothing,DE,6,0.1071964464,0.2363355648,0
6633,98,74.25880518,ATM,Travel,UK,7,0.2482824851,0.06063501025,0
6978,20,60.96558614,ATM,Clothing,FR,18,0.2851734018,0.05549468178,0
185,936,157.1659912,POS,Travel,UK,19,0.2602980292,0.2071131271,0
5305,745,106.864439,POS,Food,FR,22,0.1312596608,0.1805564838,0
8313,348,153.7424361,POS,Food,FR,19,0.1220047676,0.07766491577,0
4586,545,41.16674213,QR,Electronics,UK,11,0.215511612,0.1499735801,0
459,67,145.5513654,Online,Grocery,DE,8,0.1472508222,0.1296282096,0
7632,937,148.8967604,POS,Clothing,DE,10,0.2705286124,0.1802633171,0
8090,910,106.6816597,POS,Clothing,US,22,0.2352738513,0.2194024718,0
2634,871,116.8806296,Online,Electronics,US,14,0.2785043944,0.2144226262,0
3011,3,21.75118142,POS,Travel,TR,16,0.009696230276,0.05030138648,0
5688,134,73.21564409,ATM,Food,TR,23,0.2936387973,0.2623746366,0
2161,348,63.35495958,Online,Grocery,DE,20,0.1533982927,0.1822900478,0
2640,362,30.12576936,POS,Travel,UK,14,0.08217946549,0.1118693122,0
6270,546,50.13113146,ATM,Food,DE,22,0.2352385267,0.2325253488,0
5456,677,113.3498048,ATM,Food,TR,14,0.2360751586,0.09726802571,0
4522,589,60.46166434,QR,Travel,DE,15,0.07300212477,0.1652443524,0
7292,700,161.1552647,Online,Electronics,UK,15,0.2284687959,0.006816025867,0
5466,445,65.4980357,Online,Electronics,DE,6,0.2600727081,0.04509176092,0
4465,397,183.9818617,POS,Electronics,TR,20,0.1831054614,0.05084956916,0
6040,229,38.70891157,ATM,Food,DE,17,0.2763434926,0.294517912,0
7735,227,35.0995757,POS,Grocery,DE,10,0.02640965092,0.2741011053,0
4768,188,26.13253956,Online,Electronics,DE,22,0.1648416352,0.03973926148,0
4707,13,42.28220525,QR,Clothing,US,7,0.04077601309,0.1034460446,0
4439,830,161.667109,POS,Grocery,UK,20,0.2964496901,0.2341620976,0
5439,880,81.96167934,POS,Electronics,FR,9,0.1410244912,0.1595495469,0
8550,942,162.4295568,Online,Grocery,TR,18,0.09865761822,0.1146580917,0
4354,160,1,ATM,Electronics,DE,23,0.2694597675,0.2836785749,0
2728,5,102.3120913,Online,Travel,US,15,0.07100177454,0.2889281267,0
4106,583,65.36055061,QR,Food,UK,13,0.2887694337,0.1166754008,0
8445,908,152.872657,Online,Food,UK,8,0.2424487961,0.159026244,0
5453,819,153.4458009,Online,Grocery,US,9,0.2634048145,0.2125585949,0
8429,861,59.3278972,Online,Clothing,US,15,0.2787253145,0.2319753519,0
5095,600,132.0085355,ATM,Travel,DE,19,0.1662149602,0.2593968812,0
1161,922,100.8984754,POS,Electronics,UK,15,0.2879565046,0.2038334796,0
4785,147,62.90455002,POS,Clothing,US,14,0.2036552791,0.03776854868,0
3991,787,42.89426315,ATM,Clothing,DE,22,0.1400955716,0.2197481132,0
2024,641,94.12007737,ATM,Travel,TR,14,0.1462351669,0.02971151218,0
3304,751,146.9853746,ATM,Grocery,TR,19,0.1631428336,0.1702187524,0
6932,465,33.90864441,POS,Travel,UK,12,0.2254936347,0.1950000255,0
1422,18,35.760192,QR,Travel,US,23,0.1039866321,0.03711825821,0
8648,722,138.7572275,QR,Grocery,TR,7,0.2889904431,0.2886458983,0
9292,798,140.2184265,QR,Electronics,DE,13,0.04868958498,0.155262531,0
5258,398,11.41350174,POS,Grocery,UK,7,0.1771261513,0.2851743729,0
2907,63,1,QR,Clothing,UK,9,0.2465253827,0.03187923797,0
8044,715,150.7523472,Online,Clothing,UK,20,0.1779535101,0.2323390229,0
7773,294,168.6184915,Online,Grocery,US,22,0.02193726931,0.09892029509,0
7373,154,115.6681576,POS,Travel,UK,10,0.08916251853,0.1408093469,0
1825,169,23.06013114,POS,Grocery,US,15,0.1716632694,0.04588664217,0
4050,787,155.013759,ATM,Electronics,DE,15,0.2954478669,0.2530419143,0
5059,231,119.0327711,Online,Food,DE,10,0.05658339858,0.2848979603,0
9965,870,1136.617389,POS,Grocery,TR,4,0.9291051612,0.7870056509,1
7675,698,134.1318441,QR,Electronics,US,12,0.2029841477,0.2051773154,0
8533,111,120.711721,Online,Grocery,TR,6,0.1227224934,0.1765026494,0
6686,603,134.2328771,ATM,Clothing,UK,10,0.05187718724,0.06504395759,0
9922,830,4359.5003,POS,Food,UK,5,0.8551924278,0.888820423,1
739,988,97.03659887,POS,Electronics,FR,6,0.1859039221,0.1268111791,0
6463,444,130.6353143,Online,Food,DE,18,0.2556073419,0.04152309844,0
9128,579,184.9916507,Online,Food,FR,13,0.07721135156,0.121241111,0
1961,349,186.9198597,ATM,Electronics,DE,12,0.2238108696,0.2097212364,0
2703,381,63.464161,POS,Clothing,TR,15,0.2145440546,0.1063561127,0
7050,319,20.16741699,QR,Grocery,US,11,0.2203802456,0.2946445226,0
5029,17,108.3390969,Online,Food,FR,12,0.2653946092,0.2406995854,0
5787,845,1,POS,Travel,UK,22,0.1340907433,0.07654936229,0
5490,485,166.5028299,Online,Travel,US,18,0.1556665356,0.1731853614,0
3508,267,90.08626416,POS,Clothing,UK,7,0.2836602634,0.2051843232,0
2925,29,205.1022378,ATM,Travel,TR,17,0.05749831526,0.09345254387,0
3505,202,141.3856587,QR,Food,FR,10,0.245892034,0.09665839143,0
4355,283,99.80688606,ATM,Travel,FR,21,0.2580088284,0.02159262531,0
4156,327,69.81563641,POS,Clothing,FR,20,0.04366916815,0.214365973,0
5665,3,82.87051929,POS,Electronics,DE,23,0.1137479654,0.1577420542,0
9278,729,15.53795385,ATM,Travel,US,6,0.2190469448,0.257871423,0
1958,784,176.9508688,ATM,Clothing,TR,6,0.02493981341,0.0795105248,0
3925,490,62.35473023,POS,Clothing,FR,11,0.1990050163,0.09870091237,0
1815,190,52.27714937,Online,Electronics,TR,18,0.2296810996,0.02638441911,0
6558,412,1,QR,Travel,UK,12,0.04592286458,0.07587738913,0
7993,340,59.35387588,Online,Food,US,22,0.1108719048,0.05827383631,0
4021,375,106.7842727,QR,Travel,FR,19,0.2408313579,0.06206116711,0
5035,971,48.77575005,QR,Electronics,UK,23,0.030839298,0.2796101877,0
5021,69,82.72286293,ATM,Travel,TR,23,0.07037375299,0.0810703665,0
3685,305,102.1006615,Online,Travel,UK,18,0.129784009,0.05705856674,0
7220,745,52.72656459,QR,Electronics,TR,8,0.04959063763,0.1909405798,0
4567,68,143.2779383,ATM,Grocery,UK,19,0.1276794883,0.1237223615,0
2096,226,114.9618231,Online,Clothing,TR,6,0.2851647211,0.1957321769,0
9542,166,3213.899525,Online,Grocery,DE,0,0.7647256314,0.8041812341,1
6482,682,4.648805697,Online,Clothing,FR,10,0.2121245864,0.1112007843,0
3086,473,118.9106081,QR,Electronics,US,10,0.1788732891,0.07030695431,0
7450,114,128.3796682,POS,Food,DE,19,0.07923708855,0.07779425353,0
9648,144,1126.51629,Online,Clothing,UK,18,0.8527432978,0.9661436627,1
1445,924,96.18346,ATM,Food,TR,19,0.01415919064,0.2654183249,0
652,115,85.78549447,QR,Grocery,FR,7,0.1409882264,0.1466801676,0
9498,1,53.98047861,QR,Food,TR,6,0.1036517693,0.02519540519,0
4320,712,116.3344733,POS,Travel,FR,22,0.2727349959,0.172941564,0
253,100,45.32338568,Online,Clothing,FR,15,0.2497973972,0.186828741,0
7180,155,147.2108188,POS,Travel,DE,14,0.135879598,0.06255679829,0
4255,545,127.0388759,QR,Electronics,US,20,0.03502636363,0.04430294158,0
2825,53,142.1985512,Online,Food,UK,15,0.1357448232,0.2275632629,0
1346,629,105.0613864,QR,Food,TR,18,0.08912273266,0.08798305914,0
5629,145,214.8169658,POS,Travel,DE,16,0.1948543757,0.05934011144,0
7733,314,117.330317,Online,Electronics,UK,11,0.02984838201,0.1427474455,0
5034,351,53.30290463,Online,Travel,US,7,0.1007467101,0.1898564462,0
4988,305,158.1095526,ATM,Travel,TR,7,0.06859094505,0.2597181992,0
1697,391,25.3284632,QR,Travel,UK,23,0.1629598978,0.09096500976,0
7954,352,148.4088076,ATM,Food,UK,20,0.183591379,0.2388556116,0
1604,901,149.1961769,ATM,Clothing,DE,20,0.01911139212,0.2924509672,0
9289,204,179.0009381,QR,Clothing,FR,10,0.04372901782,0.267523077,0
8937,780,116.0757973,Online,Food,FR,9,0.142605019,0.06311313267,0
7414,674,87.995634,Online,Grocery,US,14,0.2980001738,0.1932602354,0
6290,180,168.3404733,Online,Travel,UK,8,0.06213541376,0.04675478293,0
1140,175,87.48819172,QR,Travel,TR,8,0.2685863909,0.08257673295,0
9934,833,166.4576198,Online,Clothing,NG,13,0.8780727509,0.9649353473,1
2045,342,60.35681975,POS,Travel,FR,13,0.1323360483,0.01015025309,0
8718,745,30.66120687,POS,Grocery,UK,9,0.1055157056,0.2367203172,0
3977,520,48.02483157,QR,Food,UK,19,0.168319663,0.1197850889,0
2722,889,77.08059616,QR,Clothing,DE,20,0.1974593436,0.1437006764,0
8720,63,71.80417652,POS,Grocery,UK,8,0.2594367811,0.2141650197,0
5690,350,74.45711622,ATM,Food,DE,13,0.03193481135,0.04313100434,0
1531,81,61.34045158,POS,Clothing,US,17,0.2424069998,0.1911915134,0
2602,389,122.3965337,Online,Food,TR,21,0.2184220118,0.02528589521,0
7718,127,141.6651527,Online,Electronics,FR,10,0.1425826775,0.1907518752,0
5903,477,1,ATM,Electronics,TR,21,0.199974517,0.2084158754,0
6552,26,71.84929025,ATM,Grocery,DE,13,0.2908140644,0.1303262071,0
5956,223,101.9799409,POS,Food,US,6,0.157119576,0.2302723756,0
915,727,21.97509211,Online,Clothing,US,19,0.1637086266,0.1221327974,0
1744,479,110.4191156,ATM,Food,UK,9,0.06161874584,0.2424755311,0
2358,695,163.1642251,ATM,Food,TR,7,0.07035318312,0.05830456255,0
4300,502,108.5631763,QR,Travel,UK,21,0.09696565641,0.183320946,0
7076,612,98.3611649,ATM,Clothing,UK,9,0.1201483722,0.2940681994,0
9031,601,168.4325393,ATM,Clothing,TR,6,0.06009890965,0.1929639864,0
9250,791,97.94760741,QR,Grocery,FR,13,0.0171483485,0.1763180545,0
7704,317,3.569313481,Online,Electronics,FR,21,0.1294428441,0.1494726749,0
9329,356,104.2840556,ATM,Food,FR,8,0.173002077,0.1628022908,0
438,539,80.6375317,POS,Grocery,FR,13,0.05625505204,0.2834750676,0
9279,239,56.53158749,QR,Grocery,DE,20,0.2362570965,0.2183053093,0
9956,589,11085.08151,ATM,Food,DE,7,0.8678634213,0.8040015291,1
2289,480,54.467874,Online,Grocery,TR,11,0.02537758931,0.1468853017,0
1882,531,189.886692,QR,Food,UK,22,0.2881003212,0.07335566,0
400,330,123.3377602,POS,Grocery,UK,19,0.1896385003,0.2930889583,0
7162,225,196.0435575,ATM,Clothing,FR,15,0.2518796985,0.01968531834,0
7525,291,1,Online,Electronics,US,21,0.09655221635,0.2684385426,0
1554,571,35.27533226,ATM,Food,TR,12,0.1411333161,0.225679189,0
7831,358,121.1283582,POS,Clothing,UK,15,0.2834746529,0.2468221191,0
8892,399,160.3042944,ATM,Food,UK,15,0.01806282848,0.05050620946,0
1893,804,145.126648,QR,Grocery,FR,14,0.1371967679,0.02988516383,0
8453,113,121.2686553,ATM,Food,TR,10,0.05747629292,0.2740786231,0
4572,608,147.6517683,QR,Clothing,FR,8,0.1903780765,0.1028028643,0
5897,998,180.4444047,POS,Food,DE,19,0.004224996235,0.0810159635,0
3743,147,21.77730067,Online,Clothing,UK,8,0.1156205604,0.0370195956,0
220,924,64.27519543,ATM,Food,TR,8,0.2190492008,0.03793384369,0
8440,0,133.8501199,QR,Food,TR,12,0.009755841936,0.02549986317,0
6543,718,40.12014311,ATM,Electronics,DE,7,0.220532784,0.0522548413,0
4713,403,98.71404639,POS,Clothing,UK,6,0.1049254461,0.07894818746,0
2222,285,159.9138018,POS,Travel,DE,6,0.2663279893,0.2640960343,0
4749,695,144.2863177,POS,Travel,DE,17,0.1048255691,0.183165275,0
4149,687,79.64015911,Online,Food,UK,7,0.1445600302,0.04909597835,0
6384,156,34.83451582,QR,Electronics,UK,19,0.05051319751,0.2021957781,0
9831,352,10,Online,Electronics,TR,4,0.8644276199,0.8443785817,1
2664,857,51.44965883,ATM,Clothing,DE,12,0.2733728521,0.1961460393,0
4022,652,121.5172419,ATM,Electronics,TR,11,0.2930812466,0.009504107681,0
3880,100,93.92629907,ATM,Grocery,US,17,0.05088972537,0.07792226757,0
576,351,56.05264984,POS,Clothing,UK,7,0.0248745832,0.06711871077,0
5239,589,85.18006742,POS,Food,UK,23,0.04578635954,0.1926158442,0
6534,878,91.00456846,POS,Electronics,TR,13,0.1041943958,0.2098151646,0
1538,220,103.2968797,ATM,Grocery,DE,21,0.086859838,0.184325911,0
301,939,119.2734888,ATM,Grocery,DE,8,0.2466493091,0.1493094254,0
2792,717,157.3183038,POS,Travel,FR,21,0.1095994145,0.1771481962,0
5106,309,104.5772822,POS,Grocery,DE,20,0.248490013,0.149605662,0
9944,522,906.8575422,QR,Travel,TR,16,0.9985894057,0.9676418761,1
2627,915,50.08534708,ATM,Travel,DE,13,0.2013259598,0.1492882105,0
4119,521,174.3689904,Online,Electronics,US,9,0.2142690347,0.2640308077,0
5994,446,83.93144491,ATM,Travel,US,20,0.1955544969,0.2357932201,0
7185,415,116.1280248,QR,Food,TR,17,0.1865054229,0.03959235804,0
3903,502,89.97826867,POS,Electronics,DE,15,0.09164149654,0.2717450467,0
6307,811,115.5043454,Online,Travel,DE,19,0.2809547432,0.1033533227,0
6064,437,1,POS,Clothing,FR,6,0.1231348736,0.1453523898,0
9923,895,10,ATM,Food,NG,1,0.9213129433,0.9102930103,1
8417,53,103.9938027,ATM,Electronics,DE,13,0.1897810305,0.05552097326,0
6770,301,72.29320269,Online,Food,US,7,0.03683041934,0.1139181214,0
8841,364,119.5553622,Online,Grocery,FR,10,0.2005322254,0.2103833813,0
4171,707,117.3523229,Online,Grocery,UK,9,0.08652322148,0.003214311388,0
737,163,83.07821076,POS,Grocery,US,22,0.1410750279,0.07613044864,0
5361,959,125.1105023,POS,Food,DE,14,0.1535386173,0.05355096597,0
9365,572,159.4580006,Online,Travel,DE,10,0.07247914003,0.04270835951,0
2757,778,100.6807807,Online,Clothing,US,14,0.2827902274,0.232051871,0
6435,637,79.19802303,ATM,Electronics,UK,15,0.1011024691,0.2551850598,0
1167,42,70.32896949,ATM,Electronics,US,14,0.1776196743,0.1073234668,0
3852,465,98.87010835,Online,Electronics,US,8,0.1688725404,0.09554123779,0
2465,302,68.4589503,POS,Travel,DE,7,0.2965128504,0.163676078,0
4814,555,119.2183858,QR,Travel,FR,12,0.2979899629,0.06078814712,0
2788,367,156.1415723,POS,Travel,UK,17,0.08685062692,0.04951891352,0
4940,105,109.8774314,QR,Grocery,TR,6,0.02200296652,0.1431172956,0
3968,599,100.1752416,ATM,Travel,DE,22,0.03340822769,0.2737758812,0
279,328,112.2702031,QR,Travel,UK,11,0.2290571448,0.07636296964,0
7240,99,133.7759368,ATM,Electronics,TR,21,0.2151192682,0.0622012962,0
4811,560,156.0569173,QR,Grocery,TR,10,0.1444022653,0.2430049319,0
3874,111,33.97659345,QR,Travel,FR,13,0.03963371992,0.1583534592,0
4807,513,21.55593535,Online,Electronics,US,19,0.124413775,0.09947393737,0
5874,892,21.49089501,POS,Grocery,US,23,0.0330787955,0.1486765277,0
8116,572,53.77200859,QR,Travel,US,11,0.1894852195,0.1290683152,0
3520,857,114.7712064,QR,Grocery,FR,10,0.08227526299,0.01035393798,0
8386,795,73.39192433,POS,Electronics,US,23,0.1370473408,0.1997593986,0
2209,934,1,ATM,Clothing,US,11,0.1415768865,0.0190764223,0
6260,275,200.4334504,Online,Electronics,UK,8,0.04321332374,0.1464933424,0
6853,103,17.43730785,POS,Travel,FR,21,0.1036381187,0.05587853526,0
2724,456,22.31764783,Online,Food,US,11,0.1026525128,0.2226289594,0
8618,46,62.83203692,ATM,Food,TR,17,0.1248573234,0.1341563971,0
5418,324,27.65116422,POS,Electronics,US,11,0.07778675039,0.1135838607,0
5684,462,201.1243453,QR,Electronics,TR,18,0.1572870536,0.07531363858,0
9732,660,2416.753014,QR,Travel,TR,14,0.8377775157,0.9604952626,1
3840,490,16.59924282,POS,Food,DE,11,0.07639629411,0.1089531916,0
8248,362,39.8292965,QR,Grocery,DE,14,0.1007098389,0.03658708948,0
3487,558,68.32781826,QR,Electronics,DE,22,0.06576927255,0.1401126214,0
1749,858,23.71910359,Online,Food,DE,23,0.003675822396,0.08522865096,0
6696,719,81.29336593,Online,Grocery,UK,20,0.2870029181,0.1495416082,0
7346,935,110.3104604,Online,Travel,FR,16,0.07021988474,0.09334154292,0
5784,460,125.4325272,QR,Food,DE,18,0.2082760401,0.2906488694,0
3488,762,236.1558994,QR,Electronics,FR,8,0.2017828665,0.2002422558,0
9833,826,10,QR,Travel,DE,1,0.9758318869,0.9946800664,1
1110,946,119.6115338,POS,Grocery,DE,19,0.1740865453,0.1125456238,0
1102,594,113.7992246,Online,Clothing,DE,23,0.07489030205,0.2798264018,0
586,599,92.38510108,ATM,Travel,US,18,0.1569610459,0.2048611854,0
3175,336,56.3850089,ATM,Grocery,US,14,0.2597579191,0.03315534933,0
5414,579,110.9941815,ATM,Food,FR,22,0.0627224336,0.2131753905,0
7617,549,153.3689921,POS,Food,US,22,0.03744887531,0.1383061116,0
6475,580,198.4122228,Online,Travel,US,15,0.07763127713,0.1634634293,0
6032,688,120.7137609,Online,Food,FR,7,0.1809319578,0.08178010491,0
679,748,130.1740505,ATM,Travel,UK,21,0.04526980448,0.09040669574,0
8041,301,248.1106932,ATM,Clothing,TR,18,0.02054076538,0.0271413723,0
3860,49,137.3570616,QR,Food,UK,20,0.1345578309,0.04210265476,0
5964,181,82.05619576,Online,Food,FR,19,0.2845005596,0.2582278432,0
6350,390,23.1605243,Online,Electronics,US,20,0.2261833183,0.1903641974,0
5376,468,171.8584928,ATM,Travel,FR,15,0.01677461393,0.1451745607,0
2915,830,141.1216156,Online,Electronics,FR,21,0.2032930978,0.163024313,0
2789,494,180.6517869,ATM,Grocery,DE,22,0.1634918132,0.004361584243,0
6597,143,88.94038927,POS,Food,FR,16,0.2104399505,0.2142466801,0
1323,813,162.3692646,QR,Electronics,DE,14,0.2549874555,0.2704296479,0
4294,127,134.6232171,POS,Food,TR,13,0.2730826221,0.2876077167,0
1048,386,74.31943489,QR,Electronics,DE,19,0.09871063259,0.1798416419,0
9282,264,147.4432623,ATM,Electronics,DE,15,0.08692299723,0.2471146587,0
3534,765,85.33300677,QR,Electronics,US,20,0.1061302254,0.2592595066,0
3072,420,46.61791183,POS,Clothing,FR,7,0.27385547,0.1457285253,0
9662,789,22.16842906,Online,Clothing,NG,20,0.8293511832,0.9043057157,1
5738,73,51.86125744,Online,Food,DE,14,0.2998161159,0.2289158595,0
865,508,104.0674442,QR,Grocery,UK,6,0.1289796032,0.2509257497,0
6795,376,1,QR,Grocery,US,8,0.234424461,0.03823136522,0
4888,191,76.1105298,POS,Electronics,UK,16,0.1151228963,0.2232229282,0
9576,876,10,POS,Travel,UK,5,0.8713681046,0.8113551702,1
1172,211,62.29787542,QR,Travel,DE,13,0.1982569878,0.09964139454,0
1939,233,194.2000569,QR,Travel,UK,22,0.28342679,0.01466177607,0
3870,798,80.29282003,Online,Travel,US,17,0.1708156233,0.2923192853,0
6418,864,122.7462364,POS,Food,DE,16,0.1819572004,0.06790843832,0
8234,191,91.81770806,QR,Clothing,FR,22,0.06783988123,0.1023171726,0
643,610,82.84687283,ATM,Travel,DE,6,0.0921005103,0.00647602631,0
3368,888,62.89579525,Online,Travel,UK,12,0.2948793223,0.1935998323,0
8232,124,98.92369272,POS,Electronics,UK,9,0.2027985825,0.08424693081,0
9147,600,43.35615661,Online,Travel,TR,15,0.219870992,0.09455179138,0
4963,1,88.60634355,ATM,Electronics,UK,23,0.1962971242,0.2688163767,0
4410,796,86.98962493,ATM,Electronics,US,22,0.2870121538,0.1885635931,0
7427,747,45.68541715,POS,Grocery,US,11,0.1935907409,0.001213171081,0
5866,920,89.59036336,QR,Food,UK,11,0.1892613026,0.07269857408,0
8062,712,126.2258717,POS,Food,DE,7,0.03592503516,0.1008006336,0
8171,430,45.96702852,ATM,Travel,TR,19,0.2744648252,0.1673883963,0
8549,137,59.15519559,POS,Grocery,FR,18,0.1555994378,0.2880466483,0
8752,519,1,ATM,Clothing,UK,23,0.2379989685,0.1598794147,0
5663,731,126.2433789,ATM,Electronics,UK,6,0.1579561039,0.09557752984,0
7789,535,171.1795476,QR,Electronics,TR,21,0.1205196659,0.110922948,0
6004,595,70.06759309,POS,Clothing,US,8,0.2545984832,0.06422638563,0
4427,933,196.8138556,Online,Travel,FR,18,0.1791230154,0.220839472,0
6953,595,49.65264752,Online,Clothing,US,20,0.2891424231,0.05271469296,0
418,411,57.36189174,QR,Grocery,TR,23,0.07133358966,0.2797201975,0
4918,651,203.0344467,POS,Food,FR,8,0.250137249,0.2894672054,0
7546,356,107.7573509,ATM,Travel,FR,8,0.2470433284,0.1351307607,0
2978,158,41.624044,POS,Electronics,FR,19,0.2162955022,0.2537240624,0
700,551,77.54462656,POS,Grocery,FR,23,0.03072650095,0.03516170298,0
8831,195,80.03828904,POS,Clothing,DE,13,0.01569464657,0.2534681978,0
1727,913,157.126178,Online,Travel,US,15,0.08904498928,0.2612337043,0
3817,557,134.9907862,QR,Grocery,DE,14,0.04906019282,0.02659418486,0
4093,944,79.55633158,ATM,Clothing,US,23,0.04109946886,0.04210905178,0
1164,247,138.5011244,POS,Food,US,20,0.05731072245,0.2977269737,0
748,180,136.4409319,POS,Electronics,US,15,0.1974150105,0.1533701612,0
1221,749,167.020321,ATM,Electronics,US,9,0.04113680883,0.1110800984,0
1168,376,78.51120369,ATM,Food,DE,10,0.01068604182,0.274849261,0
4409,362,101.7384507,Online,Electronics,DE,11,0.2876225481,0.1309798303,0
3308,298,112.2191564,QR,Electronics,UK,14,0.07114412401,0.1098740026,0
1016,759,248.9527482,QR,Grocery,US,8,0.04437495781,0.168446285,0
284,981,135.3115487,Online,Clothing,TR,22,0.157528436,0.08671676252,0
3355,907,216.4808742,ATM,Electronics,US,9,0.1297064328,0.1160714833,0
3151,940,98.76445675,Online,Travel,UK,22,0.2373193427,0.2494950021,0
1091,559,100.8060449,Online,Grocery,DE,15,0.1713472996,0.2891346306,0
1667,128,85.28596937,QR,Clothing,FR,21,0.2610073291,0.06882255067,0
5374,587,71.97227151,ATM,Food,US,22,0.2349602003,0.1232499378,0
6986,983,9.721587301,QR,Clothing,FR,23,0.1309899375,0.08007878775,0
7003,100,92.0238976,QR,Travel,US,16,0.204425106,0.2785996248,0
7119,692,239.9912073,ATM,Electronics,DE,18,0.0539649061,0.1938318907,0
7606,476,55.99550063,QR,Travel,DE,7,0.0261921327,0.03373044291,0
880,514,165.6042208,QR,Travel,TR,19,0.2266217138,0.28521435,0
7254,6,125.4089645,ATM,Travel,DE,12,0.2655528696,0.1476687131,0
9302,324,131.7682231,ATM,Grocery,US,15,0.1595058695,0.07817683978,0
1487,597,98.88155691,POS,Grocery,UK,7,0.1212715738,0.2382334126,0
1642,394,63.51978181,QR,Clothing,FR,14,0.2000199144,0.2162990281,0
2121,550,78.92625813,Online,Electronics,UK,6,0.2650542165,0.09562864263,0
5544,702,74.22803543,ATM,Electronics,FR,12,0.2403497225,0.03693614047,0
9115,121,131.4129734,Online,Food,DE,6,0.2789230766,0.2112384559,0
4817,589,25.15055056,ATM,Electronics,UK,21,0.1783531484,0.1013441804,0
7175,924,59.53137793,ATM,Clothing,UK,22,0.1271304637,0.02056237741,0
4421,690,120.0251478,Online,Travel,US,19,0.002065269524,0.021322439,0
2469,529,105.5695427,ATM,Grocery,US,9,0.1792803031,0.0371573827,0
4740,130,125.1244162,ATM,Travel,UK,11,0.224367294,0.145848981,0
626,759,18.26532406,ATM,Clothing,US,11,0.03437123186,0.07909422701,0
5220,520,100.8134299,POS,Food,US,21,0.05063078377,0.0229721162,0
2056,183,114.8617136,POS,Food,TR,9,0.01888973779,0.253231508,0
6510,522,122.6197242,QR,Grocery,US,23,0.1519281995,0.1966001857,0
3028,710,91.72323052,Online,Travel,TR,8,0.2157444534,0.05335674773,0
7965,140,51.25847588,Online,Travel,US,10,0.1586301362,0.008578610837,0
4649,789,133.4842245,QR,Food,DE,18,0.2045663479,0.1565938472,0
5467,220,94.45802314,POS,Food,FR,20,0.2249208175,0.04553761165,0
9305,287,82.78992012,ATM,Grocery,DE,16,0.2831397344,0.03196309952,0
3225,789,156.6099096,ATM,Food,US,19,0.08185773935,0.08442675029,0
9157,808,110.3759819,POS,Travel,DE,18,0.1742772804,0.2637571152,0
7084,129,158.2808325,POS,Clothing,US,23,0.1139188108,0.1188500418,0
9025,568,18.17384118,POS,Electronics,DE,12,0.1901973812,0.1600719704,0
3892,133,127.8548979,QR,Grocery,US,9,0.1305300565,0.1945380444,0
3404,546,52.96565575,ATM,Clothing,DE,9,0.1361440301,0.106509953,0
1680,585,135.2430774,QR,Grocery,FR,12,0.1277119662,0.1717280591,0
9098,634,105.5716166,QR,Travel,TR,17,0.03195095192,0.03941435257,0
7326,634,61.98977106,Online,Electronics,FR,13,0.2111500905,0.1269322845,0
6847,891,107.3139522,POS,Grocery,UK,20,0.1469021073,0.01568177243,0
4366,881,213.7120076,POS,Electronics,FR,22,0.1094937681,0.2659796107,0
8547,866,103.4498781,ATM,Electronics,TR,15,0.263520708,0.2809435221,0
7456,238,32.00719878,Online,Grocery,DE,13,0.2103775424,0.274868277,0
604,727,89.19478144,POS,Travel,US,17,0.1644390939,0.113089751,0
7104,228,82.87227406,QR,Electronics,DE,23,0.1128930331,0.114073128,0
4869,372,92.78347661,ATM,Grocery,UK,6,0.1540513272,0.2492328955,0
2647,965,65.88271801,ATM,Travel,US,6,0.01529068643,0.1722289667,0
6443,696,125.358288,POS,Clothing,US,23,0.1079773948,0.2567063339,0
9304,803,124.4947553,Online,Grocery,DE,15,0.2485139949,0.2666402499,0
2852,922,154.5649478,QR,Food,US,14,0.276146959,0.1196176794,0
3907,663,72.9472297,POS,Grocery,DE,20,0.09266338752,0.273400004,0
8645,825,18.45233934,ATM,Clothing,TR,13,0.2189937354,0.03835073207,0
1792,536,105.7915975,QR,Clothing,UK,20,0.1665890917,0.07489891767,0
9546,21,623.303228,QR,Clothing,TR,8,0.8161376967,0.740810812,1
5472,619,188.4595585,QR,Travel,FR,9,0.1696901494,0.174603407,0
3736,431,104.5963019,QR,Grocery,US,23,0.2472128518,0.2233950609,0
8896,171,100.0057322,POS,Travel,DE,18,0.1257334442,0.09094462012,0
8590,235,121.6866197,ATM,Travel,TR,20,0.1522679074,0.05631973661,0
1886,155,71.96027654,QR,Electronics,US,14,0.01805265752,0.1989947713,0
9266,746,72.45599784,QR,Clothing,TR,13,0.2120787731,0.1038729248,0
2678,486,86.85464011,Online,Grocery,DE,8,0.2706314783,0.2543526124,0
25,263,44.71872491,QR,Electronics,UK,19,0.1099866373,0.2888845215,0
3895,549,131.2207569,Online,Travel,TR,22,0.02362638769,0.2686147197,0
9688,534,10,ATM,Electronics,UK,4,0.7692220232,0.7325559486,1
8603,991,65.32157452,ATM,Clothing,DE,20,0.1958989367,0.009990176931,0
6221,911,122.1702844,QR,Grocery,UK,10,0.2267010209,0.1224285771,0
9082,381,93.12681151,POS,Electronics,US,10,0.1584958606,0.2671316208,0
5184,899,100.9269973,QR,Electronics,DE,17,0.05718668848,0.0962804642,0
1868,429,1,ATM,Grocery,TR,14,0.0526898309,0.1231291876,0
4937,937,149.0958582,ATM,Travel,DE,7,0.07127757465,0.2519902108,0
2158,176,1,POS,Electronics,UK,10,0.1209443197,0.288457997,0
668,265,123.62787,ATM,Food,DE,21,0.2070354853,0.1468010061,0
6625,69,1,Online,Electronics,US,12,0.08055278698,0.05414765714,0
7956,78,111.8604601,QR,Travel,DE,6,0.08005907225,0.0682988452,0
2586,244,116.4612933,ATM,Food,TR,14,0.1430363996,0.01360140209,0
8169,909,135.4802444,Online,Food,FR,11,0.1406815066,0.1035663945,0
6750,282,111.0622352,Online,Clothing,US,21,0.245256827,0.1787076947,0
9788,297,870.6639594,Online,Travel,NG,4,0.7519998447,0.8333257048,1
4743,809,46.94947006,POS,Clothing,TR,23,0.06725481061,0.1462285051,0
3303,857,94.23151859,ATM,Grocery,US,13,0.2364758766,0.1352087038,0
9425,828,151.0699884,Online,Food,FR,22,0.1448622568,0.1411483516,0
7349,221,114.0250011,Online,Clothing,DE,11,0.1301437012,0.02356159699,0
6326,755,70.58214888,Online,Travel,US,12,0.2631822372,0.1931104831,0
6453,536,50.30093097,QR,Travel,US,22,0.1958161306,0.008908685764,0
6605,421,98.14814097,ATM,Food,US,12,0.2597629027,0.02425090591,0
4548,44,100.9140043,QR,Food,US,17,0.1214909538,0.02294039804,0
7719,875,88.16740473,POS,Travel,TR,17,0.08347964733,0.1239347835,0
7230,731,114.4402777,POS,Clothing,FR,23,0.1904796642,0.2126104758,0
5205,254,148.5273726,ATM,Food,UK,13,0.2205511508,0.1137861634,0
9526,769,2824.547112,Online,Electronics,TR,8,0.8315489302,0.8520589433,1
1614,857,61.46062985,Online,Electronics,FR,18,0.1493748376,0.1797806501,0
5108,832,140.1183716,POS,Clothing,US,16,0.2086509716,0.2700366099,0
704,131,118.5868014,POS,Food,US,12,0.02526138549,0.2872348383,0
5621,46,241.6946116,POS,Travel,TR,22,0.0005509064225,0.105215071,0
6952,545,81.12994075,ATM,Electronics,FR,17,0.09653854145,0.1678092012,0
9685,347,1586.452802,Online,Grocery,US,4,0.9461641655,0.9823873949,1
9527,166,29.77058057,POS,Travel,FR,23,0.8953219523,0.7259218389,1
2877,89,133.7935301,ATM,Travel,UK,16,0.01749032386,0.03057065489,0
9861,669,2359.975487,Online,Electronics,TR,16,0.9753845999,0.7197512042,1
8400,716,91.85454219,ATM,Clothing,FR,9,0.2731316347,0.2708771236,0
1982,83,137.6349786,Online,Grocery,UK,8,0.02182845766,0.1783247955,0
8161,294,118.7144755,QR,Clothing,US,22,0.1526782062,0.06761733145,0
7829,542,107.9838881,Online,Clothing,UK,22,0.007429709111,0.06467789559,0
7536,955,187.5837227,QR,Grocery,DE,22,0.1889533474,0.1251569004,0
8319,846,36.87737992,Online,Electronics,DE,11,0.05313280665,0.1772845526,0
1527,115,51.11108945,ATM,Travel,UK,13,0.2521962483,0.2464764914,0
3678,490,44.53657068,ATM,Electronics,UK,18,0.2323808488,0.1552670257,0
441,528,50.58027808,Online,Electronics,DE,20,0.2220064588,0.08741947508,0
2604,570,39.92045892,QR,Grocery,US,22,0.008513918939,0.150097995,0
6938,487,76.20082378,POS,Grocery,US,21,0.03387623454,0.008932096635,0
6905,527,43.74904667,POS,Food,DE,23,0.2223780218,0.2893577973,0
9335,47,131.2004566,QR,Grocery,DE,7,0.2420232549,0.2374632588,0
5836,546,105.1536521,QR,Grocery,UK,14,0.2023506482,0.07256673081,0
5974,522,154.7325408,Online,Food,UK,17,0.1340953762,0.07188010104,0
5252,306,127.2704387,POS,Electronics,US,20,0.1642883334,0.0004077250004,0
3779,662,139.7857224,Online,Clothing,TR,6,0.00940986606,0.2937609207,0
6896,977,95.89846818,POS,Travel,TR,16,0.2366564791,0.1959867402,0
8879,278,165.802798,Online,Electronics,FR,21,0.270785414,0.2200744034,0
9880,948,1169.309456,ATM,Travel,FR,4,0.7133369795,0.7160525188,1
6414,460,54.86933887,ATM,Grocery,UK,22,0.06130228667,0.0195335795,0
9869,482,22.16842906,Online,Electronics,US,4,0.9078785784,0.9909011415,1
6366,648,132.5672989,Online,Travel,TR,15,0.2727251446,0.02623507683,0
453,338,61.63095968,ATM,Travel,TR,7,0.0587497194,0.1666732585,0
7037,858,95.57249742,POS,Food,FR,9,0.1727640555,0.1279912596,0
5925,680,98.23520414,POS,Electronics,UK,18,0.2278865833,0.1093410936,0
4059,870,43.22907724,Online,Electronics,US,15,0.07881419977,0.2904360039,0
7648,229,71.08064391,ATM,Travel,UK,11,0.01441087479,0.2728959854,0
657,81,50.20260046,POS,Grocery,TR,19,0.02215663981,0.2095884431,0
1237,693,181.7070504,ATM,Clothing,DE,23,0.1283350964,0.03126139429,0
6792,30,102.7600877,QR,Food,FR,18,0.2018684922,0.2085033552,0
263,767,164.0166152,QR,Electronics,TR,20,0.1387615339,0.2390311223,0
9758,97,22.16842906,Online,Electronics,NG,16,0.9755078995,0.7870487412,1
5018,711,136.3119937,Online,Clothing,US,7,0.07191581283,0.003034943781,0
8300,8,129.6170385,POS,Travel,US,9,0.06508420933,0.2947059411,0
3006,87,136.6433791,POS,Travel,DE,21,0.1061665752,0.1467286804,0
4161,725,132.7395631,QR,Travel,FR,22,0.2821875259,0.04428962316,0
3637,517,120.9994373,Online,Food,DE,11,0.09904741434,0.2042380496,0
698,326,125.0585632,QR,Travel,FR,18,0.2571846155,0.1881548792,0
7599,507,63.73572606,QR,Electronics,US,12,0.155176914,0.1046322741,0
5019,916,51.82042975,QR,Grocery,TR,10,0.01878224779,0.07508984878,0
6618,987,1,QR,Clothing,DE,8,0.0424442012,0.1018867346,0
3861,431,111.438669,POS,Clothing,US,13,0.1378153944,0.08089358128,0
9140,88,69.30255703,QR,Electronics,US,13,0.04794621962,0.2318020742,0
3117,523,145.3091079,Online,Food,US,17,0.2388465099,0.05134763507,0
1762,949,74.35326991,QR,Clothing,UK,14,0.2502670126,0.1516933413,0
4575,805,4.806876244,Online,Food,TR,14,0.2807604879,0.009099889525,0
1349,86,88.05340893,Online,Food,FR,7,0.02011162529,0.1792881724,0
6754,555,214.5553587,QR,Clothing,US,23,0.09025639554,0.07857006775,0
7327,717,94.24172969,POS,Food,DE,14,0.1722733204,0.1836116396,0
876,261,138.7290249,QR,Electronics,UK,10,0.2902225415,0.03152595093,0
1337,212,103.5044238,Online,Electronics,US,21,0.1382592003,0.1153301188,0
4547,901,96.74005578,Online,Travel,DE,9,0.02327827592,0.017312474,0
9856,110,932.3264856,Online,Grocery,TR,15,0.8415318392,0.7033651469,1
6406,953,68.08555847,POS,Clothing,TR,9,0.1505342154,0.2366840025,0
4738,479,94.87603884,POS,Electronics,TR,17,0.1406030284,0.09172972904,0
2093,443,72.19515319,POS,Grocery,US,8,0.262593883,0.2929109725,0
6996,258,78.09635716,ATM,Travel,US,17,0.2887575407,0.2841030587,0
1037,680,34.93736878,QR,Travel,US,7,0.07332210879,0.01687186014,0
7154,864,146.4172487,QR,Travel,DE,16,0.1434723309,0.1451064714,0
5270,999,116.0729393,POS,Food,US,22,0.06903129153,0.1153873326,0
291,161,63.6820346,QR,Food,FR,22,0.2440090851,0.1732166993,0
7969,588,86.43643403,Online,Clothing,FR,19,0.03283959224,0.2416731906,0
5791,784,1,POS,Travel,TR,12,0.03896635823,0.2964779746,0
2833,857,144.927475,ATM,Electronics,FR,13,0.2129578862,0.2349888486,0
7302,209,47.93974314,POS,Grocery,DE,15,0.2935851313,0.2302089582,0
3807,844,26.88855137,QR,Food,UK,23,0.2579298852,0.02997289008,0
5893,789,89.51409616,QR,Grocery,TR,13,0.2725376496,0.1314712676,0
7515,573,73.17231229,QR,Grocery,UK,6,0.1094283908,0.2840308386,0
3824,743,172.585294,POS,Travel,US,14,0.1064641106,0.2251792211,0
3610,953,125.9630177,QR,Grocery,TR,22,0.1777681985,0.2643282058,0
8272,393,143.8806407,ATM,Travel,TR,20,0.014844814,0.1025768923,0
9877,463,1269.789477,POS,Food,US,15,0.9875420502,0.8400539318,1
2615,383,91.40067523,QR,Electronics,TR,20,0.001983981832,0.1336963606,0
1218,832,129.6406117,POS,Travel,FR,17,0.04699103472,0.1883400858,0
1380,17,65.03482804,ATM,Clothing,TR,20,0.2694664378,0.2850140321,0
3666,14,48.6653121,POS,Electronics,TR,23,0.1839816544,0.01260807301,0
5280,572,4.035371057,ATM,Food,DE,17,0.2231297591,0.2580432856,0
9990,354,1298.833718,QR,Travel,UK,7,0.7165643155,0.7815043491,1
7092,790,114.1715659,QR,Travel,TR,20,0.2068352842,0.03148692935,0
9816,893,2381.913125,QR,Electronics,US,21,0.9983014985,0.9731317951,1
5357,910,158.1438847,QR,Grocery,US,22,0.1541958246,0.1594934727,0
5985,45,99.35819208,ATM,Electronics,DE,6,0.2021040681,0.1802205755,0
9849,227,4892.926973,Online,Grocery,UK,5,0.9802880791,0.7640243338,1
2725,740,106.9520739,Online,Grocery,DE,20,0.1160991345,0.01977893086,0
8315,13,1,Online,Electronics,US,15,0.03384100568,0.259832772,0
503,597,122.8520033,ATM,Travel,UK,20,0.2588239154,0.296482732,0
1174,679,76.01466302,POS,Clothing,US,8,0.00743400239,0.123093,0
6858,945,64.60945995,Online,Food,UK,19,0.1508751613,0.006329983607,0
2489,889,70.43476806,ATM,Food,US,20,0.02024025394,0.1259680881,0
9834,525,1772.787664,ATM,Travel,US,13,0.8948610058,0.7596258916,1
1807,854,147.9265981,Online,Electronics,UK,8,0.09424081404,0.2122554513,0
5232,225,82.26490278,ATM,Grocery,US,22,0.2156680216,0.2859554621,0
1154,923,49.05316648,QR,Food,DE,9,0.1949198455,0.2266678881,0
5343,167,208.4380584,QR,Travel,UK,15,0.2546846271,0.2843262796,0
4899,965,1,ATM,Grocery,TR,23,0.004955830453,0.2119231135,0
7348,378,130.4857364,POS,Clothing,TR,17,0.005082993216,0.2673973358,0
3517,256,48.13356431,QR,Electronics,US,6,0.1448833809,0.169300025,0
7164,213,200.0076256,QR,Electronics,FR,22,0.1790424264,0.01541678523,0
4331,277,62.28085703,QR,Travel,UK,9,0.2876400924,0.2383817554,0
9670,378,10,ATM,Clothing,DE,8,0.77242176,0.7991448023,1
2771,840,131.1703987,Online,Electronics,FR,15,0.2353818659,0.2200320078,0
9881,432,5187.713559,POS,Electronics,UK,16,0.9055943269,0.751278174,1
6098,605,1,Online,Travel,UK,23,0.03558217045,0.2720081478,0
198,136,139.5360509,POS,Food,DE,19,0.2285190824,0.2608575434,0
9341,267,97.24576227,Online,Grocery,FR,10,0.291885933,0.01941672452,0
2360,896,18.80973443,ATM,Electronics,UK,10,0.2392355258,0.299888747,0
3930,220,108.6421155,ATM,Electronics,FR,16,0.1536353004,0.05578610102,0
6950,631,18.38983315,QR,Travel,US,19,0.228502776,0.1840130861,0
3979,136,72.99347037,POS,Electronics,UK,19,0.2158973861,0.2858040241,0
4813,729,110.4070882,QR,Food,FR,17,0.1218262702,0.203624688,0
5859,446,96.46355502,Online,Travel,TR,16,0.1794064323,0.2402756772,0
7518,231,85.63969101,QR,Grocery,FR,6,0.2925167047,0.01217427726,0
7909,604,64.53641414,ATM,Electronics,US,12,0.1212076987,0.07708434712,0
7249,686,213.6263807,ATM,Food,DE,7,0.02310387472,0.004998279506,0
1726,229,86.4742559,POS,Clothing,TR,11,0.1762944964,0.05825822701,0
3037,295,123.6005716,POS,Grocery,DE,7,0.04816119262,0.06725797239,0
1750,674,99.51506689,ATM,Grocery,UK,11,0.04538601621,0.2531363406,0
1839,887,177.2221049,POS,Travel,TR,19,0.09581456675,0.2358937489,0
7682,519,115.7665735,Online,Clothing,TR,11,0.1992036451,0.2378747238,0
4206,371,139.9801893,Online,Grocery,UK,10,0.1983071002,0.1274211173,0
2444,480,120.1988383,Online,Food,TR,23,0.0753507435,0.1886954013,0
4429,64,73.97985049,POS,Grocery,UK,15,0.1830140774,0.2380732974,0
8809,12,33.35906848,ATM,Food,TR,8,0.1915642022,0.0462777187,0
1992,359,171.0189924,QR,Clothing,FR,6,0.01040645796,0.2321188114,0
1996,903,1.349250001,POS,Travel,FR,23,0.2959757536,0.2939775968,0
4277,208,108.1822388,Online,Electronics,DE,10,0.009782327815,0.2970791519,0
1263,511,152.8589565,ATM,Travel,US,15,0.01682315444,0.2393190304,0
2669,286,160.5774128,ATM,Travel,DE,17,0.05279908183,0.2650910144,0
2323,272,32.69296387,Online,Food,TR,7,0.165120526,0.07358077258,0
7088,387,1,Online,Food,UK,13,0.1088244157,0.05547963208,0
5636,678,83.99610384,Online,Clothing,DE,17,0.2985733686,0.1079182857,0
7955,65,205.9551801,Online,Grocery,DE,17,0.1646968532,0.2543338093,0
7901,706,104.4157275,Online,Travel,TR,8,0.04581262875,0.08740583051,0
8662,736,196.6478345,ATM,Travel,TR,6,0.04265352546,0.1306752972,0
6020,229,3.509554355,Online,Food,FR,7,0.294280859,0.006950895681,0
5522,108,142.9500716,QR,Electronics,US,19,0.2299322927,0.119387708,0
9725,494,791.372147,POS,Grocery,US,14,0.8312954524,0.7667115963,1
2107,487,129.7291902,POS,Electronics,FR,6,0.1222253327,0.09787189549,0
382,953,104.4117877,POS,Clothing,TR,11,0.1532207268,0.0251140053,0
8918,446,138.4372227,Online,Clothing,FR,21,0.003127487494,0.02423978955,0
5829,352,185.5125196,ATM,Clothing,FR,9,0.2358706191,0.24536286,0
8551,842,92.73273428,QR,Food,US,22,0.1558386155,0.1175569626,0
5297,206,115.1447631,QR,Travel,FR,23,0.1538154162,0.0587463537,0
310,251,147.5128597,ATM,Food,US,6,0.114873953,0.03469765269,0
1067,229,97.72490723,Online,Travel,UK,23,0.02499983542,0.08518767363,0
5320,89,41.71146914,Online,Clothing,TR,16,0.2758456373,0.1446055224,0
3097,504,167.6471024,QR,Travel,FR,13,0.1627409013,0.179012766,0
6308,614,88.81719647,QR,Electronics,DE,11,0.2587815881,0.2103882535,0
2363,815,146.0407933,Online,Clothing,FR,21,0.05430912001,0.08797797788,0
6834,370,97.26242221,POS,Grocery,US,14,0.2532315664,0.1712695545,0
9745,235,10,Online,Travel,FR,4,0.9976961771,0.7904379342,1
5763,716,145.1371928,POS,Food,DE,7,0.05128870484,0.1196423305,0
6514,657,130.8703546,ATM,Clothing,TR,14,0.2067012012,0.07516614393,0
1998,861,136.055976,Online,Travel,UK,23,0.09667761666,0.07213103541,0
3399,466,112.3140906,POS,Electronics,US,22,0.1964173152,0.09865564626,0
3305,626,64.38990207,Online,Clothing,US,23,0.2199599846,0.02282321781,0
5218,352,82.35830471,POS,Electronics,UK,21,0.08004761642,0.0723724999,0
1404,246,143.8343738,POS,Clothing,FR,10,0.007759403255,0.0400673242,0
3241,565,172.730277,POS,Clothing,UK,15,0.2004096171,0.01279516484,0
1620,573,56.74951785,Online,Electronics,TR,16,0.2197213047,0.238814678,0
5326,131,38.9576093,ATM,Grocery,US,19,0.02898238661,0.1321545791,0
1388,234,225.3747619,Online,Travel,FR,16,0.0208629852,0.1247405031,0
1706,674,107.9920289,QR,Clothing,TR,17,0.006434826588,0.08195040399,0
7189,261,70.81525486,POS,Food,TR,18,0.01272633181,0.08283279328,0
579,605,146.1506618,ATM,Clothing,DE,18,0.2735825303,0.1508597115,0
9943,187,3453.725541,ATM,Electronics,US,0,0.7738972102,0.9995074039,1
3441,390,70.84014211,ATM,Electronics,US,7,0.004164476417,0.2326915296,0
9764,271,1711.180992,POS,Clothing,DE,9,0.7274699059,0.9729426946,1
7498,79,113.3677219,POS,Food,UK,11,0.2822474206,0.1390005631,0
2002,38,152.4242437,ATM,Food,TR,7,0.2670489098,0.1287111187,0
2865,140,123.5438128,Online,Food,US,8,0.003410637366,0.2037100292,0
689,98,227.0195549,Online,Food,UK,8,0.2245800414,0.2259626873,0
8335,425,108.8743208,POS,Travel,TR,9,0.2850759584,0.1892802598,0
1910,985,127.4714754,POS,Electronics,UK,15,0.1230324005,0.05399721895,0
4886,522,98.36981198,POS,Food,US,16,0.005985059332,0.2768258767,0
8562,680,91.94959169,ATM,Electronics,FR,21,0.1563829579,0.122583776,0
5201,634,101.325359,ATM,Food,US,16,0.05244343436,0.05135624124,0
2785,993,1.425935001,QR,Food,DE,9,0.2163806009,0.2636929963,0
998,449,1,Online,Travel,US,16,0.2111324791,0.02650442219,0
4769,821,128.4097159,ATM,Clothing,TR,11,0.05970285006,0.2776362283,0
2062,687,29.21144935,ATM,Food,UK,14,0.1922003145,0.1645811844,0
1334,847,129.0036447,ATM,Clothing,TR,10,0.1469656375,0.02405745391,0
3170,990,52.74455669,QR,Grocery,US,6,0.2091865866,0.106001539,0
8114,212,160.4559905,Online,Grocery,UK,9,0.05887690797,0.04465127392,0
3069,373,77.00510787,POS,Travel,US,22,0.1062167071,0.1869150563,0
1194,962,43.69430121,QR,Travel,UK,6,0.06794181114,0.08945140624,0
8267,200,167.4187724,QR,Travel,DE,6,0.2966395652,0.09555748687,0
5478,70,169.4721567,ATM,Travel,FR,17,0.2102407631,0.02989294082,0
5079,541,129.4668642,POS,Grocery,DE,22,0.2142342821,0.1988003555,0
7229,465,47.5044694,POS,Electronics,FR,6,0.2363520569,0.2068750151,0
8117,470,113.6176244,ATM,Grocery,DE,13,0.120166936,0.02830432197,0
6798,616,65.0179189,QR,Clothing,TR,21,0.06816864569,0.2270023159,0
6139,726,158.1487913,Online,Food,TR,17,0.03613342664,0.15102178,0
5551,282,109.0131397,ATM,Clothing,DE,21,0.2238742857,0.06459345441,0
9703,323,10,ATM,Grocery,NG,16,0.748362745,0.7297022623,1
2681,775,221.6318162,POS,Travel,DE,21,0.2704423982,0.05258469165,0
5890,48,244.7342065,Online,Grocery,TR,17,0.295598483,0.04236235792,0
7485,899,93.35946956,ATM,Grocery,US,16,0.02408842665,0.1718463266,0
9464,335,121.4419149,QR,Travel,DE,12,0.2086880907,0.1272008457,0
6836,331,109.6875916,Online,Grocery,FR,15,0.2836917208,0.00731529213,0
1629,519,139.1186385,QR,Electronics,UK,9,0.2316977997,0.01741018014,0
7361,868,61.92234123,ATM,Electronics,FR,20,0.1568926527,0.1262316096,0
6323,560,129.5332648,ATM,Food,FR,13,0.1189473814,0.2143137777,0
9175,797,217.8064481,QR,Food,DE,9,0.2067809883,0.1429336174,0
2944,549,192.8738605,Online,Travel,US,20,0.09630461582,0.1537109218,0
2105,223,116.8543646,ATM,Food,UK,22,0.06476155406,0.2464408578,0
8115,147,54.37299913,POS,Travel,DE,22,0.2660557001,0.1675729202,0
4475,914,103.7092806,QR,Travel,DE,19,0.1895726592,0.02679125285,0
9770,595,1815.944771,Online,Travel,NG,20,0.8463364923,0.9585565493,1
546,600,1.035084848,ATM,Food,UK,20,0.2899352532,0.04616016343,0
1151,340,87.90242377,QR,Travel,DE,9,0.1739488976,0.04751333317,0
8558,674,88.84138795,QR,Clothing,UK,12,0.06469717766,0.1427841323,0
3819,235,108.3808493,Online,Electronics,DE,8,0.1858813908,0.1777662154,0
8138,310,34.11007338,ATM,Electronics,FR,12,0.1185637544,0.03041163261,0
3212,799,81.80871372,ATM,Electronics,US,12,0.1100232689,0.06582666277,0
2544,110,30.50676295,POS,Grocery,UK,23,0.1472158261,0.006415975088,0
8477,444,186.6242504,POS,Travel,UK,11,0.05267902397,0.1331426104,0
7725,851,1,QR,Electronics,FR,12,0.02544785415,0.2513122992,0
2921,145,139.7743847,POS,Clothing,TR,8,0.2631477473,0.0497750185,0
4794,198,50.353876,ATM,Grocery,DE,17,0.02013848853,0.2695765519,0
6489,766,73.29819853,Online,Clothing,UK,22,0.2736314341,0.246959623,0
60,259,104.818462,QR,Travel,UK,10,0.1250723325,0.1089980004,0
3765,308,223.0376464,QR,Electronics,FR,6,0.2942787064,0.04675206159,0
8783,82,140.1640018,Online,Food,TR,18,0.07573655877,0.2396212646,0
6842,204,95.5127332,Online,Food,FR,13,0.1934200049,0.2884782682,0
8683,42,92.80678631,POS,Electronics,DE,15,0.08589765989,0.250475728,0
9629,914,1411.667154,ATM,Clothing,UK,22,0.7655456342,0.7192407255,1
4362,317,94.53617439,ATM,Electronics,DE,18,0.2782382253,0.08191876312,0
722,504,130.8211052,ATM,Electronics,US,8,0.1237485465,0.006115680579,0
2828,240,139.6973267,POS,Grocery,DE,8,0.07502704454,0.29501676,0
5582,306,118.4649757,Online,Clothing,TR,17,0.03287855059,0.04339232484,0
7078,462,126.5466493,POS,Electronics,FR,15,0.04205744185,0.04833857535,0
3163,964,93.65990154,QR,Grocery,US,22,0.2300034042,0.1813355025,0
9781,983,1931.506222,ATM,Grocery,FR,15,0.952503543,0.8516985606,1
4047,88,156.9390406,ATM,Grocery,FR,11,0.2311009957,0.1616938377,0
8258,972,131.2134577,POS,Clothing,UK,23,0.2272106275,0.002567761121,0
4342,894,36.35847898,Online,Food,TR,7,0.2425090533,0.2262988629,0
270,12,35.15830764,QR,Travel,UK,12,0.1776910843,0.1683066735,0
1741,956,102.3264233,Online,Electronics,UK,10,0.1743502984,0.01181058769,0
6440,28,50.395516,QR,Grocery,DE,23,4.89E-05,0.1793972616,0
4987,235,113.4333963,POS,Travel,US,6,0.2385587945,0.1375162351,0
6964,444,112.1523315,QR,Electronics,UK,7,0.2357513662,0.151031612,0
5350,688,123.1548465,Online,Electronics,UK,6,0.1037595489,0.2249712894,0
2268,139,117.650309,POS,Grocery,US,8,0.08844587927,0.2327909646,0
5122,338,96.59216848,ATM,Electronics,UK,13,0.1369694342,0.1722286058,0
5536,848,109.2379406,POS,Travel,FR,17,0.1328012607,0.2901189786,0
4927,912,197.2414321,ATM,Travel,TR,22,0.02424682819,0.2242029671,0
5477,896,33.35960106,Online,Clothing,UK,7,0.1839676382,0.08192940482,0
8667,142,203.5566297,ATM,Grocery,US,7,0.196650321,0.2410683669,0
6121,13,95.65119512,ATM,Clothing,FR,12,0.1974058547,0.1581305383,0
8923,323,48.8949353,Online,Clothing,UK,13,0.09366151723,0.2790944945,0
840,634,123.32229,Online,Food,FR,21,0.2173518904,0.2904401646,0
5178,142,112.6592718,POS,Clothing,TR,14,0.09749069397,0.1386279205,0
413,924,1,POS,Clothing,DE,21,0.1174648986,0.2362110845,0
4510,698,130.3601995,QR,Travel,UK,16,0.1269717225,0.2689515798,0
3080,362,134.8404496,POS,Grocery,FR,19,0.2465311626,0.04368643044,0
8762,101,136.4709362,Online,Electronics,DE,13,0.1985004246,0.08388123939,0
1007,390,159.382057,QR,Electronics,US,23,0.0187069664,0.04759400359,0
1925,238,107.4933546,Online,Grocery,US,6,0.1003986575,0.2607886951,0
1724,103,90.69961529,Online,Clothing,US,16,0.2512258771,0.141391214,0
5904,754,131.2336677,ATM,Electronics,UK,8,0.2023179412,0.1395178528,0
5437,192,97.76324698,QR,Clothing,FR,10,0.2306680366,0.1635910188,0
1633,39,65.21404378,QR,Grocery,DE,14,0.2455550407,0.1030654132,0
3035,409,112.4778215,POS,Electronics,TR,22,0.007884212545,0.2993119417,0
5136,593,127.7813411,QR,Food,FR,18,0.2788299636,0.03280615867,0
6899,774,187.0260615,QR,Grocery,TR,9,0.1072773846,0.1042595305,0
3114,193,80.07591774,QR,Travel,FR,20,0.1685174941,0.009455659753,0
671,40,53.91734401,POS,Grocery,UK,18,0.1914138185,0.02641381972,0
6962,399,147.0631361,Online,Food,TR,6,0.1962211595,0.1928282718,0
2910,310,88.36039998,POS,Electronics,DE,18,0.1972428577,0.1290608519,0
5661,388,139.1635108,Online,Electronics,FR,10,0.1566437859,0.2867158523,0
7309,589,106.5386234,Online,Travel,UK,21,0.02078602441,0.07218143327,0
8942,748,136.5053049,POS,Food,DE,13,0.255070191,0.2113081609,0
4757,711,39.05908334,POS,Food,TR,21,0.1248402146,0.05904669294,0
7755,212,177.7807481,ATM,Travel,DE,20,0.1118295452,0.1181208867,0
8205,167,122.2361131,QR,Grocery,TR,8,0.2216903753,0.2835754611,0
4074,725,108.2007978,POS,Food,DE,13,0.257959362,0.1322990495,0
3026,180,170.7956181,QR,Grocery,TR,14,0.1248573902,0.1704256298,0
8241,672,89.11740546,QR,Clothing,DE,18,0.188650651,0.2030817959,0
6735,792,152.6275247,POS,Electronics,TR,18,0.259415302,0.07627678895,0
3927,344,96.99604036,QR,Clothing,TR,13,0.1511023724,0.09818859818,0
8450,329,151.4169188,POS,Electronics,TR,11,0.2699135212,0.2432219937,0
1200,337,149.76452,QR,Electronics,UK,12,0.05484829449,0.1286351399,0
2658,719,92.79572148,ATM,Food,US,21,0.2909492617,0.1108626704,0
1233,368,78.45911988,QR,Clothing,FR,18,0.03003429381,0.06458742342,0
5574,708,126.3644959,ATM,Electronics,FR,16,0.2509118777,0.1156612727,0
2410,162,87.23709217,Online,Electronics,DE,19,0.09168852813,0.2228495677,0
6277,591,2.257396043,ATM,Food,TR,10,0.281909823,0.1358689269,0
2831,482,87.64884632,Online,Travel,FR,12,0.2212499411,0.05795696563,0
1109,661,64.48337549,ATM,Travel,TR,20,0.2551813492,0.1913742378,0
7488,779,129.1673475,Online,Electronics,FR,21,0.2082948425,0.2355039051,0
9409,818,105.3949849,Online,Grocery,UK,14,0.1910650946,0.03259724302,0
8868,13,136.3676291,Online,Electronics,UK,7,0.2334438325,0.2662419987,0
8503,567,88.07771664,POS,Grocery,UK,22,0.1679935396,0.0473043992,0
6545,327,79.89557866,QR,Grocery,TR,17,0.2247258295,0.2790203338,0
5295,428,66.6607618,POS,Clothing,US,11,0.2579719966,0.001694624822,0
8827,718,112.6328173,Online,Grocery,UK,6,0.04960281314,0.1384946699,0
38,910,54.95149908,Online,Electronics,TR,16,0.2490788836,0.1526647011,0
7751,743,113.8862828,POS,Clothing,TR,14,0.08444210134,0.2535680586,0
3337,368,67.34847123,QR,Travel,DE,15,0.2254606779,0.05336121311,0
192,667,154.9743513,QR,Electronics,TR,10,0.03498785525,0.003017525009,0
7355,224,127.9874014,POS,Food,FR,20,0.1386748989,0.2441529199,0
3548,245,138.7145529,QR,Grocery,US,19,0.1340113555,0.1250820502,0
4055,129,115.5308614,Online,Electronics,TR,17,0.1495559567,0.2514816978,0
6001,280,33.46799231,ATM,Clothing,TR,12,0.09284708187,0.007415130019,0
7604,634,43.96622162,ATM,Clothing,US,17,0.2850060692,0.2887929513,0
2425,86,176.8267078,ATM,Electronics,DE,13,0.2146227779,0.05426439113,0
6047,270,57.58564028,Online,Food,UK,23,0.06979020566,0.1173460818,0
9512,164,1480.32289,ATM,Travel,TR,4,0.7181795239,0.9335115543,1
5049,737,18.86429748,QR,Food,TR,8,0.04895954356,0.2713430578,0
2682,582,70.39429034,QR,Grocery,FR,20,0.2135863889,0.2720144635,0
3236,939,135.5149289,ATM,Clothing,US,13,0.2585658351,0.0457638653,0
3164,451,158.5038532,Online,Clothing,US,14,0.2350762184,0.02310117829,0
1372,400,106.2020904,QR,Clothing,FR,11,0.1515492013,0.1136822213,0
3226,961,118.2881515,Online,Electronics,TR,12,0.2760085182,0.1595890618,0
8478,444,65.23112673,Online,Food,TR,21,0.07126694087,0.1057207279,0
3266,946,77.93685976,QR,Clothing,DE,23,0.1325190615,0.1293322085,0
4566,184,121.3315345,ATM,Grocery,FR,20,0.1724024657,0.07541440946,0
7644,426,71.89530949,ATM,Travel,DE,10,0.1445721154,0.0736832572,0
1704,404,23.4329693,QR,Electronics,DE,22,0.1758012799,0.2451339029,0
8750,60,101.0705314,POS,Food,TR,7,0.09633441303,0.2704506198,0
3718,671,129.2535672,POS,Travel,US,10,0.2591805905,0.04083703898,0
5284,930,157.0395724,QR,Grocery,US,7,0.2733652411,0.01710009513,0
8524,972,75.39212126,POS,Grocery,UK,17,0.07769246609,0.1932931102,0
7594,381,61.90978756,ATM,Electronics,TR,16,0.2299638656,0.003149461001,0
1777,355,97.28317601,POS,Electronics,TR,15,0.1291998219,0.2280428898,0
4448,458,139.3864829,QR,Travel,DE,18,0.2090957945,0.05975700042,0
9359,840,163.8049414,Online,Food,US,14,0.2221692163,0.1409251209,0
7407,301,216.7123449,ATM,Travel,UK,21,0.02920248401,0.1385975097,0
9483,426,185.6719005,Online,Food,UK,8,0.0009566518472,0.1578374351,0
8616,935,107.4632755,POS,Food,FR,9,0.01709717499,0.1829599469,0
9927,121,4889.54872,POS,Travel,US,22,0.9105466587,0.912524458,1
7411,7,119.5976216,ATM,Electronics,US,20,0.1632377364,0.2940549056,0
3754,587,65.37325578,ATM,Food,UK,13,0.04215622823,0.08435848587,0
7304,815,102.2780349,QR,Grocery,US,15,0.1243104305,0.2998665156,0
565,810,98.18420333,Online,Travel,UK,13,0.07551872553,0.1393908183,0
8308,804,167.3579647,Online,Clothing,UK,14,0.1080034506,0.1919735438,0
6062,148,66.1925474,POS,Clothing,US,11,0.1662796972,0.1683908647,0
5451,573,116.1263132,ATM,Electronics,UK,21,0.1426949678,0.1934309693,0
903,42,79.89592624,POS,Travel,UK,23,0.2409825762,0.09314454992,0
4134,151,100.8936053,POS,Food,US,14,0.2222025892,0.2610680874,0
3269,187,160.6130029,QR,Travel,DE,17,0.1426159073,0.2600431069,0
2359,795,16.80798134,Online,Food,DE,19,0.1387868897,0.04315184502,0
4350,282,127.3444852,ATM,Electronics,TR,20,0.2660407741,0.1463983368,0
3866,648,44.31272398,ATM,Grocery,FR,17,0.05626446944,0.06767619099,0
5344,559,164.1891304,POS,Travel,DE,14,0.2980975743,0.2529619954,0
5420,777,60.58924163,POS,Grocery,US,17,0.08173397551,0.2421892213,0
2083,980,134.3354602,ATM,Food,US,10,0.1310896468,0.2182157365,0
9349,671,141.1307685,Online,Food,DE,6,0.2533267648,0.05647580127,0
6126,248,21.6984692,POS,Grocery,UK,9,0.1163769209,0.001947209017,0
8036,245,121.9782887,POS,Travel,US,17,0.08664537649,0.04062074582,0
5277,100,42.8419697,Online,Food,US,15,0.1767316218,0.09116471481,0
5980,992,45.61611526,Online,Clothing,UK,13,0.1648127645,0.0009338920186,0
8013,154,127.7264285,Online,Clothing,UK,15,0.2569081396,0.2296799492,0
394,646,45.70387354,POS,Electronics,TR,10,0.006322574674,0.2068634277,0
1861,971,183.598148,QR,Food,TR,6,0.2386752956,0.218984679,0
7408,277,120.8357175,POS,Food,DE,23,0.2054002493,0.03764651818,0
817,271,83.04608132,ATM,Travel,UK,6,0.0006040913524,0.2230277004,0
4745,272,109.9848098,POS,Clothing,DE,16,0.2665289835,0.2280929068,0
8225,783,115.5721042,POS,Electronics,DE,13,0.07295788201,0.2450022199,0
9522,551,10,POS,Clothing,UK,18,0.8896193193,0.7929608822,1
9088,467,89.3454799,ATM,Electronics,FR,16,0.05770936165,0.1301634961,0
3188,555,108.6046438,QR,Grocery,US,8,0.2849033318,0.03067560538,0
4883,646,1,POS,Grocery,US,6,0.1609601952,0.06892418847,0
9164,338,56.13244981,ATM,Electronics,FR,18,0.1729880924,0.2348934691,0
1688,886,93.81534052,QR,Clothing,FR,17,0.1137573591,0.2564777312,0
2174,486,130.5255501,POS,Electronics,FR,17,3.86E-05,0.0734747184,0
9802,199,1624.334952,ATM,Grocery,NG,4,0.8448607116,0.8909006272,1
2347,104,78.78023896,ATM,Travel,DE,14,0.2227308478,0.2243708495,0
4579,924,27.75387479,Online,Clothing,TR,6,0.1969030143,0.2158685283,0
6878,999,99.73067467,Online,Clothing,UK,11,0.08949711302,0.09423324065,0
7063,778,76.01792973,Online,Clothing,FR,13,0.03182469332,0.2135320763,0
3268,130,109.9443978,QR,Clothing,FR,19,0.2191030507,0.2300442706,0
3181,799,113.7937003,Online,Electronics,FR,10,0.06405124926,0.2252121796,0
3777,886,29.69419095,ATM,Grocery,FR,14,0.2776161689,0.2090408345,0
2364,807,104.9735479,QR,Food,FR,13,0.1822329233,0.09163850129,0
6082,199,85.52819047,ATM,Clothing,UK,17,0.2995154936,0.04278077933,0
1488,335,99.55168371,POS,Travel,UK,18,0.2626011803,0.07755475687,0
2190,480,144.5760609,POS,Electronics,UK,21,0.2919476429,0.2959600471,0
578,494,35.45283748,QR,Electronics,US,16,0.1731610836,0.07090484517,0
6067,89,96.7813692,POS,Food,DE,22,0.2295380498,0.08483325814,0
4678,648,130.3075936,QR,Electronics,UK,15,0.1889434657,0.2440137188,0
7611,207,34.17519303,Online,Grocery,US,22,0.1353762559,0.04132007337,0
3471,978,193.2135184,ATM,Food,DE,11,0.2619230078,0.008964610553,0
829,650,83.7558189,POS,Grocery,FR,6,0.1008888802,0.1292860916,0
8489,178,114.2310524,ATM,Electronics,FR,16,0.2759780987,0.2849656258,0
9224,207,33.48538218,POS,Grocery,FR,21,0.05551233004,0.2109538343,0
2745,900,28.25917443,QR,Food,FR,18,0.02417712118,0.1595923693,0
1331,361,17.37938049,ATM,Electronics,TR,11,0.1663311504,0.237530136,0
9874,717,10,ATM,Clothing,TR,9,0.9051320315,0.8540388382,1
7990,400,64.97365047,POS,Food,DE,17,0.2340411898,0.05776847084,0
9553,481,3178.907436,QR,Travel,UK,2,0.8704748614,0.8790254942,1
1477,143,85.95366879,Online,Clothing,DE,18,0.2427314359,0.1207628717,0
733,282,87.95197086,Online,Electronics,FR,17,0.2055465402,0.1917425125,0
961,783,223.6633041,ATM,Electronics,TR,20,0.1523433366,0.2177253004,0
7856,296,40.8153829,QR,Electronics,FR,6,0.2856205519,0.2226869291,0
2661,189,86.07852577,QR,Clothing,FR,10,0.1664753765,0.2359833983,0
8208,904,16.39202432,Online,Food,US,22,0.1880456311,0.07911471744,0
3967,955,84.2322911,Online,Travel,UK,17,0.04391576791,0.2418972744,0
3748,65,90.80847098,QR,Food,FR,16,0.2207083214,0.2386330939,0
3576,606,118.4608706,QR,Travel,UK,22,0.2869211013,0.1450558174,0
8435,705,145.8336856,ATM,Food,UK,15,0.290648613,0.02883309942,0
9615,306,638.0233816,ATM,Clothing,FR,10,0.9725905152,0.8939710165,1
450,393,61.2769178,POS,Electronics,FR,20,0.00339861605,0.2238195748,0
8541,420,93.94170536,QR,Clothing,US,13,0.2080196804,0.1890683234,0
3193,371,277.2032505,Online,Travel,UK,14,0.02074918609,0.007219611415,0
3482,155,32.36863169,POS,Grocery,UK,12,0.2397663298,0.1118848085,0
3822,84,167.491223,QR,Travel,TR,16,0.279484079,0.1818900837,0
8476,67,119.6883121,QR,Travel,FR,21,0.1612816447,0.2880996691,0
76,82,159.5176014,POS,Electronics,TR,22,0.2334301787,0.15897403,0
2772,790,90.23986066,QR,Clothing,TR,8,0.1144633248,0.2872194329,0
6071,173,123.9411955,ATM,Travel,UK,17,0.1707579443,0.119140283,0
1922,975,103.4446808,QR,Travel,TR,9,0.2692298775,0.1084639513,0
3025,987,95.13981649,QR,Travel,US,19,0.04283596171,0.02629888011,0
129,22,79.81223164,QR,Travel,DE,17,0.1665805781,0.238212297,0
8362,742,7.89586212,POS,Travel,FR,9,0.04289811011,0.04992105223,0
832,725,132.9467677,POS,Travel,DE,9,0.05538997292,0.2075958684,0
2936,533,167.3059876,QR,Grocery,UK,6,0.1741969831,0.2112770429,0
6954,920,190.5850604,Online,Grocery,UK,19,0.2595620835,0.2022994424,0
8182,252,33.70649556,QR,Electronics,FR,22,0.1234166315,0.02072622887,0
9603,91,1433.789028,Online,Clothing,UK,6,0.9783332555,0.7896962019,1
4775,117,138.4546331,POS,Electronics,US,18,0.04326931838,0.01584888393,0
6454,690,174.9042181,QR,Grocery,FR,8,0.2273317005,0.1183724508,0
1862,405,128.5515732,Online,Travel,TR,19,0.2652236383,0.06329533077,0
8189,742,103.9097566,POS,Travel,TR,6,0.06444672485,0.2751232482,0
4828,577,140.5363334,Online,Clothing,UK,15,0.01449010957,0.04016552873,0
4527,1,43.40568107,Online,Travel,DE,22,0.09342592264,0.1261852686,0
4766,911,40.93225177,Online,Clothing,US,14,0.02969988423,0.2518493153,0
1498,338,30.56889927,QR,Electronics,US,18,0.2096305983,0.1469618651,0
1743,90,115.4426324,ATM,Travel,FR,12,0.1693395603,0.09297342964,0
3136,149,140.4205588,POS,Grocery,UK,7,0.1281204928,0.1849045253,0
9554,298,10,ATM,Grocery,DE,4,0.9678067795,0.8600706737,1
8959,427,78.24106137,QR,Clothing,DE,9,0.09154542919,0.06537508712,0
6668,703,21.88384192,POS,Clothing,TR,9,0.2907963219,0.2994788932,0
621,172,70.22883986,ATM,Food,US,12,0.0287488693,0.1082335365,0
5407,18,44.00304315,QR,Travel,FR,17,0.1590387764,0.2468789396,0
3747,849,184.1142048,ATM,Travel,US,6,0.2186263616,0.1026099378,0
3099,687,67.27252301,Online,Grocery,TR,14,0.1250597334,0.1424118197,0
1813,539,100.596299,POS,Electronics,TR,13,0.06765299515,0.2636201092,0
6537,275,111.7030655,ATM,Clothing,US,18,0.1049004804,0.1635086032,0
2863,891,93.20543072,Online,Travel,DE,22,0.2195052792,0.1667807766,0
174,860,124.9302409,ATM,Clothing,FR,20,0.1302284985,0.2134783439,0
7331,338,157.3336134,Online,Food,TR,17,0.2431433836,0.047623712,0
2654,750,1,ATM,Grocery,TR,16,0.09635517592,0.2552362316,0
675,192,108.7786031,ATM,Electronics,FR,21,0.09865176179,0.2205403536,0
5088,185,87.92900822,POS,Electronics,FR,6,0.06026059366,0.05772842961,0
182,87,48.73330547,POS,Grocery,UK,18,0.1023399607,0.03203888661,0
8565,273,30.5076467,Online,Grocery,DE,15,0.0001438564305,0.1536814347,0
2809,522,173.2677354,QR,Grocery,FR,9,0.2733769608,0.1009711878,0
7389,375,44.33668656,ATM,Food,TR,16,0.04933516403,0.1055013691,0
3629,878,109.5316298,Online,Grocery,DE,20,0.2919671793,0.06835175411,0
15,663,52.68621841,ATM,Electronics,US,22,0.2506252298,0.2066266948,0
9045,838,135.5867184,QR,Clothing,FR,22,0.184743158,0.2898224409,0
1856,838,87.88116923,Online,Clothing,FR,6,0.1526133915,0.2808697342,0
6893,168,50.03530962,POS,Grocery,US,10,0.06724419912,0.248491199,0
6524,989,71.80352601,POS,Travel,FR,11,0.2371981975,0.1233448267,0
5506,236,95.97298377,QR,Clothing,DE,8,0.226955948,0.2997075411,0
3878,342,122.7251286,POS,Clothing,DE,18,0.0291044165,0.080986804,0
2001,649,125.1398647,QR,Travel,DE,21,0.03304949879,0.09505864695,0
1411,381,185.0067455,POS,Food,TR,6,0.01546333427,0.2571122439,0
5213,299,47.86512954,QR,Food,US,23,0.2496367749,0.2416299729,0
812,212,58.77573472,QR,Electronics,DE,13,0.2460161563,0.006340890355,0
4990,678,52.8495298,POS,Food,US,17,0.1065951495,0.05878273236,0
2790,24,62.97181108,ATM,Electronics,US,21,0.03630258718,0.1626991498,0
509,908,22.62889358,ATM,Clothing,US,16,0.04443433009,0.01987230505,0
6811,19,88.73888308,ATM,Food,DE,13,0.09966188027,0.1385009197,0
6182,211,87.91610177,QR,Grocery,DE,17,0.08129372566,0.1233675927,0
9123,81,61.59293033,POS,Grocery,UK,11,0.1841764927,0.07717011341,0
6971,271,130.0032663,POS,Travel,TR,17,0.2393568278,0.001773246149,0
8631,380,149.0169335,POS,Travel,DE,7,0.1415261413,0.08371923574,0
8832,416,17.72114705,POS,Clothing,UK,15,0.2781099274,0.1311196653,0
4425,983,117.6609591,POS,Food,FR,11,0.1645585018,0.12034463,0
6672,209,83.29898329,Online,Clothing,TR,18,0.1717409903,0.1513157141,0
7911,996,200.5310317,POS,Clothing,UK,9,0.2387533501,0.03678970824,0
2645,163,164.6589043,POS,Clothing,US,13,0.2747314644,0.04795135936,0
9383,416,114.7421782,ATM,Electronics,UK,9,0.1333924605,0.2626017287,0
615,154,170.7321334,Online,Clothing,TR,16,0.04926119344,0.008045310351,0
2861,574,47.60950908,QR,Travel,TR,22,0.0100212025,0.03264733608,0
1972,762,210.9133497,Online,Grocery,FR,6,0.2476818164,0.02304407,0
9607,242,2909.303831,POS,Food,DE,20,0.8374950851,0.755615682,1
2217,1,158.0200915,POS,Electronics,FR,22,0.09581657633,0.1066042382,0
5098,914,86.17743732,POS,Food,TR,12,0.1473883663,0.2617081574,0
2051,489,235.6809889,QR,Food,UK,20,0.2829967365,0.2691102072,0
2631,121,43.88725106,QR,Grocery,FR,7,0.1095277546,0.05839019606,0
6274,35,70.03277597,QR,Travel,US,15,0.1045492747,0.2755422803,0
9003,835,102.1743464,Online,Travel,UK,15,0.1500636243,0.1974937842,0
9265,768,167.3046776,QR,Food,US,21,0.1363589332,0.127024231,0
889,191,87.22747843,Online,Food,TR,13,0.1374296452,0.2064244558,0
3172,709,63.45671899,ATM,Food,DE,23,0.0004997727676,0.2787081885,0
6,905,177.9091815,ATM,Travel,DE,16,0.1078575249,0.1566975756,0
4104,231,68.37657918,Online,Food,FR,21,0.02172186077,0.08910795033,0
4375,972,186.2642828,ATM,Travel,US,23,0.01183039869,0.07769370768,0
2407,463,66.22219203,Online,Travel,TR,23,0.0873676143,0.1910627181,0
1506,692,42.63292418,ATM,Grocery,FR,14,0.2649348159,0.1108580634,0
7744,488,1,ATM,Clothing,UK,13,0.2571303647,0.08689972581,0
4972,211,74.10973673,POS,Food,DE,21,0.2300395442,0.06411048584,0
5758,324,95.84473458,POS,Travel,US,20,0.1553618596,0.2169762834,0
7418,135,73.17213581,ATM,Electronics,UK,15,0.04865282732,0.05194600763,0
6107,885,105.6707599,QR,Electronics,UK,7,0.08450737837,0.02620493706,0
9971,446,1719.829437,QR,Clothing,FR,6,0.7426636639,0.7815727914,1
9178,734,24.11812976,ATM,Clothing,UK,9,0.1928240418,0.009588524011,0
6595,797,121.145958,QR,Grocery,UK,20,0.03961959294,0.0632761291,0
2316,114,105.0144861,POS,Electronics,TR,19,0.2211580601,0.1530389487,0
2779,883,71.41908042,ATM,Travel,TR,16,0.02022159025,0.2502871395,0
8297,886,170.4455379,QR,Clothing,DE,13,0.06697216392,0.2841298472,0
2470,660,69.60033514,POS,Travel,TR,16,0.08983062242,0.1796217453,0
1516,735,97.90599725,POS,Food,UK,7,0.07166250832,0.2775634759,0
3460,259,62.97870097,POS,Food,UK,13,0.03608643078,0.1219903038,0
4432,368,47.42343832,POS,Clothing,DE,19,0.08575930057,0.1957047478,0
6303,65,35.73886066,POS,Clothing,DE,8,0.02763043027,0.06506225044,0
6829,914,187.2104911,QR,Grocery,FR,21,0.2703872666,0.2741844514,0
750,627,98.24282103,ATM,Food,UK,16,0.09180957179,0.1036705368,0
131,445,100.0360453,ATM,Travel,UK,11,0.02845998347,0.05459481045,0
7797,93,63.0787497,POS,Food,TR,17,0.06511325731,0.1035214226,0
1438,238,90.59485622,POS,Clothing,TR,19,0.2510937584,0.08893425084,0
2440,627,230.2079177,QR,Clothing,TR,13,0.03233700186,0.1721745964,0
9631,272,307.8415883,Online,Travel,FR,8,0.7049791549,0.8927105568,1
4882,815,176.7404903,ATM,Grocery,DE,10,0.02262745695,0.09082575518,0
9638,504,8065.537608,QR,Grocery,US,4,0.8984852349,0.7757795855,1
2380,587,101.8309963,QR,Clothing,US,17,0.05255307348,0.2895347893,0
3201,864,97.49673209,POS,Electronics,US,18,0.2063464588,0.2257236291,0
1023,360,43.67634376,ATM,Travel,US,12,0.01302787258,0.1427454278,0
2291,505,97.48000247,Online,Food,TR,15,0.291985633,0.2504089847,0
6438,113,145.563732,Online,Grocery,FR,19,0.05831308224,0.1458556743,0
4557,26,105.6948786,QR,Travel,UK,7,0.03690548317,0.1811499069,0
7179,221,169.4043445,POS,Electronics,UK,9,0.09550743284,0.279315824,0
3616,196,93.66368292,QR,Travel,FR,10,0.2134776524,0.2314684164,0
7503,439,93.87735932,QR,Food,US,20,0.04148968945,0.1049754414,0
1791,338,140.3886716,ATM,Travel,DE,20,0.02052536616,0.1054907743,0
2490,236,8.041480541,Online,Electronics,FR,23,0.2874089966,0.1488192367,0
4076,955,74.22518445,QR,Grocery,TR,12,0.01139921259,0.1060288295,0
7972,383,141.4852065,POS,Grocery,UK,23,0.1360231503,0.2392741083,0
3247,527,137.185791,QR,Grocery,TR,21,0.2750272425,0.000923029059,0
1279,128,130.5893525,QR,Clothing,US,23,0.08672857575,0.0188686384,0
4249,255,116.7099472,Online,Clothing,DE,13,0.1943973724,0.2886672339,0
6939,529,133.9963918,QR,Clothing,FR,7,0.1517106535,0.1599486962,0
8709,790,176.3156248,QR,Electronics,FR,6,0.08799305178,0.209463222,0
1171,945,106.1736157,QR,Travel,UK,12,0.00282858369,0.1711691787,0
1381,605,120.73127,Online,Clothing,DE,15,0.2378183864,0.02066198116,0
5101,861,129.3964134,Online,Food,UK,23,0.09561470127,0.2240866399,0
2639,326,91.11875207,QR,Clothing,US,15,0.04441760854,0.09111416426,0
9192,549,33.86016239,ATM,Clothing,UK,8,0.1565988545,0.001075906322,0
2023,789,215.5629502,POS,Food,UK,13,0.2339546535,0.1366838884,0
3407,272,107.2512086,Online,Travel,TR,23,0.2585473221,0.2555920514,0
7656,856,54.88750623,POS,Electronics,DE,23,0.2324352026,0.1700847281,0
429,630,57.99699822,Online,Electronics,DE,6,0.02895098013,0.2000516723,0
97,507,47.99168474,ATM,Travel,TR,20,0.009964422952,0.09127540435,0
1339,136,102.8848611,ATM,Travel,US,12,0.1707737391,0.2070458699,0
5846,905,85.55760806,POS,Grocery,UK,11,0.2205435621,0.0189500459,0
6030,494,121.1822894,QR,Grocery,DE,23,0.02518400576,0.008791092033,0
543,331,28.74111177,QR,Travel,DE,21,0.2055790662,0.01120578293,0
8337,540,149.539975,POS,Clothing,TR,6,0.2858117088,0.03385171296,0
5149,15,43.23873221,Online,Clothing,UK,11,0.2527260535,0.1106531198,0
4976,476,112.2223979,Online,Food,TR,19,0.2211082824,0.07665155846,0
1308,443,65.0017332,Online,Grocery,FR,9,0.01503611839,0.03279138023,0
5649,507,36.10250573,POS,Food,FR,13,0.2022489372,0.1076058998,0
232,234,1,QR,Clothing,DE,22,0.2606302294,0.2169380782,0
5163,844,91.01219335,Online,Food,US,9,0.2557008968,0.178069867,0
7803,10,99.18651195,ATM,Electronics,DE,8,0.02425830824,0.2770036728,0
1336,880,166.8190902,QR,Electronics,UK,15,0.2782973156,0.2771106716,0
8294,986,87.4514278,ATM,Clothing,DE,9,0.2356301835,0.2678136388,0
494,735,134.5315285,QR,Clothing,FR,14,0.05884345532,0.1977708797,0
5770,954,56.85953682,Online,Grocery,UK,13,0.1322202968,0.02533843997,0
4339,529,94.9641373,POS,Electronics,DE,12,0.1132041002,0.02252434241,0
3005,106,115.4063732,QR,Electronics,TR,17,0.1853022543,0.1700227566,0
1905,149,59.42232283,ATM,Electronics,FR,14,0.130149666,0.001583697616,0
1298,620,188.4668662,QR,Travel,FR,21,0.005709290424,0.2901536351,0
1721,766,111.0056937,QR,Clothing,FR,7,0.199032996,0.1943316535,0
8383,908,110.2309113,ATM,Clothing,UK,7,0.1767230673,0.001497384792,0
6697,943,119.4374152,POS,Travel,TR,18,0.1588332354,0.2857938043,0
5244,180,124.3761029,ATM,Travel,US,15,0.1863213332,0.2872267758,0
282,821,182.3184198,QR,Grocery,TR,15,0.2623531948,0.1027583274,0
557,619,121.567255,QR,Clothing,DE,9,0.1708809822,0.002079028484,0
6793,522,70.20462796,Online,Grocery,TR,10,0.08761984382,0.2647072705,0
6869,941,73.3929065,Online,Travel,FR,8,0.043987574,0.02336057724,0
7799,224,70.18695577,POS,Grocery,TR,9,0.2260387638,0.01377582899,0
7077,676,61.78418849,QR,Electronics,UK,15,0.02964585525,0.2138975808,0
8694,176,151.4595295,Online,Grocery,DE,10,0.07120402398,0.2102658953,0
1088,72,101.2485631,QR,Grocery,TR,10,0.1316552025,0.135292972,0
6840,789,34.4323054,POS,Grocery,UK,16,0.07540888186,0.134810133,0
2391,919,171.1280164,Online,Clothing,DE,16,0.04153101345,0.0506261769,0
1753,399,159.6551837,Online,Electronics,US,8,0.001848861769,0.04738713573,0
7167,395,157.3534324,QR,Grocery,US,16,0.02063707405,0.223576669,0
5085,176,89.51212346,POS,Grocery,UK,13,0.01756528523,0.1321102709,0
5300,335,99.67307282,ATM,Travel,UK,13,0.2169438349,0.1679881673,0
2718,617,88.17468123,POS,Grocery,DE,21,0.1516239917,0.1019476665,0
7258,934,203.7977056,ATM,Clothing,UK,18,0.1354268686,0.05019784338,0
7265,753,93.40316426,ATM,Electronics,TR,6,0.06888172977,0.1921813329,0
8240,380,102.4821882,POS,Food,UK,23,0.2593897027,0.0282130849,0
8187,669,96.06140853,QR,Travel,DE,9,0.01858269816,0.05916522281,0
8840,147,153.6092919,ATM,Food,FR,15,0.0801590924,0.1791009877,0
5781,619,37.56126847,QR,Electronics,FR,8,0.1556675028,0.2484230887,0
1057,585,131.0627227,Online,Grocery,US,15,0.2667223006,0.03995766566,0
9171,333,1,POS,Clothing,US,18,0.1791395708,0.1160702533,0
6803,100,74.51051355,Online,Electronics,FR,14,0.1817626061,0.02398332476,0
8438,911,185.3231228,Online,Grocery,US,21,0.09222282425,0.01842940999,0
9309,937,40.0096913,Online,Food,FR,6,0.1043690209,0.1237627554,0
8965,209,143.0200478,QR,Travel,US,17,0.1730655178,0.03632948251,0
6132,540,29.52255598,QR,Food,FR,19,0.2488968971,0.1830808654,0
1602,894,140.8110936,QR,Food,TR,12,0.07663978169,0.0979130422,0
1254,251,117.6416822,ATM,Grocery,DE,16,0.1686650574,0.1091777059,0
1021,830,63.96330064,POS,Electronics,TR,13,0.2272729385,0.127227625,0
1751,350,149.5823584,ATM,Food,US,6,0.1058936645,0.03061600449,0
460,862,140.528896,POS,Travel,TR,11,0.2343871253,0.1111470877,0
933,831,145.9874239,POS,Electronics,US,16,0.2705785537,0.2555352165,0
113,320,142.2919812,ATM,Grocery,DE,13,0.003756161365,0.1796135003,0
7512,566,82.50647983,Online,Electronics,US,18,0.2499448331,0.02377684785,0
7673,648,88.820411,ATM,Travel,TR,20,0.1410003481,0.2304259876,0
2784,923,107.5578873,Online,Electronics,US,14,0.01351258836,0.2446364846,0
1618,756,125.6817517,Online,Travel,US,14,0.2484393214,0.07693195293,0
3851,939,89.62192169,QR,Food,FR,16,0.07466384027,0.2444828076,0
3543,629,91.10101256,POS,Food,US,9,0.2874935763,0.04905556644,0
6478,811,158.9197401,Online,Clothing,UK,19,0.1824242194,0.1746550776,0
3244,924,24.01055983,POS,Electronics,DE,7,0.1462936634,0.1834605096,0
6502,810,105.9538284,ATM,Clothing,DE,7,0.2326470043,0.193077257,0
8494,842,66.70745387,ATM,Electronics,FR,10,0.08214326432,0.06450417664,0
4771,128,1,ATM,Clothing,FR,6,0.2904346977,0.2121405223,0
1238,548,97.19926641,ATM,Travel,DE,20,0.2137751467,0.2736874596,0
1518,533,63.73781617,POS,Electronics,TR,6,0.1186279667,0.2246234766,0
4950,80,51.3085832,ATM,Travel,UK,10,0.09809784188,0.07116109061,0
3049,961,177.0986174,POS,Clothing,TR,8,0.2418095369,0.1070283083,0
5742,331,52.54798544,Online,Grocery,US,10,0.04717800857,0.104216486,0
9087,868,119.2705088,Online,Travel,TR,23,0.2266063149,0.2557226075,0
6865,716,199.570638,QR,Electronics,FR,9,0.2853571254,0.1424757265,0
6412,312,203.3834053,POS,Electronics,US,20,0.2825146053,0.2292969908,0
1993,906,58.88322643,POS,Travel,FR,10,0.153417214,0.1974372747,0
2329,961,134.111054,ATM,Clothing,FR,19,0.215247798,0.01206763829,0
4214,252,85.47482905,Online,Food,US,9,0.1980225027,0.2900542252,0
608,321,75.47145826,Online,Clothing,UK,12,0.1276370094,0.1365023816,0
2255,307,119.9634704,QR,Food,TR,13,0.1749511443,0.2170935984,0
7691,330,46.04877704,POS,Food,TR,22,0.05734444943,0.2533280956,0
9061,887,144.4520886,POS,Food,DE,13,0.2770201564,0.2472131218,0
5283,938,191.99555,POS,Travel,DE,22,0.2743495314,0.04756367346,0
3617,553,89.67266328,Online,Clothing,FR,19,0.2015957755,0.2771862635,0
6666,758,78.54252532,ATM,Clothing,US,23,0.01380208058,0.001211915234,0
3054,693,127.5796507,POS,Electronics,UK,8,0.1389963209,0.1263091528,0
4270,920,106.2386744,QR,Grocery,US,7,0.04352187864,0.0774059837,0
6168,564,128.3312475,POS,Grocery,DE,20,0.08600266062,0.2752826876,0
2592,569,1,POS,Clothing,TR,7,0.02017275492,0.05830274009,0
9959,150,1240.61912,ATM,Food,TR,19,0.975648929,0.8947920649,1
4591,582,93.7212206,ATM,Grocery,TR,7,0.01940153996,0.1185162209,0
1463,752,97.93781467,QR,Clothing,TR,19,0.08415414035,0.1719026403,0
9884,591,911.6570674,Online,Travel,TR,4,0.8890718164,0.9465051434,1
6763,755,96.70281958,ATM,Travel,TR,18,0.02905659984,0.2249789325,0
7142,259,112.566563,POS,Electronics,UK,18,0.2683924259,0.006755143213,0
6665,837,21.04091619,Online,Clothing,US,18,0.07188136316,0.2422214118,0
7420,420,128.6867741,QR,Grocery,DE,16,0.07983589935,0.07997124185,0
3843,462,138.1550012,Online,Travel,DE,10,0.2352731312,0.1983295163,0
8582,252,74.85144945,QR,Travel,FR,17,0.1351667456,0.2354103876,0
2502,751,79.44591912,QR,Travel,UK,18,0.2552809124,0.03518292302,0
1662,194,73.03009492,Online,Electronics,US,23,0.2974776777,0.1960605925,0
8692,463,33.06586292,ATM,Electronics,UK,7,0.06101321989,0.2362890709,0
3785,438,156.8171398,ATM,Electronics,UK,20,0.2436811978,0.2101124181,0
2366,446,33.59895704,QR,Food,DE,8,0.1762863964,0.1539572974,0
5913,81,156.1949433,QR,Clothing,UK,15,0.0589809528,0.2062872437,0
8687,636,26.61143297,QR,Clothing,TR,11,0.2088375481,0.1031718046,0
1492,946,154.4893507,POS,Grocery,UK,19,0.01537760001,0.1319105744,0
9841,865,1026.43497,ATM,Clothing,DE,11,0.7142935372,0.7036275553,1
5175,415,97.42423326,Online,Food,UK,8,0.1982678567,0.09458697518,0
2338,176,44.55918394,Online,Grocery,TR,19,0.05484607023,0.1155348042,0
1576,47,128.111953,ATM,Food,DE,11,0.03757039713,0.1404612746,0
6990,65,132.1758839,ATM,Travel,US,7,0.1095060433,0.09802134986,0
9672,304,10,ATM,Grocery,UK,6,0.8887955232,0.8424759326,1
6756,539,131.6229343,ATM,Clothing,FR,22,0.08281286639,0.0358002126,0
9090,933,88.78407676,Online,Clothing,DE,11,0.2137554175,0.004864775773,0
6164,5,45.37664798,ATM,Clothing,US,18,0.1630613802,0.2784082612,0
620,652,78.01500245,ATM,Grocery,FR,13,0.05823853562,0.1561054593,0
4809,619,81.71565076,Online,Travel,US,14,0.04655742502,0.002953807796,0
5531,372,126.1975937,QR,Travel,DE,21,0.05186643166,0.1350429589,0
9243,1,43.05725163,ATM,Clothing,DE,16,0.05245879989,0.2166596899,0
8893,206,100.6174845,QR,Clothing,TR,19,0.03687646255,0.1513089489,0
3887,961,35.84640051,Online,Clothing,FR,23,0.06370747885,0.1723773182,0
143,411,105.879084,QR,Grocery,DE,12,0.1211867558,0.1476928944,0
1799,449,171.6917245,Online,Electronics,DE,22,0.07595160356,0.1030041527,0
9319,576,117.5929715,QR,Travel,TR,17,0.2416987486,0.1584478203,0
1914,339,168.1032478,Online,Food,UK,22,0.1161075499,0.02024388676,0
7473,629,197.1480717,POS,Food,UK,21,0.2490195757,0.0666824841,0
4711,131,35.57041458,ATM,Travel,UK,8,0.1058842359,0.274075991,0
2160,798,73.85737065,QR,Food,DE,8,0.1681881674,0.1341284004,0
2492,310,106.5490565,Online,Electronics,FR,17,0.1648715266,0.2894703011,0
9717,459,10,QR,Electronics,US,21,0.8250306664,0.8745542073,1
763,565,74.83781723,POS,Grocery,DE,22,0.03599072612,0.008357134644,0
4477,939,35.78570908,Online,Food,DE,22,0.1426567679,0.2726319851,0
6458,674,104.6256302,POS,Grocery,DE,15,0.1211512162,0.1035256505,0
82,656,204.5788185,ATM,Electronics,US,23,0.1442913208,0.254432717,0
7124,74,207.6036678,ATM,Grocery,FR,22,0.03596017823,0.2936904804,0
4428,839,72.68881578,ATM,Travel,DE,20,0.2364941571,0.2622435633,0
6104,803,73.95338199,QR,Electronics,UK,10,0.1161273285,0.230210607,0
9437,714,202.2946648,QR,Food,DE,12,0.2931952684,0.2331573828,0
5961,904,146.2457335,POS,Grocery,US,12,0.2389405229,0.2074864267,0
2411,459,112.4129898,POS,Grocery,US,19,0.1839449516,0.1825278254,0
5972,28,77.09203357,QR,Grocery,UK,19,0.08776414604,0.01434204362,0
8599,861,100.69151,ATM,Food,US,12,0.2165364585,0.0846359702,0
6275,438,8.669025326,POS,Electronics,UK,15,0.0197416746,0.1945898087,0
3105,434,7.246066826,ATM,Travel,TR,22,0.01316928174,0.1556982789,0
4060,731,88.44186123,ATM,Travel,TR,8,0.1872444005,0.2168083666,0
1573,316,176.135565,ATM,Travel,DE,23,0.1761436305,0.1776192384,0
4088,491,14.686959,POS,Clothing,US,8,0.143387893,0.2915634459,0
6850,414,128.7754364,Online,Food,UK,9,0.2726238212,0.1939320682,0
8493,476,133.648998,POS,Grocery,US,15,0.2378236086,0.2108532074,0
3759,760,179.4086964,POS,Travel,DE,19,0.07452145269,0.02633703276,0
8951,955,75.60644126,ATM,Food,UK,20,0.1185044716,0.1677985371,0
7621,611,119.5062769,ATM,Food,FR,9,0.04738855843,0.06432238765,0
1415,362,45.65123732,QR,Clothing,TR,23,0.230819302,0.01025095054,0
2827,783,244.5829347,POS,Electronics,DE,12,0.118099776,0.07421594622,0
3642,348,159.8547263,Online,Grocery,UK,11,0.1023442509,0.2830939823,0
1657,383,81.0102879,QR,Travel,FR,15,0.05586070924,0.1855876715,0
6432,233,55.8510813,QR,Travel,US,9,0.2047579502,0.1054505731,0
4389,761,15.87719845,Online,Travel,UK,16,0.2982250039,0.2899829952,0
7625,443,34.70000471,QR,Food,DE,15,0.1798115954,0.05192431415,0
7631,934,125.2531333,POS,Travel,US,6,0.2056041033,0.1817330907,0
3504,277,103.2751634,Online,Grocery,FR,7,0.04600717852,0.0217089081,0
1865,942,53.78839923,POS,Food,DE,14,0.1763139923,0.2198338776,0
8580,280,1.056591993,ATM,Clothing,TR,10,0.1862418081,0.003777261969,0
5523,865,102.4924626,Online,Electronics,TR,7,0.1245496247,0.2617440806,0
8886,385,164.6548761,QR,Food,US,17,0.2961315949,0.02841830972,0
7098,503,68.29282774,Online,Electronics,US,14,0.1680912171,0.1854187321,0
3031,791,67.72240677,POS,Travel,US,12,0.1335452659,0.2471404087,0
7242,992,64.23032144,POS,Travel,US,7,0.1581612109,0.07719681056,0
5702,449,45.84855477,Online,Food,FR,13,0.2727922277,0.05475328808,0
2157,75,57.67440778,Online,Food,FR,13,0.236471884,0.1853359601,0
9014,167,1,QR,Travel,TR,21,0.277757213,0.0660362589,0
9194,867,26.53797096,POS,Electronics,TR,22,0.1444553122,0.228758391,0
3463,477,107.2110878,QR,Travel,UK,17,0.007276322873,0.2333060625,0
7298,57,38.69263177,QR,Food,US,17,0.04009028581,0.189773612,0
6324,100,79.4317256,ATM,Grocery,UK,8,0.08803106664,0.1777597982,0
5762,730,55.56448247,Online,Grocery,TR,12,0.08720480955,0.04869440304,0
7145,967,66.02428422,QR,Food,UK,10,0.1598421613,0.1054249732,0
2956,516,120.7622617,QR,Food,US,11,0.06070911954,0.2444780235,0
4229,78,129.7729497,ATM,Electronics,TR,9,0.06577615912,0.006335425604,0
7812,652,126.4641496,QR,Electronics,DE,20,0.08951598361,0.1802513649,0
250,292,138.0836093,Online,Grocery,US,18,0.2413897886,0.1849813785,0
2553,334,127.9359419,QR,Clothing,TR,6,0.07825662883,0.114366887,0
8995,753,49.37530149,Online,Food,UK,16,0.1713660677,0.2365927767,0
3660,495,158.8224413,POS,Travel,US,7,0.1363031094,0.2856437289,0
7830,897,48.343188,QR,Electronics,UK,12,0.123611167,0.03163200045,0
528,862,94.22898494,Online,Food,UK,16,0.1215830992,0.2810362136,0
7494,234,119.2087941,ATM,Electronics,DE,17,0.1978795375,0.2296419635,0
8644,475,175.8615513,QR,Electronics,TR,14,0.1535258235,0.10030573,0
2395,281,137.0904371,POS,Travel,US,19,0.1360979589,0.2072898164,0
1722,924,148.8772601,QR,Clothing,FR,10,0.1116763254,0.02828577563,0
651,684,119.2734738,ATM,Electronics,TR,20,0.2915880046,0.2102755955,0
8005,891,106.5810344,ATM,Food,DE,15,0.03664067596,0.04964821814,0
4358,438,154.6313783,POS,Clothing,US,21,0.08536282309,0.1285004153,0
9037,287,60.3866007,Online,Electronics,DE,15,0.03137863478,0.2070041042,0
9650,663,10,Online,Travel,NG,17,0.800341758,0.7281952865,1
1202,303,155.6636156,QR,Travel,US,17,0.02246825796,0.02121112256,0
1615,803,171.7204023,QR,Clothing,TR,15,0.1514326461,0.07429675771,0
254,501,82.93450769,ATM,Grocery,UK,17,0.1567012221,0.1356386473,0
5842,893,9.688839233,Online,Grocery,FR,17,0.07018785774,0.1256921063,0
881,336,146.8051218,Online,Clothing,FR,9,0.2702710101,0.1762985381,0
9596,316,3191.046256,Online,Travel,TR,11,0.750255934,0.754014038,1
9391,703,99.9673463,ATM,Electronics,DE,16,0.04582000072,0.2361873394,0
6428,580,91.40128971,POS,Clothing,US,6,0.197273654,0.2438608599,0
7454,275,94.88671275,QR,Electronics,TR,14,0.2634147993,0.06217357193,0
7358,235,101.5219781,Online,Electronics,UK,12,0.1737554949,0.276858664,0
4197,698,65.15119912,ATM,Travel,FR,17,0.225905506,0.1988139089,0
3436,721,167.3928794,POS,Clothing,DE,20,0.2885717829,0.2034325717,0
7250,281,191.1135613,Online,Grocery,FR,19,0.2608445143,0.244542235,0
8132,291,85.86953663,ATM,Clothing,TR,8,0.1544713918,0.1914412403,0
6010,125,83.59201575,ATM,Clothing,US,18,0.1657388269,0.06480447169,0
3089,11,28.99585085,QR,Food,UK,11,0.01284334914,0.1626457054,0
2409,270,145.746174,ATM,Clothing,FR,16,0.07689647028,0.198663976,0
2133,733,116.2088654,POS,Electronics,FR,19,0.1374705927,0.01391717324,0
6111,406,106.1525393,Online,Food,TR,11,0.06601098923,0.06027355808,0
72,991,30.47025695,QR,Clothing,UK,14,0.1644488868,0.2365330252,0
4929,962,151.6814168,QR,Food,TR,6,0.2045974768,0.1523927972,0
3838,157,86.6119432,Online,Electronics,US,6,0.04162679597,0.1857032533,0
315,48,87.35416136,QR,Clothing,DE,13,0.1267692652,0.04529484985,0
7116,875,154.1910321,QR,Electronics,DE,10,0.09108357009,0.2610571108,0
6069,829,34.33988855,ATM,Travel,FR,15,0.1237542581,0.1208777294,0
8696,957,150.739253,POS,Electronics,FR,18,0.2518404257,0.2671879391,0
8528,693,131.2397695,POS,Grocery,UK,8,0.0417286514,0.2649746766,0
4324,833,85.1699196,QR,Clothing,TR,12,0.2924657641,0.01722758605,0
2192,910,59.93043649,QR,Grocery,DE,7,0.2316355398,0.1673730803,0
7441,988,181.5720201,ATM,Grocery,DE,16,0.1204854752,0.1316195783,0
3350,266,82.86988796,ATM,Clothing,FR,8,0.206330091,0.09445366008,0
5167,177,82.00157893,POS,Electronics,UK,15,0.1545870719,0.2760087275,0
1660,504,51.6559237,POS,Electronics,DE,12,0.1453477833,0.1942550006,0
7936,269,99.14696564,POS,Clothing,UK,21,0.2213598266,0.09371505842,0
8277,699,85.29961194,POS,Electronics,TR,22,0.006133803816,0.08494067397,0
2516,890,137.319154,QR,Travel,TR,9,0.2012912501,0.2506568411,0
4671,228,192.1658023,ATM,Food,DE,12,0.2489960855,0.2398191797,0
8370,132,116.8405636,POS,Electronics,FR,6,0.007186354346,0.05314740239,0
4051,747,178.9933478,POS,Travel,UK,11,0.06779161759,0.2815899941,0
2213,472,71.39240335,Online,Clothing,FR,9,0.126327545,0.2947732722,0
4898,92,96.11029553,ATM,Electronics,TR,22,0.2671908266,0.2226947915,0
8998,724,147.7321061,Online,Travel,DE,10,0.2084481266,0.262459998,0
1881,117,137.9516338,QR,Travel,DE,10,0.1959068737,0.1980793132,0
7728,44,34.65072704,POS,Clothing,US,14,0.1387415998,0.1020870809,0
3727,813,63.31113586,Online,Electronics,FR,6,0.09664348688,0.1801230147,0
9444,382,137.3533659,POS,Grocery,US,9,0.04578892852,0.1100751302,0
7684,787,87.3035845,Online,Travel,TR,6,0.1386254335,0.2899299298,0
7310,619,107.1601096,POS,Grocery,DE,9,0.04690833277,0.232624927,0
9873,485,22.16842906,QR,Clothing,NG,18,0.996874029,0.9194788209,1
7391,418,124.295917,POS,Grocery,FR,15,0.155034475,0.1372957977,0
218,470,69.20219032,ATM,Travel,TR,14,0.02184996549,0.2954851866,0
5805,473,68.91689975,Online,Food,DE,20,0.2593329941,0.1667354843,0
1854,832,1,POS,Electronics,US,12,0.003344192242,0.0186231094,0
9686,888,10,POS,Clothing,UK,4,0.8957586767,0.905504868,1
3494,550,60.82751295,ATM,Clothing,US,17,0.05703645173,0.03711509108,0
7628,912,104.1562909,QR,Food,FR,9,0.08056316117,0.03385590329,0
2423,470,121.5283692,Online,Clothing,US,15,0.05426970199,0.1528013276,0
5126,615,114.3739838,ATM,Travel,FR,13,0.2107424723,0.06022969133,0
2515,716,123.0681761,ATM,Travel,TR,18,0.160383849,0.1601575954,0
3148,728,69.66845863,ATM,Electronics,US,13,0.2601506623,0.2883430509,0
9432,986,30.72329011,QR,Clothing,UK,15,0.1145550089,0.02263458697,0
300,325,61.90621855,POS,Travel,TR,18,0.01897213368,0.1031400781,0
5984,101,154.7819669,QR,Food,TR,9,0.07879479076,0.1252588386,0
7758,322,131.4589929,ATM,Grocery,UK,9,0.2267828832,0.1290529391,0
8073,810,56.29482186,QR,Food,FR,21,0.06321432178,0.00614342895,0
3286,170,147.9195976,QR,Travel,FR,14,0.1919566307,0.2575542481,0
1464,573,100.1073141,QR,Grocery,US,10,0.1970513946,0.1102990628,0
2433,669,269.9063659,POS,Electronics,UK,15,0.2037633728,0.07723953716,0
4260,888,107.4181429,QR,Clothing,TR,6,0.2604959846,0.2908171525,0
1769,597,70.53047026,Online,Travel,US,6,0.1766319979,0.1012487643,0
4537,872,195.5961619,ATM,Electronics,US,12,0.04865187574,0.0675605149,0
834,784,117.3348814,POS,Food,TR,20,0.1854896658,0.1771552508,0
4309,998,70.67939616,Online,Food,UK,9,0.1055025239,0.1258738441,0
359,464,176.3714693,QR,Electronics,UK,12,0.2608572382,0.2746445858,0
6949,994,28.49492039,POS,Electronics,FR,13,0.09192012463,0.2012267421,0
727,994,132.7064001,QR,Grocery,US,19,0.2306188854,0.2869554483,0
105,893,46.87462122,QR,Food,FR,22,0.01024256448,0.0744974706,0
2791,585,1,ATM,Travel,FR,6,0.2867886594,0.2850970102,0
1000,558,112.9566828,Online,Travel,FR,13,0.1708356134,0.1529402493,0
6171,505,93.94839188,POS,Grocery,US,22,0.1694719734,0.1018101835,0
7105,273,133.4363875,ATM,Food,DE,21,0.2591849892,0.09585148348,0
5233,844,61.34809088,ATM,Clothing,US,15,0.140722835,0.0664068848,0
8462,788,88.61143619,POS,Electronics,DE,9,0.06223141413,0.1301059605,0
917,924,64.91247789,POS,Clothing,DE,17,0.1473947184,0.07587300472,0
6497,312,67.40502031,POS,Electronics,US,13,0.02981882704,0.2792673033,0
5313,858,87.81878086,ATM,Travel,US,13,0.2848578081,0.2201848391,0
9827,690,22.16842906,QR,Travel,DE,12,0.9341916082,0.9260475404,1
3300,967,58.79332582,Online,Clothing,TR,12,0.03913421409,0.1398409965,0
3763,34,103.1701755,POS,Food,TR,6,0.09105818768,0.2840661604,0
7152,953,139.0737309,ATM,Travel,TR,8,0.202548587,0.2553583023,0
439,277,45.12802117,ATM,Travel,UK,20,0.02352222727,0.1995840509,0
1303,963,48.64922059,ATM,Food,FR,20,0.002192922758,0.2989300888,0
73,289,27.64132031,Online,Grocery,FR,17,0.01843397545,0.199820284,0
5210,820,70.40885616,Online,Electronics,DE,7,0.1266695097,0.2520266285,0
7898,339,78.63637091,QR,Clothing,US,7,0.2756520791,0.06082462923,0
4922,237,36.25971924,Online,Travel,TR,14,0.09631133233,0.1933892285,0
9938,659,832.0540075,POS,Food,UK,0,0.8633276285,0.9114291051,1
7062,958,66.43380962,ATM,Electronics,DE,18,0.006499610104,0.04842337698,0
3970,380,136.5124877,ATM,Clothing,US,17,0.1412745682,0.1290425082,0
5691,139,171.3575124,QR,Electronics,US,7,0.08219165983,0.1285439416,0
1317,889,1,ATM,Travel,TR,14,0.1541323601,0.1328511868,0
2393,629,76.28240526,Online,Clothing,FR,15,0.1002021901,0.2274927294,0
1426,174,140.4331383,POS,Grocery,US,13,0.1924166362,0.03963058316,0
5856,65,111.7179845,QR,Electronics,UK,10,0.1305619177,0.2667370604,0
4838,379,37.95454672,ATM,Electronics,UK,7,0.05653632087,0.01042682841,0
4762,774,145.8134599,POS,Food,DE,10,0.2742718342,0.02717412013,0
7827,701,168.3830257,Online,Electronics,TR,10,0.03903249736,0.09592138862,0
7319,73,185.9226708,ATM,Electronics,TR,7,0.2703310756,0.2525341827,0
6585,268,99.63798007,ATM,Grocery,FR,6,0.1665752372,0.08102954736,0
9955,291,10,POS,Clothing,FR,4,0.8856778533,0.9235001341,1
8931,102,133.2343025,ATM,Electronics,UK,7,0.004056598412,0.2487140028,0
2844,699,148.4920432,Online,Food,US,15,0.07043253629,0.2647591846,0
9772,571,624.7219124,Online,Food,FR,8,0.8327273305,0.7882594316,1
2203,775,90.15371387,ATM,Electronics,UK,16,0.2221435602,0.09827303829,0
7615,903,131.414736,Online,Clothing,DE,11,0.1032792208,0.1255670412,0
8866,351,94.85313708,Online,Travel,UK,23,0.242622564,0.04448079049,0
472,568,122.5734793,Online,Grocery,US,9,0.06515756142,0.09430762017,0
5445,48,115.4541809,POS,Grocery,UK,20,0.0373849352,0.1544388181,0
2986,606,96.42925108,QR,Food,FR,23,0.2061437251,0.1591791901,0
5812,443,37.52617557,ATM,Electronics,UK,23,0.1871999298,0.1785103315,0
3362,628,86.16244846,POS,Grocery,UK,18,0.1922457357,0.00688085843,0
6536,114,133.0361912,ATM,Electronics,DE,16,0.2771513424,0.2587523812,0
879,244,70.61170475,ATM,Travel,UK,22,0.05005082172,0.2483219803,0
53,103,55.20020734,POS,Travel,US,7,0.1526067831,0.2873243967,0
6923,397,127.4223924,Online,Clothing,DE,19,0.001740186619,0.1280334567,0
8820,190,49.96492816,Online,Electronics,UK,14,0.1403470309,0.2403639969,0
4829,745,187.6702314,Online,Clothing,TR,15,0.1623998886,0.2351830668,0
8057,145,51.98735378,ATM,Grocery,UK,18,0.2759663148,0.2476001842,0
1085,718,177.2618856,Online,Travel,DE,21,0.1840357407,0.1563465027,0
7582,597,68.75450188,QR,Grocery,TR,11,0.1171947737,0.01881584478,0
4808,397,73.5801614,Online,Grocery,DE,8,0.05746109007,0.1732632631,0
7392,753,51.45075674,QR,Grocery,UK,16,0.1541558891,0.1786982943,0
1197,160,31.08127638,POS,Electronics,UK,11,0.2278309329,0.1203091757,0
3040,330,94.75501811,QR,Travel,DE,17,0.2158822979,0.08257555275,0
1300,595,199.8640251,Online,Clothing,UK,13,0.01208458629,0.09111117111,0
1355,413,115.1313816,QR,Travel,DE,20,0.1504556278,0.1082206417,0
7136,371,173.5051391,POS,Electronics,TR,15,0.08423348169,0.01086748123,0
3104,320,71.41115457,ATM,Electronics,UK,11,0.1064463788,0.1996868462,0
4951,329,62.92522863,ATM,Electronics,TR,20,0.2463695311,0.117280821,0
4035,614,144.819967,Online,Travel,DE,10,0.1529075839,0.07710757471,0
9625,547,1210.300895,POS,Electronics,NG,4,0.9131656175,0.9138045525,1
4726,246,138.2164807,Online,Food,DE,11,0.0471324661,0.184893412,0
2508,29,175.9161412,POS,Travel,US,14,0.2037053369,0.2028521998,0
3118,612,86.34893913,QR,Food,FR,13,0.2678277269,0.09599608341,0
7217,673,76.03331113,Online,Food,US,14,0.05499486786,0.2421136468,0
4170,311,47.34179254,ATM,Food,US,11,0.2512340624,0.2049216113,0
4606,102,91.13217257,POS,Food,FR,23,0.1150067649,0.2519233695,0
6008,897,1,POS,Grocery,FR,10,0.210131027,0.2279747281,0
5164,168,75.826549,ATM,Food,DE,6,0.1003327686,0.04157317419,0
9470,121,199.2460497,ATM,Food,FR,7,0.1049720663,0.2528620271,0
9196,202,27.0252552,Online,Clothing,TR,9,0.009159219009,0.06743882863,0
2540,438,121.8556504,QR,Food,US,18,0.1052254822,0.1624278828,0
6508,483,4.290666363,QR,Travel,FR,19,0.1996323861,0.1353377211,0
6944,949,51.56126308,Online,Grocery,FR,19,0.1660719473,0.07141957102,0
4003,94,128.4687078,QR,Travel,DE,13,0.2519554323,0.05799496684,0
5605,923,134.8283172,QR,Travel,TR,15,0.2366723988,0.1505562434,0
5571,387,96.59885546,ATM,Electronics,TR,7,0.03827259124,0.01713363627,0
9649,907,2085.006074,ATM,Travel,TR,10,0.7275848987,0.7744849015,1
4815,928,12.25349034,POS,Electronics,UK,12,0.06371680104,0.1089111399,0
6184,960,201.8173757,ATM,Travel,FR,11,0.1409749304,0.1106856217,0
9777,222,5238.131091,POS,Travel,TR,18,0.9007029006,0.7218279795,1
7787,292,197.1039005,QR,Clothing,TR,6,0.01303836017,0.1794128263,0
9538,144,8893.770032,POS,Grocery,FR,7,0.8678448278,0.9317833497,1
9096,72,76.847687,QR,Food,FR,15,0.2400137018,0.1364424578,0
3126,621,171.3975951,ATM,Grocery,FR,13,0.1504868429,0.2095870737,0
4824,923,84.96779801,POS,Food,TR,13,0.03669322728,0.2943300173,0
1124,67,79.52887135,Online,Travel,UK,21,0.03772064487,0.1350489163,0
5543,117,84.11481345,ATM,Electronics,US,18,0.2469831738,0.13395663,0
3135,331,68.12717378,Online,Travel,FR,20,0.2610095011,0.05111237316,0
199,922,115.2799064,Online,Travel,FR,13,0.2651177196,0.1659410983,0
667,854,161.1399318,QR,Travel,FR,17,0.02987794926,0.1687101859,0
7640,223,100.5643112,QR,Travel,US,19,0.1881557688,0.1397013042,0
4301,129,95.71983338,POS,Grocery,FR,23,0.2056756213,0.2425662629,0
1429,945,132.3334373,QR,Electronics,FR,9,0.02637640909,0.0305189413,0
3200,42,85.85950025,POS,Electronics,UK,8,0.002448110128,0.04452902528,0
139,159,67.58498363,Online,Grocery,TR,12,0.1949505981,0.2432818551,0
9350,489,159.8308868,Online,Grocery,TR,9,0.209818128,0.1757421452,0
8774,622,43.35490536,Online,Electronics,FR,20,0.02904703295,0.03858098662,0
9898,309,189.2634068,ATM,Electronics,DE,10,0.9727420486,0.9723759276,1
0,21,60.94955282,ATM,Travel,US,17,0.1547399271,0.2773484033,0
7137,479,23.85247753,Online,Electronics,DE,14,0.2191542964,0.246211874,0
2691,797,148.0750047,ATM,Clothing,FR,19,0.196819587,0.2413122855,0
4030,129,77.24885804,ATM,Clothing,TR,20,0.1059354103,0.1602740921,0
9308,966,99.60920415,ATM,Travel,FR,13,0.1624863485,0.240996773,0
8384,909,132.9861235,ATM,Grocery,TR,14,0.1381221299,0.2508026557,0
5606,919,79.20918951,POS,Food,UK,14,0.2233046552,0.1180107975,0
9887,913,295.3981488,ATM,Clothing,FR,14,0.978357495,0.9410947189,1
764,325,152.3756819,QR,Grocery,UK,16,0.1919072695,0.1412612577,0
5672,193,88.32242282,POS,Food,TR,18,0.09036161833,0.06946671102,0
6592,17,179.6761999,POS,Electronics,FR,18,0.07769530866,0.1693645991,0
7453,64,105.810086,ATM,Clothing,UK,9,0.2475192077,0.2415531912,0
1687,790,1,ATM,Travel,UK,11,0.2967094145,0.05378619258,0
4942,213,173.809505,POS,Food,DE,15,0.004299322965,0.0729717825,0
7002,768,58.83152387,ATM,Electronics,UK,11,0.01212422835,0.1145217824,0
4925,521,28.66438471,QR,Clothing,DE,20,0.08637453808,0.06437257906,0
1195,829,25.63200416,QR,Food,UK,16,0.2040310633,0.2860215768,0
8154,162,129.1013677,POS,Electronics,FR,11,0.2965848767,0.2328150202,0
2154,386,163.192692,Online,Grocery,TR,21,0.2049258651,0.2086548789,0
6825,512,87.38521621,QR,Electronics,FR,6,0.107040039,0.1180421414,0
4712,337,69.15337649,POS,Clothing,US,19,0.1291182165,0.233472501,0
5718,673,103.6305417,QR,Food,FR,20,0.0440424328,0.2833568831,0
3345,51,90.17435428,ATM,Travel,UK,7,0.04612658211,0.1518744066,0
4563,566,135.4568573,QR,Travel,FR,12,0.2700271844,0.1760202612,0
6871,991,135.3556479,QR,Grocery,UK,9,0.07770892049,0.07072427064,0
8467,353,24.61017777,QR,Clothing,FR,23,0.2449388181,0.06691814238,0
7019,542,38.53212597,Online,Travel,FR,13,0.2234035211,0.2054488623,0
777,690,27.37508015,ATM,Electronics,FR,13,0.106485494,0.0593929971,0
2188,949,157.6019349,Online,Food,DE,12,0.121688985,0.241340208,0
2233,980,131.6149605,ATM,Food,US,15,0.2368847635,0.004405279809,0
138,659,106.716405,Online,Clothing,FR,20,0.2942549641,0.07122340451,0
4611,669,137.4241147,POS,Electronics,US,21,0.09265884388,0.1797976932,0
1216,969,102.6181449,QR,Food,US,10,0.155248436,0.1351014632,0
6212,483,94.3009905,POS,Clothing,US,23,0.1697232291,0.0003204854049,0
5371,502,85.54972232,Online,Clothing,TR,20,0.2751895141,0.008841059887,0
8093,371,219.0495745,Online,Electronics,FR,11,0.2107055007,0.1226236638,0
9619,688,1703.954142,ATM,Grocery,DE,11,0.7376901646,0.8383604909,1
4032,823,57.63429861,ATM,Electronics,DE,19,0.2347598149,0.1097793765,0
4890,377,84.64039453,QR,Food,UK,9,0.2624480982,0.2121174892,0
7409,650,96.79585617,QR,Electronics,DE,22,0.08137596009,0.183964849,0
169,560,48.18175579,Online,Grocery,FR,7,0.1728020299,0.226898104,0
1870,433,33.45953691,Online,Electronics,FR,16,0.00775148287,0.06466458044,0
3728,248,53.02077557,QR,Food,TR,19,0.1142148379,0.1706381925,0
5875,918,176.4209923,Online,Grocery,TR,9,0.2651947191,0.2212139381,0
98,289,154.4307351,Online,Grocery,FR,21,0.04654424438,0.2971206159,0
8421,264,120.3270147,POS,Travel,FR,22,0.2606213566,0.2585585863,0
8889,345,190.317858,ATM,Grocery,TR,18,0.1471820497,0.07508808959,0
1871,403,111.7122021,ATM,Electronics,DE,7,0.120537933,0.05554461696,0
1378,645,68.07937907,ATM,Electronics,UK,15,0.01755330166,0.1302168795,0
4581,546,116.3079432,Online,Clothing,FR,13,0.2595540449,0.08908479844,0
3700,964,76.70635289,ATM,Grocery,DE,17,0.1193545417,0.10323047,0
3958,872,98.87952758,POS,Food,TR,22,0.06402965755,0.001233908673,0
1276,835,93.39980736,QR,Food,FR,9,0.2061662715,0.1595411897,0
4174,386,143.2535745,Online,Food,TR,14,0.2741992854,0.1603054598,0
3601,909,142.1256554,QR,Electronics,FR,7,0.1926919771,0.0287303415,0
1296,454,36.77074427,POS,Food,DE,22,0.2094692543,0.0687255255,0
9853,169,1234.686403,Online,Travel,UK,18,0.7853985739,0.8493588442,1
30,541,97.03162744,ATM,Travel,TR,21,0.2607630824,0.1825438844,0
2517,967,94.25837875,Online,Travel,UK,17,0.07774326493,0.09202865136,0
6530,541,147.0826695,QR,Travel,UK,22,0.2217639987,0.1398464334,0
774,211,42.93818916,ATM,Grocery,DE,17,0.2839782904,0.2900669482,0
2927,786,106.83946,POS,Grocery,US,9,0.06936675676,0.08543745655,0
7424,545,91.11420669,Online,Travel,DE,8,0.2233238597,0.06474320319,0
9034,29,109.8493025,POS,Electronics,FR,11,0.1578155727,0.2100496011,0
5538,321,168.7775957,QR,Travel,TR,14,0.08663695852,0.2196129412,0
6507,715,160.650736,POS,Grocery,UK,11,0.009146655674,0.186706498,0
9551,951,591.5135863,ATM,Clothing,DE,4,0.8746828596,0.7202864598,1
1564,897,113.5204067,POS,Clothing,TR,8,0.2954198746,0.269293282,0
6521,277,89.06959338,POS,Travel,DE,19,0.1845800656,0.04414505982,0
9118,537,138.3834744,ATM,Electronics,FR,20,0.1537898611,0.1058186265,0
9089,865,45.29323004,QR,Food,TR,15,0.04621259629,0.2088203729,0
7166,66,77.32686748,QR,Travel,FR,17,0.05890102185,0.08659612942,0
8559,449,151.4580414,ATM,Clothing,FR,6,0.2932991959,0.195309595,0
7963,112,108.1105752,QR,Electronics,FR,17,0.007982154326,0.04562931272,0
4401,469,129.1686116,ATM,Clothing,TR,23,0.109169034,0.2018083891,0
8906,417,46.54411697,Online,Grocery,UK,21,0.01023120186,0.009128643398,0
533,271,82.86467232,ATM,Travel,TR,23,0.07850882732,0.04054075065,0
7813,534,98.86096848,POS,Grocery,TR,21,0.03279679744,0.1826391465,0
426,601,125.2605512,QR,Grocery,FR,17,0.146360882,0.07621434378,0
5269,847,155.3046261,ATM,Food,DE,6,0.2210347074,0.01221482073,0
7426,78,168.6521165,ATM,Food,UK,15,0.07970149259,0.2484026439,0
9840,752,762.7243636,ATM,Electronics,NG,21,0.7727234782,0.8486878416,1
522,720,114.9766252,POS,Electronics,UK,22,0.2377298793,8.34E-05,0
9639,93,22.16842906,QR,Grocery,TR,4,0.7304356615,0.9863754668,1
1280,822,143.7645027,QR,Grocery,UK,7,0.06960922273,0.05178062357,0
3389,790,19.90124938,Online,Electronics,DE,23,0.02225949654,0.1476797002,0
463,490,132.04804,ATM,Electronics,UK,19,0.212451616,0.1243564054,0
2301,613,53.14244211,QR,Clothing,TR,18,0.1695032248,0.2080999096,0
8108,64,168.5254327,POS,Travel,FR,15,0.03921045099,0.263712504,0
6219,949,99.21289257,Online,Food,FR,22,0.2644039424,0.2112728798,0
1405,558,63.32284185,ATM,Clothing,FR,14,0.1598549749,0.1831908758,0
2706,452,163.9541935,QR,Electronics,TR,12,0.1408140101,0.02753152556,0
9393,79,136.3731097,Online,Food,US,7,0.07817651697,0.03802807622,0
4005,7,44.94224294,POS,Travel,US,17,0.2379888298,0.169818893,0
9154,898,59.64433292,POS,Clothing,DE,6,0.1386248523,0.03654829362,0
4800,574,92.9404709,ATM,Travel,DE,8,0.1402152302,0.01588765842,0
5424,972,1.873475274,POS,Food,DE,10,0.1702830743,0.2303411443,0
1852,917,56.26800929,POS,Food,US,14,0.007746772523,0.2460563151,0
4348,124,172.7374768,QR,Electronics,FR,8,0.215894033,0.197078371,0
5294,254,125.8863954,QR,Electronics,FR,8,0.06195151698,0.2403325138,0
7873,323,102.0492164,Online,Clothing,DE,11,0.1648637712,0.2687346779,0
5161,329,36.64492193,ATM,Clothing,US,6,0.004036929635,0.1677172413,0
3904,884,158.9525108,QR,Electronics,US,20,0.05492766006,0.1596808223,0
2362,209,100.3674788,ATM,Electronics,DE,14,0.06110896702,0.09437296308,0
6027,501,108.899469,POS,Electronics,FR,14,0.009236636801,0.06821926917,0
2500,584,127.5588351,ATM,Travel,UK,13,0.103013456,0.2794041355,0
4082,383,36.11998674,QR,Electronics,DE,9,0.1647326539,0.2163103884,0
467,563,27.19439518,Online,Electronics,FR,9,0.1721643976,0.1467950994,0
8485,358,171.4867633,POS,Travel,TR,11,0.1957895254,0.2740003001,0
4485,476,79.68831208,QR,Electronics,US,22,0.1495307225,0.2197805397,0
469,215,133.2511235,ATM,Electronics,DE,11,0.0147605774,0.1850620262,0
2108,908,145.4891673,POS,Travel,FR,21,0.02612837498,0.2979929245,0
8573,825,57.455685,ATM,Food,DE,13,0.2882177986,0.2091014219,0
6664,442,131.1848534,POS,Travel,FR,23,0.1262583472,0.2220098393,0
5468,554,107.4915364,POS,Travel,DE,17,0.2430618784,0.1161694981,0
7233,617,11.21638732,Online,Food,TR,15,0.2661335695,0.1051457427,0
8265,569,24.46576483,QR,Food,DE,11,0.06685058776,0.07486481935,0
2715,918,109.3316328,ATM,Clothing,FR,21,0.009151990183,0.06480434991,0
945,451,91.24181321,ATM,Travel,FR,6,0.2343224776,0.1752758328,0
8159,697,47.25682851,Online,Food,UK,15,0.218204399,0.2833064155,0
2196,57,115.5744189,ATM,Electronics,FR,6,0.1769997669,0.003698073347,0
406,455,63.76157709,ATM,Clothing,US,15,0.03123846123,0.2847253847,0
7997,447,65.1134742,Online,Electronics,US,17,0.2099301636,0.174482722,0
9423,738,174.447253,QR,Clothing,DE,10,0.07213447581,0.01739986274,0
2182,625,139.9955641,ATM,Electronics,UK,8,0.02788210835,0.257271328,0
9669,788,3139.341302,POS,Electronics,US,12,0.9063502176,0.9750379265,1
458,359,101.8236088,ATM,Electronics,UK,19,0.01512919165,0.09811498266,0
1828,920,126.6232154,QR,Travel,UK,20,0.07021896647,0.2021406806,0
5272,280,23.8522764,QR,Travel,DE,13,0.2193363745,0.01713793328,0
4241,972,84.42878253,ATM,Grocery,DE,14,0.1093365865,0.2247655117,0
2210,228,102.0875487,Online,Food,FR,23,0.03212223289,0.06407055293,0
8863,88,173.2433053,POS,Travel,FR,23,0.05490550475,0.08703179786,0
2125,671,182.7240137,QR,Grocery,DE,10,0.2137221483,0.2448888386,0
3982,208,61.24261778,QR,Clothing,FR,12,0.2521891277,0.1719110257,0
1208,274,86.03233623,ATM,Grocery,UK,17,0.01829547612,0.0567405244,0
6732,505,57.38103791,Online,Grocery,FR,14,0.2366693676,0.07026456925,0
4025,73,97.73291633,QR,Grocery,DE,6,0.04045671984,0.2256516383,0
70,972,135.6586183,QR,Food,DE,6,0.28816702,0.05164256208,0
6911,756,90.63053403,Online,Electronics,FR,9,0.2485733335,0.1048930127,0
4295,624,77.57543151,POS,Electronics,US,10,0.25096472,0.1187240821,0
2414,555,144.7548778,QR,Clothing,US,23,0.03651594146,0.1168396312,0
7231,279,126.5075632,QR,Grocery,US,19,0.1857937167,0.2590509937,0
3048,181,92.77056415,POS,Food,US,14,0.05158933829,0.2322174544,0
7740,266,218.0945352,Online,Electronics,TR,8,0.0597381917,0.06050439235,0
8413,292,189.6530496,ATM,Electronics,TR,12,0.2500085593,0.1918532269,0
8901,622,88.72980031,Online,Electronics,UK,6,0.08478322689,0.1498773673,0
6993,436,98.97102865,QR,Grocery,UK,13,0.1383590369,0.16670003,0
2676,158,159.8148772,QR,Travel,FR,21,0.2658268875,0.2515851601,0
2546,832,130.8297693,Online,Travel,US,17,0.1462971585,0.2405084574,0
6623,924,49.59112603,POS,Travel,FR,10,0.05759560627,0.09236366045,0
4090,546,1,QR,Food,DE,14,0.006893747028,0.2167574597,0
5624,95,145.0996726,QR,Food,US,15,0.005896672337,0.2672998644,0
152,204,130.1482052,POS,Clothing,TR,10,0.06303561285,0.03755029715,0
5128,697,36.6471449,QR,Travel,DE,15,0.06737386981,0.2794573503,0
7117,459,98.60515532,POS,Grocery,DE,13,0.03280000852,0.05026517598,0
7268,489,92.64759677,ATM,Electronics,DE,18,0.1432633863,0.1027723147,0
1401,10,137.9400467,Online,Food,UK,11,0.2832002362,0.1938612975,0
1565,61,144.7493718,ATM,Grocery,FR,8,0.04453659538,0.2775760423,0
3311,136,101.6763144,QR,Grocery,US,17,0.05268849623,0.1429778976,0
7841,15,77.55714202,ATM,Clothing,UK,14,0.2368363551,0.159823476,0
8502,665,87.41165865,Online,Grocery,TR,13,0.1303612426,0.2124172787,0
5062,257,87.13919816,Online,Food,FR,12,0.06539021632,0.01511056949,0
5669,408,112.1471956,ATM,Grocery,UK,20,0.0341222449,0.01611320632,0
4902,404,122.8587766,ATM,Food,US,23,0.09421855262,0.2235997104,0
9921,528,10,Online,Electronics,FR,12,0.9066517673,0.8359727795,1
3162,698,150.9497916,ATM,Electronics,FR,12,0.01850542127,0.01055016272,0
1747,450,131.8645728,QR,Clothing,UK,15,0.03511766836,0.1317041257,0
1951,275,29.92350765,ATM,Clothing,UK,16,0.06268330271,0.2404471056,0
9322,37,43.76267346,QR,Grocery,US,20,0.04171528763,0.1804352355,0
6894,329,51.93647504,Online,Food,DE,18,0.01180036531,0.02400246072,0
5393,974,90.5128248,POS,Food,UK,13,0.026415692,0.02635862058,0
3095,521,139.6879072,Online,Travel,US,18,0.1373877663,0.1279375627,0
7781,877,67.90771086,Online,Clothing,FR,23,0.2512489227,0.1885491442,0
145,52,51.23795374,POS,Clothing,TR,23,0.04539373965,0.1522340625,0
9655,893,400.8663737,POS,Clothing,US,2,0.8610063155,0.8541079576,1
9942,917,842.709758,Online,Travel,FR,13,0.8138110296,0.7464852928,1
3258,848,29.1461721,POS,Clothing,FR,14,0.2404023954,0.01812990802,0
874,140,44.41108504,Online,Travel,FR,7,0.2468411821,0.1941120314,0
2523,731,87.01191724,QR,Travel,TR,17,0.1568109333,0.2726647927,0
5715,502,89.3558792,ATM,Travel,UK,19,0.1573089522,0.03845448232,0
925,192,118.9974779,ATM,Travel,US,20,0.2962140586,0.2305098037,0
1902,875,63.51831773,ATM,Electronics,UK,7,0.01421454137,0.2786805033,0
1651,857,47.16452758,Online,Travel,US,18,0.04146916412,0.03079751489,0
6628,245,20.26437977,POS,Electronics,US,12,0.1847831873,0.2066732702,0
397,306,100.8412533,QR,Electronics,FR,18,0.04650708017,0.2350427554,0
286,99,131.2291155,Online,Grocery,US,19,0.1634981117,0.2559348784,0
67,770,75.88292124,QR,Clothing,UK,13,0.2657881952,0.2871820703,0
864,166,21.31852145,ATM,Electronics,UK,7,0.003771268981,0.1539810812,0
3623,806,153.5456472,ATM,Food,US,15,0.1742982234,0.2915670736,0
1979,563,134.4193465,QR,Food,US,15,0.07240295448,0.2237444351,0
8885,288,42.64649272,QR,Travel,FR,9,0.1829535018,0.2875899304,0
4660,116,87.85988563,POS,Clothing,US,9,0.02604365271,0.2585041746,0
2198,730,109.898305,POS,Travel,FR,6,0.135056821,0.1566809264,0
7707,823,22.61922433,ATM,Food,DE,16,0.1336431389,0.1957250827,0
1511,657,46.32696276,Online,Travel,TR,8,0.04702510596,0.2547377226,0
6394,719,176.6453233,POS,Travel,FR,8,0.0741803154,0.06911388466,0
9075,117,44.81653645,POS,Food,TR,21,0.140620322,0.1252735204,0
5168,654,36.99136597,QR,Grocery,TR,14,0.09240003083,0.1380070388,0
7883,968,193.26468,ATM,Electronics,UK,22,0.1652305475,0.1358530714,0
2853,282,97.09313528,ATM,Electronics,TR,8,0.1189668371,0.1872484012,0
8017,804,205.6196664,Online,Travel,UK,18,0.07301163468,0.205847268,0
2580,821,124.7375056,POS,Grocery,UK,21,0.1326609553,0.06079289079,0
4235,246,55.98419125,ATM,Travel,US,16,0.2813075299,0.161269351,0
6158,425,143.2930779,QR,Grocery,US,22,0.03197911181,0.2474531272,0
3800,610,174.8378393,Online,Travel,US,19,0.2870600953,0.04958282428,0
5699,907,78.5994034,QR,Grocery,DE,9,0.1669769282,0.1015406513,0
9823,282,1396.549026,Online,Food,NG,21,0.863863878,0.7335700058,1
7020,983,105.2719613,QR,Clothing,US,23,0.07867079674,0.2838498174,0
1012,402,91.27577467,QR,Food,UK,17,0.0384269653,0.02064654889,0
1042,424,122.1698975,Online,Food,UK,21,0.002271344171,0.09148329036,0
3808,637,93.11294505,POS,Food,UK,11,0.1271802504,0.2362608503,0
8157,164,25.41303462,Online,Travel,UK,18,0.1195601044,0.2244952305,0
681,732,110.4331742,Online,Grocery,TR,21,0.0324516818,0.08444342054,0
4250,221,31.23702595,Online,Electronics,US,14,0.2959957323,0.2611641082,0
55,264,161.3899994,Online,Food,US,14,0.1758330336,0.1033600417,0
8472,114,148.4187583,ATM,Grocery,DE,19,0.1972978227,0.2918969155,0
8956,576,89.45636234,Online,Travel,DE,21,0.2683863255,0.1465716904,0
3387,214,76.67257769,POS,Grocery,US,10,0.1021588489,0.1344269538,0
1358,725,139.3636494,Online,Electronics,DE,9,0.101454683,0.1236579849,0
891,848,1,POS,Travel,TR,21,0.1253045082,0.03569121742,0
3483,507,27.11119561,POS,Grocery,DE,6,0.1832488596,0.01538100577,0
5047,842,19.33302991,ATM,Food,UK,14,0.2031533033,0.02382928369,0
8838,521,134.221136,POS,Electronics,TR,9,0.06229518735,0.133846632,0
732,279,183.1277541,QR,Food,UK,14,0.2966853433,0.2450258166,0
8355,104,122.2032989,POS,Travel,TR,12,0.008943194596,0.1415389764,0
6559,166,19.51136498,QR,Electronics,UK,10,0.291660972,0.1812509757,0
8324,596,60.23081603,POS,Travel,US,14,0.2673314678,0.2304124306,0
8649,880,142.9301478,POS,Clothing,DE,16,0.2965611402,0.1514964123,0
1872,433,78.91957073,Online,Travel,US,9,0.06325674456,0.2121530384,0
1816,314,154.8714916,QR,Electronics,FR,22,0.008153683388,0.2849474547,0
4101,984,111.5681162,Online,Electronics,DE,20,0.01385156388,0.2411747461,0
1921,518,56.82713814,POS,Travel,TR,20,0.04734498819,0.03453749364,0
6445,797,63.72294205,QR,Travel,FR,10,0.1136120291,0.1130531947,0
8089,70,134.8903568,ATM,Clothing,TR,16,0.1250096639,0.1423265957,0
246,851,216.0501998,QR,Food,TR,13,0.09683681154,0.03753402435,0
8567,238,156.9693465,ATM,Travel,UK,9,0.2966757096,0.1885608613,0
8546,131,69.91654114,POS,Food,US,22,0.2143564223,0.1920136532,0
1108,314,73.58929926,POS,Electronics,TR,16,0.2309771695,0.2681115032,0
5044,745,96.68168391,ATM,Travel,TR,18,0.2671879777,0.1584944864,0
7620,616,149.9838548,POS,Grocery,TR,12,0.1714740002,0.05799393553,0
9084,389,174.5148446,QR,Food,FR,11,0.2293706992,0.06516148887,0
385,824,129.1272527,POS,Food,TR,16,0.233932922,0.1085386477,0
4487,932,90.72347488,Online,Electronics,UK,17,0.1939353473,0.1981795799,0
411,615,98.93273489,ATM,Travel,FR,23,0.1091509937,0.2411025502,0
8845,701,130.2557667,POS,Food,UK,11,0.1410182212,0.2751314779,0
5423,296,125.270978,POS,Grocery,FR,9,0.04536406745,0.2880113588,0
2625,418,123.9625048,QR,Grocery,FR,15,0.005195396916,0.04056730812,0
9461,546,33.56782129,POS,Grocery,TR,21,0.1602365577,0.1096914734,0
2498,860,114.2935893,POS,Travel,US,16,0.2909345354,0.008561620332,0
2671,757,102.3239335,POS,Grocery,US,6,0.2193307908,0.1474444667,0
8898,269,94.20768638,QR,Grocery,UK,17,0.09424832021,0.289635852,0
1307,139,130.9831559,QR,Clothing,FR,21,0.2984396325,0.1371294121,0
4720,204,94.51870748,ATM,Electronics,DE,20,0.005297268616,0.1992580977,0
7960,977,108.4191514,POS,Clothing,TR,11,0.07061337289,0.2982844859,0
781,987,50.24575161,ATM,Food,DE,7,0.140178414,0.1279484629,0
9691,842,512.6924834,ATM,Travel,US,16,0.73981667,0.7990282719,1
1283,933,61.41451565,QR,Travel,UK,12,0.2944080128,0.2411844449,0
1596,43,263.8199673,Online,Travel,FR,6,0.05493131469,0.0009153246985,0
8634,75,96.10761092,ATM,Grocery,TR,17,0.06803578686,0.2453888171,0
4849,511,80.99640166,POS,Electronics,UK,10,0.07953356037,0.2540525752,0
7765,261,189.2793351,ATM,Clothing,FR,20,0.1352744111,0.1028423723,0
4556,43,1,Online,Electronics,UK,10,0.2986456949,0.01866883206,0
6467,575,108.3158255,POS,Grocery,DE,16,0.1266121357,0.04871561261,0
8289,70,109.148668,QR,Grocery,TR,11,0.1603022059,0.03460002115,0
7294,365,109.4589041,POS,Grocery,DE,10,0.1544137887,0.005016292482,0
8255,643,130.0254899,ATM,Food,DE,14,0.1910840865,0.2316007732,0
6244,314,154.444231,QR,Electronics,DE,16,0.2801296565,0.1562145888,0
5457,170,85.78558861,POS,Clothing,TR,19,0.1509032286,0.2653436564,0
326,676,1,Online,Travel,DE,13,0.1267780411,0.004087530248,0
5614,659,170.6887364,QR,Electronics,DE,19,0.2204998559,0.1228696155,0
2919,223,22.9794468,QR,Clothing,DE,9,0.07671876358,0.03649731074,0
3767,749,72.46373589,POS,Travel,UK,9,0.2604259779,0.0003272277345,0
9477,62,142.2452961,QR,Clothing,UK,20,0.05974906798,0.07515438071,0
5633,26,145.4724807,Online,Travel,US,20,0.09800916951,0.08941500523,0
7703,112,75.98991373,ATM,Clothing,UK,17,0.2582424754,0.2162105011,0
4646,600,150.2579553,Online,Electronics,UK,14,0.03404880827,0.2606017333,0
1470,386,83.75525927,QR,Food,TR,16,0.2306120295,0.23467775,0
9141,432,96.46037874,ATM,Clothing,UK,22,0.1818413296,0.09239082339,0
8180,384,90.45628488,ATM,Travel,FR,22,0.2258482436,0.2780562304,0
3131,909,66.5470258,Online,Electronics,US,12,0.2038631851,0.1248243592,0
7377,288,129.5159923,Online,Food,FR,21,0.03145617921,0.01097864805,0
1702,69,56.46894884,Online,Travel,US,17,0.2204532749,0.1962733624,0
1214,685,91.97682241,POS,Clothing,DE,6,0.2162934344,0.02788040562,0
569,929,186.3776021,Online,Food,FR,19,0.1412630573,0.1579733892,0
5060,288,9.845661913,POS,Clothing,FR,19,0.2806537315,0.2963532857,0
2164,701,60.07302427,POS,Food,TR,15,0.07225372887,0.2200922306,0
352,229,135.5596227,POS,Clothing,DE,10,0.1232132614,0.04204179394,0
2817,447,108.1597012,QR,Clothing,UK,10,0.1794560619,0.2787964709,0
2881,629,42.80563576,POS,Travel,DE,10,0.2483595657,0.001860908673,0
7971,376,157.8666148,Online,Electronics,UK,23,0.00453239019,0.1857388274,0
6877,648,96.71355278,ATM,Electronics,DE,8,0.2514387779,0.2443598756,0
5520,435,84.73056904,Online,Food,US,9,0.2650988798,0.09835752404,0
6452,579,98.71341221,POS,Electronics,US,18,0.1064042844,0.2361065071,0
8107,394,81.19984215,POS,Electronics,TR,9,0.07351450928,0.08494782332,0
3381,6,72.60892879,QR,Grocery,UK,11,0.2255898174,0.2758657317,0
8509,425,72.52311007,ATM,Clothing,FR,10,0.03344377727,0.2986675952,0
2884,75,163.5832617,Online,Electronics,FR,8,0.112807482,0.07788439557,0
9439,979,1,ATM,Travel,US,12,0.1356354675,0.009535558634,0
3962,286,133.2026477,ATM,Clothing,DE,10,0.2468239783,0.008266502876,0
7072,395,83.37633737,ATM,Electronics,FR,15,0.1624171154,0.1112634834,0
640,628,92.37499649,POS,Electronics,FR,20,0.1877752338,0.07836493451,0
44,187,38.06769364,Online,Electronics,DE,14,0.04236227582,0.1022751348,0
3708,795,122.5852325,POS,Electronics,TR,18,0.04939225409,0.01452533433,0
5032,824,86.39528013,POS,Grocery,FR,6,0.1098808359,0.2419426543,0
8135,23,187.9502309,QR,Travel,UK,20,0.2098392575,0.2351706918,0
2374,491,84.31356385,POS,Clothing,TR,7,0.2730984768,0.262658349,0
7054,873,56.1375215,Online,Electronics,US,22,0.1324748269,0.2495573533,0
3749,969,64.15628646,POS,Electronics,FR,16,0.04489073135,0.08475830766,0
8276,392,142.9695249,QR,Food,TR,21,0.08123984774,0.04432034531,0
5798,760,149.0535462,ATM,Travel,FR,10,0.0213169936,0.04874205817,0
3484,412,117.0044706,QR,Electronics,TR,13,0.2538554446,0.04789379762,0
4701,723,63.6731893,QR,Clothing,UK,21,0.01784109279,0.2810791089,0
800,205,1,QR,Grocery,TR,11,0.1167138406,0.03861168639,0
6681,605,65.78592318,POS,Electronics,UK,9,0.2186944994,0.04416484572,0
8437,105,53.8593525,ATM,Clothing,US,14,0.006593762188,0.2953175455,0
4073,978,141.6252391,QR,Grocery,UK,14,0.003794763904,0.01245531255,0
1329,621,81.10725556,QR,Clothing,TR,7,0.08010931889,0.03754679824,0
2104,344,176.5663401,POS,Electronics,TR,7,0.2821229562,0.03778518698,0
9353,48,134.9082211,QR,Travel,US,7,0.1251299083,0.2311311495,0
4112,553,188.7707288,QR,Travel,TR,20,0.1191259854,0.06232882113,0
9048,697,195.249992,ATM,Grocery,DE,18,0.1171550346,0.2576615405,0
2935,867,123.498677,Online,Electronics,US,11,0.2519073914,0.1644153787,0
214,690,63.80981278,Online,Food,FR,16,0.27738623,0.2472608855,0
5623,826,89.40255353,Online,Food,DE,22,0.169804126,0.02002870619,0
6380,142,41.69709407,ATM,Travel,DE,7,0.03799025898,0.176675704,0
1277,987,60.58904476,POS,Clothing,UK,10,0.1206874715,0.2978614486,0
3706,554,67.83428364,ATM,Clothing,UK,6,0.1692050357,0.01408848742,0
5430,357,54.44385541,QR,Grocery,DE,15,0.2158896257,0.1210106583,0
3649,174,157.5885735,Online,Travel,TR,21,0.1779203167,0.02477482419,0
6222,270,139.9955476,ATM,Clothing,FR,8,0.1208783047,0.1025883298,0
3827,488,86.46866267,ATM,Grocery,TR,15,0.2935549056,0.2746740555,0
2578,444,140.5665159,ATM,Travel,UK,23,0.07921071856,0.005537969712,0
1424,329,181.9651942,POS,Electronics,UK,15,0.2027444517,0.2179116821,0
8842,363,127.3400894,Online,Clothing,UK,17,0.01201376529,0.07476000686,0
3774,704,110.881405,ATM,Food,US,6,0.2259962372,0.05373360319,0
8579,413,100.7784137,ATM,Electronics,US,12,0.1200601918,0.02971542814,0
771,933,37.88753843,POS,Travel,FR,20,0.124961847,0.1377302204,0
1561,858,36.48840805,QR,Grocery,US,18,0.1022690883,0.08233105444,0
5653,392,180.2049111,POS,Travel,US,13,0.2085719034,0.1488462799,0
9948,889,22.16842906,Online,Food,NG,22,0.9251206878,0.8913934527,1
3709,657,130.3161961,POS,Food,TR,13,0.1628403573,0.1325645874,0
4631,666,54.80973108,Online,Electronics,US,23,0.1275877299,0.2125203363,0
5686,216,98.3685749,Online,Travel,TR,18,0.2328541167,0.079086081,0
1918,941,22.68610405,QR,Travel,US,12,0.1959615162,0.04681858294,0
9571,465,22.16842906,QR,Clothing,UK,6,0.9617515254,0.9526924114,1
1258,91,4.547182482,POS,Food,TR,12,0.1022906691,0.2547033679,0
8759,704,82.92665636,QR,Electronics,DE,18,0.01988041788,0.2407357663,0
4863,17,81.02199625,Online,Food,UK,8,0.08256207626,0.2382361424,0
8250,201,71.90576744,ATM,Travel,US,10,0.01891022687,0.1603091938,0
9578,862,22.16842906,QR,Food,DE,4,0.8952463908,0.8752092641,1
2886,925,142.414909,Online,Travel,TR,12,0.01029761169,0.2653286245,0
9300,430,169.6929236,ATM,Clothing,DE,9,0.1024286152,0.2108710581,0
2928,470,82.04334889,QR,Travel,FR,15,0.159251714,0.04504378356,0
5987,602,102.2613095,QR,Food,DE,13,0.02567821965,0.1524534919,0
2354,251,143.8106537,Online,Clothing,TR,23,0.02504838209,0.2576698981,0
5200,662,101.6343117,ATM,Travel,DE,22,0.2282837445,0.2871116103,0
4725,996,76.64296508,QR,Electronics,TR,8,0.02004053291,0.2877474126,0
7156,242,102.6171562,Online,Travel,DE,12,0.03733267991,0.196024406,0
502,573,120.1472287,ATM,Grocery,DE,11,0.1122040989,0.1547981493,0
1145,794,35.76802023,QR,Grocery,TR,17,0.2060184173,0.2226760542,0
1863,725,131.4299747,POS,Travel,US,22,0.04774874027,0.006609871625,0
233,12,100.2817915,QR,Clothing,FR,10,0.27582499,0.01611281624,0
3845,916,88.43628673,POS,Travel,UK,15,0.1578144767,0.07530923113,0
3186,309,30.66158946,ATM,Electronics,US,15,0.1115996477,0.03439928362,0
7110,713,161.3789753,POS,Food,FR,18,0.0361643573,0.291677063,0
1654,317,58.94201459,Online,Food,US,16,0.07533126119,0.1348859732,0
9155,502,113.8726629,ATM,Clothing,TR,9,0.2606947241,0.1769932471,0
3472,291,154.9407035,ATM,Clothing,FR,21,0.09852816202,0.1269525619,0
9222,273,89.12181569,QR,Food,US,19,0.2641613861,0.05544354881,0
2035,265,40.85922488,ATM,Food,US,12,0.1281280323,0.1118779271,0
2849,641,163.6852674,QR,Clothing,TR,12,0.1000144684,0.2673264661,0
4839,129,79.98311409,Online,Electronics,TR,20,0.1672104657,0.1441735853,0
4539,128,41.5676285,Online,Grocery,DE,6,0.08111840733,0.02191768236,0
5705,989,79.97563776,POS,Clothing,US,11,0.1343972167,0.01805691108,0
6929,358,145.4995174,QR,Clothing,DE,13,0.2278492968,0.03554708825,0
99,294,110.4730985,POS,Electronics,FR,14,0.1388260576,0.05002778147,0
1183,574,218.580179,POS,Grocery,DE,11,0.1943756868,0.04332536424,0
5548,787,129.5673791,POS,Clothing,FR,23,0.2166391095,0.125209233,0
3249,531,1,POS,Travel,DE,10,0.04384235902,0.09776754741,0
9191,5,60.22436532,QR,Travel,DE,9,0.2807471112,0.00306813784,0
9931,677,1739.463097,QR,Food,FR,4,0.8046856494,0.8476592467,1
9540,121,10,Online,Electronics,TR,15,0.7899382283,0.8039858395,1
3999,937,92.59892467,POS,Travel,FR,14,0.1282108239,0.1589841823,0
617,348,30.18940928,POS,Grocery,TR,19,0.03705576166,0.2027507196,0
1732,181,35.72477385,ATM,Electronics,UK,16,0.04843722265,0.1039946699,0
1311,745,143.9569162,ATM,Electronics,FR,23,0.1863125697,0.2753174604,0
1190,295,132.6916612,ATM,Grocery,TR,13,0.1191177587,0.09264094586,0
5112,820,122.3581707,QR,Travel,DE,19,0.01568735223,0.29969831,0
2811,404,90.35230052,Online,Travel,UK,22,0.1670706119,0.1357872249,0
8518,143,163.3522331,QR,Grocery,FR,18,0.06446707594,0.1131188029,0
1611,898,14.72242046,ATM,Grocery,DE,11,0.1122398804,0.1184605557,0
4966,650,66.51223501,POS,Food,US,15,0.2326833767,0.2672490263,0
4040,150,64.60135265,QR,Grocery,UK,12,0.2069335741,0.1581681205,0
4854,673,225.935705,POS,Grocery,FR,14,0.2931096752,0.2898914816,0
1142,656,155.2857288,Online,Clothing,DE,15,0.231702201,0.02830575957,0
1226,720,212.1960638,ATM,Electronics,FR,22,0.05873521563,0.0659244983,0
440,232,117.1933907,ATM,Travel,DE,16,0.2243288002,0.2043266471,0
6201,491,117.4892634,ATM,Clothing,UK,19,0.07057633669,0.1991001523,0
2611,525,8.223159449,QR,Clothing,UK,18,0.2468389246,0.1959256649,0
4209,610,232.3423011,Online,Travel,FR,9,0.04063414799,0.1827703758,0
921,992,109.7464787,ATM,Travel,DE,17,0.07198933224,0.2554243585,0
5315,930,81.3273472,ATM,Electronics,UK,7,0.1193783473,0.06735653177,0
7643,235,18.41323001,POS,Grocery,FR,13,0.2245454014,0.2332539345,0
1560,95,172.5043521,Online,Grocery,TR,17,0.2330062575,0.2518857471,0
8862,510,139.0078859,ATM,Clothing,US,10,0.2701532929,0.05430508456,0
4733,153,84.19633206,POS,Electronics,FR,22,0.2411472988,0.2667651238,0
3373,565,78.32179836,Online,Food,US,15,0.2691379974,0.1210332761,0
6575,644,120.3035791,POS,Food,FR,19,0.02834267318,0.2407398039,0
267,872,76.18011197,Online,Food,UK,16,0.1034374589,0.1193559635,0
3571,420,98.29093356,ATM,Travel,FR,19,0.2225220031,0.06452505884,0
7523,438,154.1720652,POS,Grocery,TR,14,0.1784509246,0.1796260957,0
9331,808,87.41552546,QR,Grocery,FR,11,0.2690202815,0.1896265602,0
5853,586,49.15557254,ATM,Grocery,DE,18,0.2227440136,0.1919984968,0
101,903,124.3085621,ATM,Grocery,FR,11,0.02802429991,0.1618255285,0
7889,773,43.59857965,QR,Electronics,TR,21,0.2796788235,0.2640563343,0
8253,643,72.99928307,ATM,Electronics,TR,21,0.055019548,0.08187708538,0
7622,601,159.9498741,Online,Grocery,UK,18,0.12440912,0.1048999776,0
311,234,163.5762074,ATM,Electronics,FR,12,0.07170009323,0.2027374421,0
2590,708,94.47335463,Online,Grocery,FR,8,0.03758462474,0.0845410145,0
3203,286,112.1556674,Online,Food,US,10,0.04156453176,0.09522296433,0
7563,821,142.0137727,QR,Travel,TR,14,0.1365982509,0.2998217033,0
5737,853,119.565516,Online,Travel,UK,11,0.114884701,0.01468039142,0
1155,366,19.74242849,POS,Electronics,FR,21,0.1467114939,0.199419204,0
78,357,151.1224136,Online,Travel,DE,22,0.05028073438,0.1738684972,0
6653,897,94.35217674,POS,Food,US,6,0.06506228002,0.01820074057,0
7169,11,112.5604724,QR,Clothing,TR,23,0.2539823494,0.1754712608,0
2633,43,21.3251438,QR,Electronics,TR,18,0.1383438721,0.1057352768,0
7927,716,121.1779419,Online,Electronics,TR,16,0.03733322214,0.05585798111,0
6774,68,59.0694124,QR,Electronics,US,10,0.267036584,0.1589074514,0
2371,369,132.718698,Online,Electronics,FR,9,0.2449251656,0.2066262378,0
2550,693,129.4600066,POS,Food,TR,22,0.1889828472,0.1049532301,0
8030,50,79.19273917,POS,Grocery,DE,13,0.00669988543,0.2483584157,0
1220,602,172.9511174,Online,Grocery,UK,18,0.1037983686,0.1342312663,0
3842,854,137.9968491,POS,Clothing,DE,11,0.2283409821,0.06039326155,0
5583,663,1,POS,Electronics,US,7,0.0009569881053,0.2552814202,0
2061,88,31.89025543,POS,Food,DE,9,0.1608411183,0.1170914197,0
2768,112,53.61158505,ATM,Electronics,TR,12,0.2586758308,0.2026350173,0
9949,246,539.1051821,POS,Clothing,DE,4,0.8203600767,0.9193420119,1
2004,48,148.8186836,Online,Clothing,UK,21,0.1243956176,0.1070936256,0
2272,952,42.85114296,ATM,Grocery,UK,6,0.02863652611,0.08062446987,0
8818,704,153.448029,ATM,Food,US,8,0.2501844126,0.2792256462,0
3358,877,87.09787849,Online,Clothing,US,23,0.2806666323,0.003591889976,0
2153,905,102.2401228,ATM,Food,UK,12,0.1040477017,0.1350995013,0
1563,234,134.0171289,POS,Electronics,FR,14,0.05932335234,0.2326335447,0
8916,579,79.55004104,Online,Food,UK,9,0.1951667311,0.0512174383,0
2885,612,94.07924476,Online,Grocery,DE,10,0.1787095078,0.2814079752,0
398,456,76.84680279,QR,Grocery,DE,23,0.06943981408,0.2304552265,0
3022,991,61.06630744,Online,Food,DE,7,0.04933168543,0.0750747693,0
768,679,125.8615025,POS,Electronics,TR,19,0.06597418616,0.1176581141,0
8521,588,61.9036078,QR,Food,TR,16,0.1934961539,0.2563985449,0
2569,495,106.2980707,ATM,Clothing,US,10,0.004497781705,0.09060630534,0
3597,566,119.0858925,Online,Clothing,TR,11,0.02558539883,0.1080723769,0
8127,285,144.0281447,POS,Food,UK,12,0.06603572201,0.0301162961,0
9406,572,125.9421961,QR,Food,DE,14,0.1650592592,0.1534581551,0
3392,746,55.30358385,ATM,Clothing,TR,6,0.1292547171,0.02775933977,0
6055,46,67.64870999,ATM,Travel,DE,16,0.09944595584,0.07415503683,0
9286,384,138.0671178,POS,Electronics,DE,7,0.2893212676,0.177879711,0
34,291,55.48114709,ATM,Clothing,DE,13,0.2267232645,0.05242231768,0
111,564,55.13725363,ATM,Electronics,TR,11,0.07739264873,0.2463188636,0
1969,363,85.18754006,QR,Food,TR,17,0.2192842966,0.002067548673,0
422,470,118.5702017,QR,Travel,FR,19,0.007161002866,0.2861337283,0
7351,712,9.479160832,POS,Clothing,FR,11,0.05791607709,0.03537544186,0
605,169,49.17378189,ATM,Clothing,US,16,0.07612103637,0.02899941742,0
742,3,129.1188473,QR,Grocery,DE,6,0.02765676286,0.1148218724,0
6259,643,108.1112307,ATM,Clothing,US,20,0.176399896,0.2224423188,0
7026,272,87.36986562,QR,Clothing,FR,13,0.2513111676,0.07612590098,0
3965,755,110.4584905,ATM,Food,TR,13,0.1119136818,0.2129090909,0
3420,617,98.99039485,QR,Grocery,UK,7,0.2822054341,0.1169725456,0
485,458,114.2777945,Online,Electronics,FR,16,0.1136391072,0.2900038002,0
8673,445,51.8662153,POS,Clothing,TR,18,0.2669774654,0.2621172598,0
5724,178,86.8222224,Online,Grocery,TR,12,0.2458558198,0.009301125781,0
7178,646,75.44185705,Online,Grocery,TR,6,0.1681881923,0.1362928201,0
6815,659,55.53148669,POS,Clothing,UK,12,0.1290852388,0.2060508313,0
8043,953,102.3849735,Online,Grocery,UK,8,0.2284159547,0.02833129528,0
3161,399,107.4652621,Online,Food,UK,18,0.06150713367,0.01124536123,0
8298,161,122.9621403,POS,Food,DE,6,0.2667814722,0.001719488294,0
5240,74,129.3324785,QR,Travel,US,6,0.1632669277,0.2229190094,0
6144,41,55.01611589,ATM,Clothing,TR,12,0.2115294325,0.06629543772,0
7876,624,48.02376621,QR,Clothing,TR,22,0.1674315933,0.1443848047,0
1683,974,131.1265672,ATM,Electronics,FR,17,0.2171736379,0.1271559043,0
5831,39,138.9650236,ATM,Electronics,DE,10,0.02914071006,0.09152303506,0
9514,261,1745.438791,QR,Electronics,FR,3,0.8754555724,0.9592061749,1
9320,238,25.6823349,QR,Grocery,TR,19,0.2864173679,0.2343281392,0
5138,484,79.8252103,QR,Travel,FR,13,0.161859223,0.2738473784,0
1038,964,37.58647451,Online,Grocery,FR,13,0.07231926983,0.1808265362,0
5707,121,75.34383742,POS,Clothing,FR,21,0.1698318371,0.1683233615,0
6753,197,139.4560512,Online,Food,TR,14,0.134631027,0.07609680642,0
8780,624,129.6179204,ATM,Clothing,FR,18,0.1846563991,0.2592818827,0
5695,177,86.20089284,POS,Food,FR,18,0.1584451438,0.01943029284,0
6022,414,195.5797506,Online,Clothing,UK,14,0.2907041879,0.1052191355,0
6189,627,133.2678394,ATM,Travel,UK,9,0.1025235587,0.218088431,0
1534,556,135.1138214,Online,Food,US,15,0.2835674145,0.1072649932,0
6714,719,92.53028932,ATM,Grocery,UK,6,0.1594798172,0.06538772415,0
735,958,123.9998497,QR,Grocery,US,10,0.001664282584,0.1584891202,0
6557,681,16.68885996,POS,Clothing,TR,12,0.1006900174,0.09606651395,0
6291,355,136.8590653,Online,Electronics,TR,17,0.07532517363,0.07353598174,0
393,972,53.6474954,POS,Clothing,DE,13,0.04167207093,0.1961090865,0
8935,883,165.804568,QR,Grocery,US,11,0.2215207446,0.03458588082,0
305,821,144.1616288,POS,Clothing,TR,18,0.2791072397,0.07816138131,0
9454,554,35.84254773,POS,Clothing,US,9,0.071075708,0.06249902528,0
9216,72,111.4033434,POS,Travel,DE,18,0.2717846458,0.2131551213,0
6237,977,175.0817309,ATM,Food,DE,9,0.1510875518,0.2235842008,0
2855,71,89.76588159,ATM,Clothing,TR,9,0.2104079727,0.2490236388,0
3152,163,123.6541336,QR,Travel,DE,9,0.1638548256,0.2375386667,0
3611,428,69.30653885,Online,Electronics,US,12,0.1032960442,0.274141494,0
8388,991,46.66162227,POS,Food,DE,9,0.2867685975,0.1971670172,0
551,869,66.12037851,Online,Electronics,US,23,0.1042279645,0.2463530782,0
7895,448,45.9296076,POS,Electronics,DE,13,0.04416922986,0.04941126443,0
9356,412,122.7344476,POS,Food,DE,12,0.2811469527,0.1500667386,0
3551,758,58.34027987,Online,Travel,DE,17,0.06528693223,0.2393565438,0
2822,120,125.2555306,QR,Food,UK,12,0.01740536916,0.1422173966,0
6647,500,111.9489209,ATM,Clothing,FR,14,0.2237841636,0.1825394988,0
4601,572,62.67818204,ATM,Travel,US,12,0.1588125525,0.2232172385,0
8554,395,136.8309966,POS,Grocery,DE,10,0.1452680812,0.09835484222,0
7989,938,100.2857055,ATM,Travel,FR,19,0.04658995254,0.2277156754,0
4820,609,65.51062276,QR,Electronics,UK,10,0.1904707844,0.2621096956,0
7871,705,67.50731031,ATM,Electronics,UK,7,0.09769981822,0.2358755477,0
2098,17,138.0054015,QR,Clothing,DE,23,0.1000291667,0.2521127426,0
3681,711,125.2905133,ATM,Travel,US,10,0.0441923189,0.2090963307,0
3731,921,64.60843609,POS,Grocery,DE,18,0.1419935963,0.1209461069,0
3063,443,22.78633395,Online,Travel,UK,6,0.2943895334,0.01726424097,0
9295,686,103.8335603,Online,Grocery,TR,7,0.2465820468,0.2614630599,0
8969,752,114.0070561,QR,Electronics,TR,17,0.06362278152,0.2115484692,0
7045,36,191.2174767,ATM,Food,FR,13,0.09730090445,0.1716815382,0
1459,816,105.0128244,POS,Clothing,US,18,0.286804023,0.05480936123,0
4735,91,116.9291545,ATM,Electronics,US,12,0.2348992982,0.1205682988,0
600,937,128.6192616,QR,Food,US,16,0.2502645908,0.008147247131,0
9102,709,59.58402307,ATM,Food,FR,8,0.1414466264,0.2242000454,0
4133,685,56.35481623,ATM,Travel,TR,10,0.2737629179,0.003898252847,0
1736,687,98.35048486,QR,Clothing,UK,12,0.2859623547,0.2754592454,0
7068,99,59.23413817,QR,Clothing,FR,20,0.2001134801,0.1515415492,0
3607,630,56.39427237,Online,Travel,UK,14,0.03154772671,0.1783452781,0
9716,521,10,POS,Electronics,UK,20,0.9551895798,0.8379429916,1
7223,604,86.45943636,Online,Electronics,US,18,0.0224577602,0.1606222314,0
7181,653,157.1091539,QR,Travel,UK,11,0.2658599557,0.2860808616,0
9808,233,10,POS,Food,US,19,0.7463598602,0.9772567378,1
3331,274,159.9990109,ATM,Grocery,TR,16,0.1329193217,0.1537018098,0
1015,476,95.58742686,ATM,Food,DE,12,0.261028743,0.2330873967,0
9170,613,73.8162656,ATM,Clothing,UK,23,0.2546268876,0.09761806878,0
2562,784,76.82912144,ATM,Clothing,DE,21,0.08769537846,0.2763020837,0
8464,824,43.90755778,QR,Electronics,TR,10,0.2971799157,0.1244451056,0
1715,216,189.24412,POS,Clothing,FR,23,0.1337397055,0.02036777803,0
7094,601,116.2351192,POS,Clothing,FR,12,0.2016117019,0.1072586597,0
991,49,54.61932334,Online,Grocery,FR,13,0.2893727819,0.006368878491,0
5311,367,107.6874764,POS,Grocery,UK,17,0.0555711358,0.2365844132,0
7237,455,38.69662368,Online,Grocery,US,11,0.03440973458,0.08182468611,0
8721,229,89.67570118,QR,Electronics,US,18,0.192231995,0.01176575586,0
1551,573,69.93497677,POS,Grocery,US,16,0.08846347731,0.2881874588,0
7290,774,95.3941581,POS,Food,FR,10,0.1504792887,0.1375143789,0
2162,254,54.32874368,Online,Electronics,US,15,0.1372206658,0.1174061479,0
6173,598,40.73086856,QR,Grocery,FR,16,0.2863103743,0.1769457253,0
4688,714,117.7430822,ATM,Travel,UK,8,0.2274360067,0.1206293454,0
7557,620,8.907154911,Online,Electronics,FR,13,0.1497830961,0.2146127555,0
7770,691,100.2185126,POS,Grocery,UK,16,0.295808454,0.2762283747,0
8593,227,54.20940979,ATM,Electronics,DE,21,0.2105547427,0.2803678852,0
4569,129,77.05504561,QR,Food,US,11,0.2648834222,0.1363518067,0
7205,320,77.64248608,POS,Travel,US,12,0.0421149507,0.08507819943,0
8771,9,155.3507112,POS,Clothing,DE,9,0.02803703087,0.00842775263,0
8749,54,90.13572085,Online,Clothing,FR,20,0.1439122237,0.2175675314,0
4559,96,123.9423434,QR,Grocery,US,17,0.1813550345,0.2509756678,0
8770,578,152.6509605,Online,Clothing,UK,18,0.2951912699,0.1839492864,0
2269,480,13.6882608,ATM,Food,US,22,0.005655421422,0.0003227261999,0
9751,649,22.16842906,QR,Electronics,UK,4,0.7591979731,0.8835709215,1
7029,419,28.71579592,QR,Food,TR,13,0.1559780826,0.2207284652,0
9782,800,2056.998383,ATM,Clothing,TR,3,0.7543827106,0.9495303486,1
5945,425,83.63479844,QR,Food,FR,6,0.2096974132,0.2634612277,0
7448,773,19.80191243,POS,Food,TR,22,0.2009624528,0.1650669507,0
9675,124,1210.765299,ATM,Clothing,FR,7,0.7030789919,0.7464986285,1
7635,607,144.6824048,ATM,Food,DE,21,0.2801233325,0.2097775357,0
728,420,64.23895241,POS,Electronics,TR,12,0.2711487041,0.2671299567,0
7848,635,71.98986538,POS,Grocery,DE,6,0.1160956969,0.2130619885,0
7748,995,107.9230593,POS,Grocery,FR,14,0.08068145399,0.1491549114,0
4269,764,137.4410591,Online,Clothing,FR,10,0.1207870327,0.2762357329,0
1447,639,88.84650941,Online,Food,DE,17,0.1031122936,0.2557528999,0
5403,419,72.07899158,POS,Travel,FR,11,0.03940306933,0.2464643355,0
1820,779,67.82824665,QR,Food,US,16,0.2223988342,0.1727488288,0
2224,12,96.94513352,Online,Grocery,UK,16,0.1577446514,0.1210458071,0
8401,314,56.68316914,Online,Electronics,FR,18,0.01286610584,0.2369434999,0
2450,877,35.6958225,ATM,Travel,FR,20,0.2999976127,0.1921341236,0
91,449,188.634583,ATM,Travel,TR,12,0.005755993779,0.1554753012,0
7388,136,1.608493845,ATM,Food,TR,19,0.1519580535,0.1083240648,0
7030,767,85.23090077,QR,Clothing,UK,18,0.2565104391,0.24487179,0
5153,187,106.2642732,POS,Travel,US,18,0.2608634299,0.1842826481,0
2451,947,62.58948425,QR,Electronics,US,18,0.1166738099,0.06502796369,0
2290,415,117.8485049,POS,Electronics,FR,10,0.1571064649,0.2031706786,0
984,845,155.9091509,Online,Electronics,TR,11,0.06442204486,0.07281173398,0
3036,970,42.12159711,Online,Food,TR,23,0.1233866762,0.1961856274,0
3339,219,153.259159,POS,Travel,DE,9,0.1634956793,0.1087964552,0
2702,170,86.51301377,POS,Food,FR,14,0.2674172691,0.02740047364,0
3519,441,71.16050183,POS,Grocery,FR,21,0.2007845188,0.09589062982,0
9797,619,2973.284601,POS,Food,US,18,0.9326245435,0.9537457542,1
4016,484,40.92607956,QR,Clothing,UK,20,0.2153994377,0.2563291865,0
4052,182,198.1578993,ATM,Food,TR,7,0.1903179182,0.06371588199,0
4724,987,128.072223,QR,Clothing,UK,14,0.2502991945,0.05563043817,0
8018,133,82.93006734,QR,Clothing,US,16,0.21602831,0.2169800778,0
4662,40,131.5971119,POS,Food,TR,8,0.1771342265,0.1669027307,0
1637,605,101.6608282,POS,Clothing,UK,6,0.1766360224,0.1381640103,0
4881,356,136.3970695,POS,Food,TR,20,0.1088766068,0.01010927258,0
61,413,49.21858726,Online,Travel,UK,22,0.06264154192,0.06320283316,0
1072,147,66.64792621,ATM,Electronics,TR,19,0.05952982516,0.2506664649,0
1840,470,83.2109129,POS,Electronics,DE,15,0.1788125759,0.1738113402,0
4893,692,73.78591952,ATM,Food,UK,18,0.2777854059,0.1292314988,0
7806,34,67.63396992,ATM,Food,FR,16,0.1722164577,0.2474594464,0
8328,207,83.83640301,ATM,Clothing,TR,20,0.01429695957,0.05099329837,0
8697,560,93.86102364,Online,Electronics,DE,17,0.1549230235,0.01841210989,0
7839,28,91.02658212,QR,Grocery,TR,8,0.09568511669,0.2260861192,0
8639,409,125.3189749,POS,Electronics,TR,10,0.2702780074,0.2979224429,0
2357,871,78.17169743,Online,Travel,UK,12,0.2166200915,0.06318881229,0
6498,125,63.77176212,QR,Clothing,US,6,0.09572388224,0.03873226462,0
9993,328,1637.6802,QR,Grocery,US,13,0.9383218649,0.9910460704,1
4680,336,48.0314197,QR,Grocery,TR,14,0.01197020098,0.06525290497,0
6578,884,78.30967065,QR,Electronics,FR,15,0.03931739345,0.2677659164,0
1394,649,204.3872993,POS,Travel,US,20,0.1798292428,0.2105986856,0
8919,372,83.18887929,QR,Food,US,7,0.03236798092,0.2499922283,0
9068,799,81.73112821,POS,Travel,TR,16,0.1157863852,0.1390316093,0
4453,424,130.6357366,QR,Clothing,TR,8,0.221216037,0.2276129084,0
8963,765,133.7366778,ATM,Electronics,TR,18,0.006995839532,0.2510014737,0
3190,772,166.5078613,QR,Travel,DE,16,0.2708867473,0.2293806588,0
8670,912,123.2681462,Online,Electronics,US,16,0.01367176942,0.009964999371,0
2495,442,97.44413683,ATM,Food,US,6,0.1880150736,0.02164737039,0
7977,626,141.4133178,QR,Grocery,FR,22,0.1993239767,0.07458944375,0
6544,895,21.03735113,POS,Grocery,TR,17,0.1669170026,0.08874408241,0
2476,191,219.1728518,ATM,Clothing,DE,7,0.1061952114,0.1321746463,0
1836,566,88.33580084,Online,Grocery,TR,16,0.2407332615,0.2547254175,0
1455,304,79.155736,ATM,Food,TR,21,0.2468821717,0.2419287052,0
9915,0,10,Online,Grocery,UK,22,0.8305997322,0.8210891091,1
7390,86,157.0599707,ATM,Food,TR,6,0.2002834884,0.04882562135,0
9524,720,1068.9709,POS,Food,NG,11,0.9563944558,0.7157322213,1
6476,57,88.38822693,Online,Grocery,TR,18,0.2519966162,0.09122930641,0
1940,464,134.0519798,Online,Travel,TR,18,0.2966754144,0.1910524957,0
9494,188,1,Online,Clothing,US,7,0.2854764044,0.2293559716,0
6752,378,138.4341068,Online,Clothing,TR,11,0.01899689676,0.2231244279,0
4071,191,95.56661953,QR,Food,TR,18,0.2612664175,0.1528699862,0
4919,805,168.1524161,POS,Clothing,TR,20,0.2502268365,0.07765165902,0
958,374,112.0057249,Online,Travel,US,19,0.1913310337,0.1535547942,0
901,368,172.9827415,POS,Travel,UK,6,0.1829588497,0.1320596354,0
7478,717,131.2371013,QR,Food,UK,23,0.1043315311,0.01499642834,0
374,133,10.20042593,ATM,Travel,DE,20,0.03235992971,0.03626681307,0
4864,523,61.64643243,Online,Food,UK,17,0.06374223283,0.02982014576,0
9130,572,84.13438336,Online,Grocery,UK,23,0.2116253064,0.0250328935,0
2117,269,57.31612959,POS,Clothing,FR,9,0.0608660932,0.2526630629,0
8396,456,101.1049662,Online,Clothing,FR,20,0.1357843036,0.0598410615,0
8238,327,36.74905358,QR,Food,FR,8,0.155573776,0.2497706012,0
946,427,120.6332512,QR,Clothing,DE,16,0.2090775211,0.01115331808,0
5680,892,44.0823887,Online,Electronics,FR,6,0.1382093214,0.1010149854,0
1821,561,54.71053107,ATM,Food,UK,11,0.1544428698,0.1075715968,0
5349,727,11.5456134,ATM,Clothing,US,14,0.1334254229,0.259619931,0
8910,354,118.0507002,ATM,Grocery,UK,13,0.1838844102,0.1057799728,0
8221,238,107.6797303,ATM,Electronics,US,10,0.04334950435,0.1411829994,0
5969,893,34.78556688,POS,Travel,US,7,0.2050714832,0.2985987019,0
293,727,6.401454724,QR,Grocery,FR,14,0.01807794946,0.1044140559,0
5533,496,81.01420899,ATM,Clothing,TR,20,0.04206467592,0.1920269183,0
6492,566,65.39264748,POS,Electronics,FR,10,0.1420084779,0.02381124513,0
351,857,185.5553646,Online,Grocery,TR,12,0.04417762388,0.2077180879,0
9617,773,3711.733894,QR,Grocery,NG,0,0.9415620172,0.7549511906,1
7008,462,132.2034271,POS,Clothing,DE,10,0.1062480154,0.005297459901,0
8891,344,90.78770106,QR,Grocery,US,17,0.1872450643,0.1160888701,0
2823,809,189.573967,Online,Food,TR,19,0.03079208465,0.2333948956,0
7334,770,105.0005937,Online,Electronics,US,8,0.191738307,0.1070177204,0
8651,76,210.2893176,ATM,Clothing,FR,18,0.1025760129,0.1453224629,0
4198,382,154.7674597,ATM,Clothing,TR,13,0.02520004377,0.1229844599,0
3465,456,151.5192347,POS,Food,US,12,0.2099289937,0.06612589845,0
3726,67,214.0130115,ATM,Travel,TR,9,0.1047468894,0.2520799817,0
6283,306,109.1281495,ATM,Food,US,18,0.1569192332,0.1425394191,0
6535,328,86.73701084,QR,Clothing,TR,14,0.09435896809,0.2533442461,0
1712,689,93.29373105,POS,Electronics,DE,15,0.1226241889,0.1802352066,0
9268,877,183.5917929,QR,Travel,UK,14,0.1728000499,0.09979638264,0
3230,730,40.202283,QR,Food,TR,10,0.2501967611,0.2434069987,0
6917,788,138.7291408,Online,Grocery,DE,16,0.2579960722,0.12078551,0
7674,313,125.7437618,QR,Travel,FR,7,0.1283895684,0.05628461105,0
7697,53,136.0685839,ATM,Electronics,US,9,0.07996405236,0.199453849,0
6776,84,112.7492366,Online,Electronics,UK,18,0.1816579771,0.008247208003,0
128,182,85.39623492,POS,Clothing,TR,18,0.2373772027,0.2999927923,0
9230,328,163.4906967,QR,Travel,UK,13,0.03449668998,0.02203755572,0
884,75,95.96855958,POS,Electronics,UK,16,0.2383098289,0.06778589639,0
7490,844,227.1053174,ATM,Travel,US,17,0.2498029135,0.2759065967,0
3003,244,76.27747523,Online,Food,US,20,0.1313711222,0.1615882443,0
8352,915,93.22059285,POS,Food,TR,12,0.0240178094,0.1284918882,0
1909,295,38.54910317,POS,Food,DE,16,0.02816976793,0.2647533148,0
5849,161,123.0164195,ATM,Clothing,UK,23,0.1642428037,0.1158077668,0
4803,67,221.4467369,QR,Grocery,TR,20,0.2486066773,0.03133122863,0
6103,591,78.20415333,QR,Electronics,UK,15,0.06511042732,0.01191401369,0
519,234,146.4870112,POS,Clothing,TR,6,0.04389926716,0.03752590846,0
69,187,15.5443773,Online,Clothing,US,7,0.2206853093,0.2854216298,0
4655,73,67.36480474,QR,Clothing,FR,11,0.09290005462,0.1862081401,0
4169,199,141.8109785,POS,Electronics,TR,14,0.1410519207,0.2770652884,0
8081,620,37.08157028,QR,Clothing,TR,12,0.06656690121,0.1365501587,0
9415,542,55.4890329,ATM,Electronics,US,19,0.2784880129,0.2355971423,0
5267,862,43.11776979,QR,Grocery,TR,10,0.0001901696442,0.1547261258,0
1033,569,139.9193236,ATM,Clothing,UK,21,0.1193508072,0.07062987456,0
3894,248,78.24465747,QR,Clothing,US,13,0.2305204435,0.1677366061,0
9698,233,10,ATM,Travel,NG,4,0.9658531491,0.8057699489,1
3518,382,158.8489682,QR,Travel,DE,16,0.1921430069,0.2894753793,0
8155,810,82.13988544,Online,Travel,DE,13,0.2220679038,0.006481064171,0
2842,297,188.913462,Online,Food,DE,13,0.2063904921,0.2744373282,0
9018,434,83.4126104,POS,Food,FR,14,0.078272082,0.04752546486,0
2464,363,151.3522926,QR,Food,TR,22,0.1850201542,0.2052578255,0
7945,631,56.06736597,POS,Food,TR,9,0.1246524213,0.17904999,0
3370,600,126.8716296,POS,Food,FR,15,0.001673719142,0.2969065499,0
3451,948,104.6189575,QR,Clothing,FR,19,0.2693018179,0.2029429727,0
5447,144,139.689973,QR,Travel,TR,21,0.1750783376,0.1957132259,0
7978,318,68.09634824,POS,Clothing,FR,18,0.06026041059,0.09866156847,0
9193,680,174.9346159,Online,Travel,TR,22,0.2153027617,0.05347423579,0
7433,307,64.87431551,Online,Clothing,FR,19,0.1845364864,0.1917761355,0
2167,126,85.27111798,QR,Grocery,UK,10,0.2232883943,0.04941452231,0
3598,762,91.90309267,ATM,Travel,DE,18,0.148092318,0.04703652067,0
7583,381,89.11162377,POS,Food,DE,7,0.1768776465,0.00499635228,0
9297,881,12.5966264,Online,Food,UK,8,0.1073637236,0.185814458,0
6416,886,143.9814648,QR,Food,DE,9,0.0338015882,0.2305303406,0
4760,884,138.0744869,ATM,Grocery,FR,23,0.1108545492,0.2642281889,0
5391,164,129.0572779,POS,Travel,FR,17,0.1010346461,0.07633340777,0
9779,157,3725.238402,ATM,Travel,FR,6,0.852123105,0.7367932532,1
9532,992,1448.430672,QR,Electronics,US,16,0.9452945805,0.703526956,1
2596,929,205.9620194,ATM,Electronics,UK,6,0.09216319945,0.03467417082,0
2860,941,113.2014501,Online,Grocery,UK,22,0.2962694149,0.1584898255,0
3559,691,79.94433644,QR,Food,UK,16,0.1394335707,0.2669282332,0
5568,547,166.3539876,QR,Travel,TR,16,0.04810867299,0.2201404202,0
8977,841,122.7656894,ATM,Food,FR,6,0.1471504856,0.08723027547,0
6099,665,144.1629508,POS,Grocery,TR,8,0.08166015172,0.01398923236,0
2326,183,97.44075772,QR,Travel,UK,9,0.1230220752,0.2835898323,0
123,312,189.5835355,POS,Grocery,US,20,0.01579831889,0.01201196463,0
1467,536,132.6420767,ATM,Travel,DE,6,0.2928941468,0.2614363273,0
9010,790,159.1388685,Online,Travel,DE,17,0.09716721107,0.04211750864,0
2145,246,46.83584951,POS,Grocery,TR,19,0.1893566944,0.0683620021,0
1270,255,149.2020726,ATM,Travel,US,18,0.2266503177,0.06738940545,0
6935,749,105.1403192,POS,Food,TR,21,0.2185545383,0.02275127216,0
4127,133,137.6065475,Online,Clothing,TR,17,0.04248727378,0.03335104337,0
9205,590,140.6946407,POS,Clothing,FR,22,0.08649826239,0.2940895004,0
892,962,97.69692979,QR,Electronics,TR,18,0.1124994063,0.1917764452,0
6346,655,85.74027627,ATM,Clothing,TR,23,0.1560128498,0.1160510623,0
5262,181,102.9926481,ATM,Electronics,US,19,0.01082435163,0.07974058192,0
8404,709,111.9914269,ATM,Electronics,TR,17,0.01084534209,0.1502571995,0
762,699,81.74086919,ATM,Travel,DE,14,0.08757360892,0.284379123,0
3468,519,144.5645106,Online,Electronics,TR,16,0.1883038692,0.0139872435,0
9328,416,60.47003894,ATM,Travel,FR,9,0.04620407164,0.03596995046,0
160,973,41.76003013,ATM,Food,FR,16,0.2916529527,0.1149173557,0
9733,226,1290.525748,QR,Clothing,UK,12,0.8257909086,0.8752993405,1
7693,103,171.3931191,QR,Electronics,TR,17,0.07025552365,0.126384968,0
8340,521,103.4231532,ATM,Travel,UK,19,0.2120949475,0.2343879832,0
6547,726,36.18911584,POS,Food,TR,15,0.2255223136,0.04515657564,0
6549,551,90.3198802,POS,Grocery,DE,21,0.2642069896,0.06891430147,0
2837,363,141.9274463,QR,Food,DE,11,0.05778242864,0.2388099842,0
2803,115,76.71485827,Online,Grocery,US,11,0.01436480257,0.2803070679,0
986,117,18.94958577,QR,Electronics,TR,10,0.02512834521,0.2891214573,0
9549,984,3788.538669,ATM,Travel,NG,4,0.7900737725,0.7369173075,1
8184,105,124.1025364,ATM,Travel,UK,22,0.1070962763,0.09601651296,0
6734,767,94.37197354,Online,Electronics,DE,19,0.1828547123,0.2200391038,0
334,137,75.55038552,Online,Electronics,DE,10,0.03823681093,0.2988570948,0
7446,196,54.93678872,QR,Clothing,FR,22,0.005654947675,0.07047464401,0
5382,697,70.42420652,ATM,Grocery,FR,11,0.1598735637,0.0820360358,0
5279,520,80.25739482,POS,Electronics,FR,10,0.1503265887,0.1696609188,0
2346,976,234.0254436,ATM,Food,TR,19,0.02584974912,0.1416579888,0
3402,781,51.03738335,POS,Clothing,FR,14,0.1498779806,0.2560810154,0
9253,997,164.9750384,QR,Travel,US,8,0.1050217543,0.06023760355,0
6728,231,166.8711021,QR,Electronics,FR,13,0.2857393565,0.2990049822,0
5708,16,101.2053584,Online,Travel,UK,16,0.0326563208,0.03473661771,0
8527,415,134.8675372,POS,Clothing,DE,20,0.1760389788,0.1332026694,0
588,853,102.2409099,ATM,Grocery,DE,23,0.2182439359,0.04288224086,0
229,22,105.4670288,Online,Grocery,FR,13,0.01563566219,0.04240815651,0
7842,422,102.995522,QR,Grocery,TR,19,0.1145463314,0.2951756518,0
9718,592,703.5709577,POS,Grocery,UK,8,0.8570310632,0.796633848,1
9592,793,4601.507617,QR,Food,TR,12,0.9477537632,0.8158035151,1
1332,313,95.80490684,ATM,Food,TR,13,0.1580551685,0.2519433694,0
9774,990,2767.238804,Online,Clothing,UK,16,0.9386420596,0.7391865557,1
2781,726,21.04799444,POS,Electronics,TR,8,0.03275735584,0.2588900321,0
9911,593,3198.185411,QR,Electronics,US,19,0.7088238354,0.7333495198,1
4217,94,88.60477264,QR,Electronics,TR,18,0.2394234453,0.1703274789,0
1748,364,157.7068118,Online,Travel,US,9,0.03469955156,0.263762609,0
6161,693,129.4081655,QR,Electronics,FR,22,0.1082525009,0.02746151164,0
9559,271,2836.618626,ATM,Clothing,TR,4,0.8576220609,0.8063021205,1
8304,224,122.9220201,ATM,Electronics,TR,7,0.1357274867,0.2998596995,0
9169,649,43.16561918,Online,Grocery,US,16,0.1198375563,0.2728806661,0
278,648,119.9224023,ATM,Grocery,TR,6,0.2321334924,0.1780102918,0
9804,967,769.9182988,ATM,Clothing,TR,1,0.7533093109,0.7308952406,1
9646,694,1909.727381,Online,Electronics,US,11,0.9933839237,0.8860707829,1
1005,83,77.17984086,POS,Clothing,FR,10,0.299612317,0.02597789011,0
9750,344,163.6204694,QR,Electronics,NG,4,0.7210376635,0.8569824905,1
3125,905,111.4781307,POS,Grocery,US,10,0.212179203,0.1205907214,0
3595,184,21.56936628,ATM,Clothing,US,17,0.1475535387,0.02392807008,0
9428,457,64.81566173,QR,Food,FR,16,0.2834046376,0.2862103306,0
3815,443,103.8883734,Online,Grocery,US,11,0.163805871,0.1618295973,0
7760,180,169.0924018,POS,Electronics,FR,19,0.1309182616,0.07440508166,0
8800,166,123.2576997,QR,Travel,US,11,0.165601223,0.1951853851,0
9426,557,41.16562892,POS,Clothing,US,17,0.1776099399,0.2144014346,0
8364,265,59.08840082,QR,Food,DE,9,0.01743968499,0.2488632792,0
1043,944,105.0655142,Online,Food,DE,10,0.2054880206,0.1874388613,0
7425,863,40.14571592,POS,Grocery,US,6,0.2818666664,0.02470210814,0
210,197,97.82352667,QR,Electronics,DE,15,0.01405996508,0.1980945623,0
6542,842,180.8980571,POS,Clothing,FR,22,0.2646997389,0.2001663481,0
4897,386,211.4819717,ATM,Electronics,TR,8,0.2935058951,0.2320046419,0
9519,95,984.669261,ATM,Electronics,US,7,0.9615647479,0.7228884936,1
2106,829,33.27729594,ATM,Grocery,FR,10,0.09206389144,0.1589303648,0
427,103,170.3185203,QR,Travel,TR,13,0.05008485676,0.1114134024,0
2741,451,154.2588924,Online,Electronics,FR,19,0.2512995765,0.1816935082,0
1669,684,29.89020071,Online,Food,FR,12,0.2997028548,0.1009894734,0
8592,464,54.44102074,POS,Travel,US,19,0.2171848766,0.1872200928,0
1132,419,46.00450796,Online,Grocery,US,7,0.2503515098,0.04983325102,0
1130,896,48.31320997,POS,Travel,TR,13,0.08855894171,0.03329921883,0
4584,854,152.7446206,ATM,Clothing,US,14,0.008666990476,0.1732175603,0
8338,638,128.6307696,Online,Clothing,TR,19,0.1015282955,0.1301854282,0
7636,856,121.3719114,ATM,Travel,FR,11,0.04160221009,0.0268899401,0
936,658,24.38510042,ATM,Electronics,FR,16,0.207193836,0.06962805675,0
3772,727,149.964232,ATM,Travel,DE,12,0.2526498003,0.06950064903,0
249,651,98.03633465,Online,Clothing,FR,15,0.2705389355,0.2995006086,0
1643,206,147.1204648,ATM,Food,FR,9,0.1768407945,0.01637182899,0
2020,894,113.9874,Online,Electronics,TR,19,0.2510659052,0.1201008263,0
1261,62,31.57399286,Online,Grocery,TR,13,0.2606782041,0.04859939797,0
497,276,177.2866571,QR,Grocery,US,19,0.06940634957,0.07048096831,0
4989,477,145.0648106,ATM,Clothing,TR,12,0.05454689062,0.2300305131,0
7147,632,81.86690143,POS,Grocery,US,23,0.2131690526,0.06535021954,0
2740,958,113.3488795,QR,Food,FR,14,0.0506878232,0.04087940343,0
5134,107,102.5419263,QR,Food,DE,13,0.2017358307,0.03129888169,0
8792,75,53.17316065,Online,Electronics,UK,21,0.2319088587,0.1246173538,0
7286,906,164.5942951,POS,Food,US,20,0.0897345079,0.1696329063,0
2620,574,38.56119255,POS,Travel,UK,10,0.1358286422,0.1584951474,0
3039,170,155.2800408,QR,Clothing,TR,23,0.04868944795,0.1049258539,0
2099,911,85.01472032,Online,Clothing,FR,9,0.2061290974,0.1880361758,0
7767,199,111.5553584,QR,Food,US,9,0.0680308243,0.06231086511,0
3657,15,58.90398337,QR,Travel,TR,14,0.1485992044,0.2800598408,0
7679,45,74.70771654,Online,Travel,TR,15,0.1783905692,0.1545613134,0
2486,572,122.9277487,ATM,Electronics,UK,16,0.1464045855,0.2887428425,0
7509,395,109.2407084,Online,Clothing,TR,14,0.1975798381,0.08357824106,0
3313,439,85.97457077,ATM,Food,DE,17,0.0809338317,0.2875172319,0
9044,798,52.12565709,Online,Food,TR,22,0.2601067344,0.01162170546,0
9595,52,177.0399775,ATM,Electronics,FR,4,0.8812949624,0.7902799594,1
3939,640,58.10332088,ATM,Travel,UK,10,0.1479369675,0.121089235,0
9573,4,10,Online,Electronics,TR,23,0.7072761753,0.948205561,1
7554,664,205.7300089,QR,Clothing,UK,8,0.01223200995,0.00560733977,0
1081,801,55.87197943,Online,Electronics,TR,14,0.2873394473,0.1646875328,0
5331,198,124.7568935,QR,Travel,FR,15,0.2572815639,0.1789115289,0
9433,819,104.9014791,POS,Grocery,TR,16,0.1822338053,0.03508828299,0
3344,442,1,Online,Travel,UK,9,0.1027249644,0.2230289627,0
5406,819,182.1333259,QR,Food,TR,8,0.06982854985,0.1010392865,0
8282,836,129.6062312,POS,Electronics,US,16,0.2961426398,0.2993662042,0
8624,212,152.6324694,ATM,Clothing,TR,11,0.09306650897,0.1119418933,0
3240,934,111.6651053,ATM,Travel,TR,20,0.127350981,0.1246981237,0
9290,725,72.79593445,QR,Travel,US,15,0.2616123312,0.1468879995,0
2962,277,75.25049005,QR,Clothing,US,15,0.1309279601,0.1603635163,0
5342,366,230.0885236,Online,Grocery,US,11,0.1441071676,0.03430031415,0
3734,975,115.4110656,ATM,Travel,TR,11,0.1139291563,0.1865589396,0
6663,631,150.9119106,Online,Electronics,UK,21,0.2668190269,0.07230053518,0
9032,583,99.28091592,ATM,Clothing,UK,7,0.0138210646,0.1011192951,0
5273,214,2.41117582,QR,Food,TR,8,0.1233720953,0.02202512628,0
5308,863,81.61239982,QR,Grocery,FR,12,0.2832045792,0.1211886965,0
4020,163,70.96124332,Online,Travel,US,9,0.1807777793,0.1169855351,0
8810,923,50.01284742,POS,Clothing,US,11,0.1044525673,0.2403740927,0
2122,71,165.7394246,ATM,Grocery,FR,8,0.0564456092,0.1219817258,0
5750,3,174.9295548,QR,Clothing,FR,7,0.2197386615,0.2465234288,0
8227,370,154.2058273,POS,Food,TR,19,0.2737322962,0.1810621737,0
9151,188,159.0263146,Online,Grocery,UK,17,0.2289314611,0.2960339892,0
988,58,126.8792654,ATM,Grocery,FR,19,0.02605883295,0.06267640727,0
5133,970,156.4416373,Online,Electronics,US,15,0.143302212,5.36E-05,0
1661,238,159.0781568,Online,Food,UK,17,0.2686304416,0.03636209643,0
4275,309,102.1145547,QR,Electronics,US,14,0.04254754475,0.1775599677,0
7609,527,133.529947,POS,Grocery,DE,23,0.2460640094,0.2609406529,0
587,753,67.96581816,ATM,Grocery,FR,22,0.01674005657,0.2837371871,0
4089,950,122.0966844,ATM,Grocery,UK,13,0.2763284177,0.08805756099,0
6761,679,90.35205737,POS,Travel,UK,13,0.2904667368,0.2618845972,0
3321,438,135.3689288,POS,Travel,US,9,0.1062919232,0.1203189371,0
6715,841,24.05077082,POS,Travel,FR,14,0.05265746038,0.1494467841,0
4641,291,91.33892843,ATM,Food,TR,14,0.1507778837,0.2777624781,0
7861,572,115.5164238,POS,Electronics,FR,22,0.05624197196,0.09536636037,0
8312,61,124.3508578,Online,Food,UK,12,0.06546634281,0.07738394762,0
6253,175,1,ATM,Electronics,TR,7,0.02177549623,0.04402177628,0
3038,817,257.4824006,POS,Grocery,DE,14,0.05408425837,0.2699119776,0
1138,799,85.65039071,ATM,Grocery,UK,20,0.009053605507,0.2012107532,0
2626,914,107.1550104,QR,Food,FR,16,0.1709467373,0.2737596151,0
5804,170,186.6726733,QR,Travel,FR,16,0.1040832616,0.2793558349,0
9360,951,122.5321468,ATM,Electronics,UK,16,0.1969451363,0.06086813465,0
5082,905,134.3070962,POS,Clothing,FR,13,0.258707877,0.1046897305,0
558,882,87.17987222,QR,Clothing,US,7,0.2394095752,0.006075354311,0
407,44,56.23198195,Online,Electronics,FR,11,0.09837730854,0.06763898757,0
9274,336,101.3911443,QR,Travel,TR,7,0.005716159378,0.1940102789,0
395,227,84.48894964,POS,Clothing,US,7,0.005256293965,0.1879013553,0
8587,222,92.98567458,ATM,Food,FR,11,0.2689955027,0.2031319157,0
1931,87,13.47469457,QR,Food,FR,22,0.1047233697,0.2149086811,0
2367,459,98.65802158,Online,Electronics,US,12,0.2476109256,0.08144709551,0
8665,367,68.06383397,ATM,Clothing,UK,22,0.001121961152,0.259063723,0
8564,284,55.3484749,POS,Food,TR,14,0.180551165,0.2021742129,0
8955,27,60.88312645,POS,Electronics,FR,10,0.074030812,0.1252012653,0
12,203,67.53448123,Online,Grocery,FR,18,0.01935447853,0.09980389731,0
1281,2,167.1011375,POS,Clothing,FR,16,0.2991336224,0.1788295831,0
2897,194,170.7937575,Online,Grocery,TR,9,0.02628699712,0.08144897076,0
3041,492,152.6100954,Online,Food,US,15,0.01075242366,0.08922997006,0
8465,177,134.8498551,Online,Grocery,UK,8,0.07572969241,0.1732332391,0
7187,370,107.5725035,QR,Grocery,UK,21,0.0940222743,0.1906167017,0
1959,63,110.3940188,POS,Electronics,TR,16,0.2945849145,0.2046496933,0
4767,407,90.13746798,Online,Grocery,US,19,0.2370823165,0.1022277946,0
3717,154,59.5463669,Online,Food,DE,15,0.1924084479,0.2619238318,0
9979,724,1463.097029,QR,Travel,US,16,0.8876780394,0.7722410953,1
6026,675,153.8581238,Online,Grocery,FR,13,0.1280396697,0.1711432465,0
2756,758,56.62770017,QR,Grocery,DE,13,0.08163379369,0.2705887658,0
9411,213,46.42105297,POS,Grocery,DE,8,0.22936475,0.154901679,0
9855,69,4542.871164,POS,Food,UK,23,0.8063350191,0.8053997124,1
9520,356,2734.259319,ATM,Travel,FR,1,0.9891424421,0.8877187428,1
1705,607,139.4060902,QR,Clothing,DE,10,0.09132443233,0.09694920246,0
4364,801,57.94559365,POS,Travel,TR,9,0.2441950812,0.2265491919,0
7793,638,164.0919514,QR,Electronics,TR,22,0.2727271487,0.05435466412,0
8366,851,61.77265474,QR,Clothing,US,11,0.03367489792,0.2537732169,0
7890,529,98.32075124,ATM,Travel,DE,8,0.0167543299,0.1297015895,0
2135,411,136.0639065,Online,Grocery,DE,6,0.0954727362,0.09583729745,0
2345,287,139.4024542,Online,Travel,TR,6,0.1120322242,0.1995817418,0
3182,526,163.566672,QR,Travel,UK,15,0.1743703633,0.2936948535,0
245,532,124.0259339,Online,Grocery,FR,9,0.06890938246,0.1860897219,0
8075,197,171.4035406,ATM,Grocery,US,6,0.2972526045,0.2525365382,0
3912,883,17.83994601,ATM,Electronics,DE,8,0.2586662131,0.04026355256,0
9469,146,123.3374617,QR,Travel,FR,13,0.2463935727,0.2213820937,0
690,587,103.4175222,ATM,Clothing,UK,10,0.1766275178,0.1914015513,0
6063,833,3.723180765,QR,Food,UK,8,0.1080070247,0.1757327045,0
3699,133,152.5199768,POS,Electronics,FR,12,0.003533344137,0.1851838866,0
8586,135,168.3719522,QR,Clothing,FR,9,0.2259219231,0.2373213809,0
699,153,100.554761,Online,Clothing,FR,8,0.238094932,0.1050418931,0
7320,190,178.0019299,Online,Electronics,FR,20,0.157825128,0.2941795473,0
7505,569,153.8868709,ATM,Electronics,UK,18,0.15725056,0.1320856097,0
541,89,125.3210387,POS,Travel,TR,20,0.1955817156,0.1885904209,0
5416,545,89.22011243,POS,Clothing,UK,21,0.1961944174,0.2550115504,0
3415,78,91.66161846,QR,Grocery,FR,6,0.02976605832,0.253175927,0
8684,263,182.9664697,ATM,Electronics,DE,8,0.1900534314,0.2215369285,0
6937,742,74.32014748,ATM,Grocery,TR,21,0.03727983783,0.101212305,0
6074,455,111.8452315,ATM,Travel,FR,9,0.2837511932,0.01561406659,0
6206,535,126.1090798,QR,Food,TR,13,0.01153286791,0.07056189978,0
3207,82,98.24109556,QR,Food,TR,11,0.07020094172,0.1127495367,0
1366,557,85.62209449,QR,Grocery,TR,8,0.111863632,0.2816665945,0
6442,473,75.89286945,Online,Grocery,FR,17,0.03855909628,0.1930325367,0
9430,646,137.2294802,QR,Electronics,FR,12,0.11662918,0.09054294282,0
462,970,54.08983136,QR,Electronics,FR,12,0.02254620196,0.06790525653,0
513,989,135.8539518,POS,Travel,US,6,0.1006351279,0.1312176911,0
2836,952,159.8052318,QR,Electronics,FR,15,0.03393230596,0.05081153022,0
6948,325,159.9795074,ATM,Electronics,US,10,0.1846137453,0.09764626883,0
5739,562,90.96388549,Online,Electronics,UK,14,0.2134897238,0.2476076556,0
9167,985,111.0015502,Online,Grocery,FR,16,0.2531902592,0.2122760002,0
3562,171,60.90930683,QR,Travel,FR,12,0.01145772816,0.09262697536,0
5146,985,77.14930901,POS,Electronics,FR,12,0.09741777969,0.286432644,0
3140,419,23.05553715,POS,Electronics,FR,22,0.07194008489,0.274435325,0
5907,649,74.97515751,POS,Electronics,DE,13,0.134204418,0.1164454839,0
7964,90,94.90673242,QR,Grocery,FR,23,0.1456167354,0.01131725596,0
788,964,110.2207186,POS,Travel,TR,19,0.2506049331,0.1146133395,0
3322,973,135.1005306,POS,Clothing,FR,16,0.1440289213,0.1547285642,0
8320,519,106.533745,POS,Grocery,UK,20,0.1762792541,0.1635962668,0
7605,253,111.7374189,POS,Food,DE,19,0.2326370186,0.1829128104,0
9613,874,4340.096697,POS,Clothing,DE,4,0.8460759416,0.8032501505,1
8572,30,60.37924242,POS,Electronics,DE,16,0.1601365028,0.2189655214,0
3475,634,33.1378792,ATM,Clothing,FR,11,0.2906230388,0.2136245932,0
2431,600,97.96934893,QR,Grocery,UK,23,0.1435077753,0.0548964132,0
3366,599,75.11281873,POS,Electronics,TR,11,0.1156280508,0.1001754917,0
1740,298,196.4421982,QR,Electronics,US,10,0.2848329661,0.2132868701,0
1137,927,15.20189958,QR,Food,US,17,0.2239731465,0.06012511297,0
2777,68,106.9443761,Online,Grocery,DE,15,0.02778140095,0.1318779768,0
6596,793,36.00093632,QR,Grocery,UK,15,0.07571755796,0.2477192404,0
1105,265,129.7965674,ATM,Travel,FR,6,0.138110496,0.08815563914,0
887,108,159.2914599,QR,Food,US,11,0.03481480984,0.05629203899,0
4496,890,55.41726063,ATM,Electronics,US,14,0.2059103931,0.2901740501,0
2303,492,59.59883727,QR,Food,US,11,0.1787883778,0.2466973246,0
9602,279,3260.284488,POS,Electronics,DE,4,0.7364050077,0.9084599478,1
2898,910,29.64757345,Online,Grocery,FR,11,0.1913217658,0.1757051642,0
609,566,92.50494427,Online,Electronics,FR,15,0.189975914,0.1841094005,0
2872,375,127.5133432,POS,Clothing,US,10,0.2268179589,0.08685457934,0
9676,617,2328.60523,ATM,Clothing,TR,13,0.962337206,0.7913256415,1
8303,816,38.3258045,ATM,Grocery,TR,19,0.1986057835,0.1574692087,0
124,280,204.3996841,ATM,Travel,DE,23,0.1212178996,0.1093803739,0
4636,186,133.0864368,QR,Electronics,TR,12,0.2493956723,0.2324476256,0
7647,225,61.36456699,POS,Food,DE,22,0.1519778169,0.2764735212,0
7701,966,132.3902486,Online,Food,US,23,0.1275402471,0.2746339243,0
8175,799,49.44805686,POS,Grocery,US,23,0.07097600616,0.1280614113,0
8823,652,142.1296221,Online,Travel,US,13,0.1666833237,0.09321450647,0
28,487,19.00289342,Online,Clothing,FR,11,0.05625270645,0.2993959563,0
4633,720,26.5190848,POS,Electronics,UK,12,0.1845854091,0.2584443324,0
3443,380,49.6107864,POS,Travel,TR,8,0.1562750526,0.184507371,0
4115,172,54.9771011,ATM,Clothing,US,13,0.1373633069,0.001566558739,0
2003,539,50.70947518,QR,Travel,DE,7,0.02235999302,0.2369042355,0
5264,521,172.8394726,QR,Food,DE,6,0.08418371316,0.003969604466,0
8311,168,155.0860243,POS,Electronics,UK,14,0.04800720927,0.1238221242,0
8905,71,37.26827575,POS,Grocery,US,20,0.2278215178,0.2762743659,0
9925,888,10,Online,Grocery,US,21,0.9379034342,0.8556155377,1
5911,687,116.5799977,Online,Travel,TR,21,0.2831174015,0.02261569187,0
4208,445,80.71841195,ATM,Travel,US,15,0.04419052972,0.1142522381,0
8133,452,108.1302673,QR,Travel,DE,10,0.1540743603,0.1993840357,0
6868,600,107.8981349,POS,Food,UK,12,0.1481639133,0.2578581473,0
4312,68,67.08928506,POS,Travel,TR,9,0.02439717563,0.09319717094,0
6381,389,220.1590963,QR,Clothing,DE,12,0.2812466662,0.1762772635,0
629,545,37.74827704,ATM,Food,US,14,0.2580027302,0.07871983321,0
5586,145,34.37881622,QR,Food,FR,12,0.2382257653,0.2582631167,0
9969,729,796.8073946,QR,Clothing,NG,20,0.7522560279,0.7129552709,1
6183,576,117.3759018,ATM,Travel,US,18,0.2276353796,0.1393299773,0
6820,25,100.9209593,POS,Clothing,FR,23,0.2066397257,0.2908175274,0
3980,153,63.89303917,ATM,Travel,US,16,0.1489280958,0.1714426901,0
9668,500,2534.071523,POS,Grocery,UK,18,0.8146300456,0.717022243,1
6128,602,125.7139766,POS,Electronics,FR,6,0.04633689663,0.2416230262,0
3019,224,163.257775,ATM,Clothing,US,23,0.0160408139,0.1790707409,0
9912,232,5975.056669,Online,Electronics,FR,10,0.7012133304,0.8785293451,1
5353,79,80.24890678,POS,Grocery,UK,12,0.2724771112,0.1535736292,0
2541,277,191.6475263,QR,Travel,FR,21,0.1751605564,0.05742915892,0
9989,517,10,Online,Food,NG,14,0.7038918974,0.997830462,1
8496,413,176.3506631,ATM,Food,FR,15,0.107036891,0.2638999586,0
5990,110,69.05051928,POS,Food,DE,18,0.150421427,0.05354552985,0
5983,734,61.82881836,ATM,Travel,US,11,0.269334581,0.1107281611,0
6383,681,130.1862788,POS,Clothing,DE,17,0.2667775375,0.2440246161,0
9897,380,641.8275554,ATM,Electronics,UK,12,0.9714878895,0.948865259,1
1934,72,47.23068893,POS,Food,US,15,0.2800699053,0.09235053599,0
6197,330,64.82380092,ATM,Grocery,DE,12,0.1345316099,0.08124205282,0
6738,436,176.0507471,QR,Food,TR,12,0.1229352327,0.2575099048,0
592,136,148.3020399,QR,Grocery,UK,7,0.2398684026,0.1558574144,0
1592,354,85.24863239,POS,Food,UK,11,0.05468027644,0.03526415557,0
9597,672,10,ATM,Food,US,3,0.7767214683,0.8165190115,1
9208,906,54.61250247,Online,Travel,UK,20,0.2945448791,0.2364492447,0
9577,797,4765.43082,ATM,Clothing,US,21,0.7688307252,0.7521092315,1
4694,151,145.2822952,ATM,Grocery,US,19,0.06682766144,0.0908514077,0
8543,704,88.7562311,ATM,Food,DE,7,0.2254614353,0.09356763237,0
4831,86,108.2388265,POS,Grocery,TR,22,0.05647659744,0.2099246285,0
5954,564,154.9941637,Online,Grocery,TR,15,0.1056131881,0.2048677067,0
2389,578,64.434666,ATM,Grocery,FR,11,0.01393666237,0.06423519083,0
4493,948,178.4332949,ATM,Clothing,US,16,0.2927174017,0.04631624758,0
831,9,190.5163795,ATM,Travel,US,15,0.2579362296,0.2407806451,0
7677,975,49.60767255,POS,Electronics,DE,18,0.2998287546,0.2228995323,0
7144,845,99.31685383,QR,Clothing,US,8,0.05057715541,0.01063273483,0
2519,959,161.1803442,ATM,Grocery,FR,21,0.1789528373,0.09510336523,0
5123,796,149.9844577,Online,Grocery,FR,17,0.2719217715,0.0872449983,0
8441,756,155.442071,POS,Clothing,US,8,0.287080674,0.1757374117,0
5867,395,167.7494817,Online,Grocery,UK,9,0.2187058817,0.1479376332,0
4935,870,147.34874,ATM,Travel,FR,17,0.06782315333,0.2452112987,0
1494,744,96.53108165,QR,Food,US,18,0.283995814,0.1323203427,0
7576,578,102.0899542,Online,Grocery,FR,21,0.232939519,0.09848384911,0
9652,694,303.428799,QR,Travel,TR,10,0.8603900089,0.8449696597,1
8229,486,92.53266357,ATM,Food,FR,19,0.1219609914,0.2056970893,0
7671,132,245.1470814,ATM,Food,TR,23,0.03123989084,0.1780721305,0
7211,667,102.9402173,ATM,Grocery,FR,17,0.09727724987,0.1176203285,0
3917,701,190.7788741,POS,Travel,TR,9,0.01421665785,0.2655586602,0
9799,816,2170.979896,QR,Grocery,US,11,0.9855809484,0.9897719843,1
844,752,86.13984423,ATM,Clothing,TR,22,0.2866159421,0.2875991745,0
2786,236,167.6369947,ATM,Clothing,UK,19,0.2907930479,0.05157800948,0
9489,596,89.73213881,POS,Travel,UK,18,0.2403730337,0.00723042273,0
7753,949,160.6292291,ATM,Electronics,UK,21,0.01002514531,0.04998214946,0
4736,432,1,POS,Electronics,TR,13,0.2946733647,0.04986625213,0
8242,577,72.33607136,QR,Electronics,US,17,0.1263787274,0.1197849372,0
9610,647,10,POS,Electronics,FR,5,0.8320402591,0.951142702,1
906,487,111.165117,ATM,Travel,FR,6,0.1833698152,0.01555832492,0
838,110,118.8516919,ATM,Clothing,UK,21,0.0936275759,0.2369668881,0
4293,633,79.69943233,QR,Grocery,US,11,0.1386197308,0.1224401663,0
9275,675,81.89997305,ATM,Grocery,TR,22,0.2601663881,0.1324004805,0
85,745,66.25607518,ATM,Food,DE,15,0.07058223124,0.1261711378,0
8975,939,142.4228228,ATM,Food,US,17,0.1263887419,0.2781206605,0
673,900,132.965406,QR,Electronics,DE,17,0.2856154047,0.1421362247,0
3178,316,167.2741484,POS,Electronics,DE,10,0.1620409681,0.2553365049,0
370,733,149.0691996,Online,Travel,US,18,0.296143117,0.1694810322,0
8246,699,104.6533388,ATM,Food,DE,17,0.09077474951,0.2493084934,0
7216,980,139.404272,POS,Food,DE,10,0.2700839955,0.05429049438,0
8047,267,51.19154908,POS,Grocery,UK,15,0.2406249477,0.1663804622,0
5712,808,254.3656906,Online,Electronics,FR,15,0.06553779835,0.08112940483,0
9256,166,165.2823184,POS,Travel,UK,18,0.06119439577,0.2649834087,0
8000,632,44.59390179,QR,Travel,FR,15,0.08387259911,0.1799619622,0
8458,628,66.31837118,POS,Grocery,UK,15,0.1886554334,0.2399429707,0
6622,445,131.9979845,POS,Travel,FR,9,0.2979763827,0.2352110605,0
1935,930,189.9532117,POS,Electronics,FR,20,0.256535888,0.03623568261,0
4404,67,88.58389578,QR,Grocery,US,18,0.07670341514,0.02389984865,0
2282,701,157.4704647,ATM,Electronics,UK,13,0.2406323932,0.07104200183,0
7870,358,85.2976343,QR,Electronics,TR,22,0.2156194444,0.08585219938,0
2642,64,121.8076491,Online,Travel,DE,22,0.04620530028,0.03436381891,0
501,293,148.7856269,Online,Travel,TR,19,0.2241163826,0.2810896745,0
3972,478,71.34845369,ATM,Food,TR,17,0.05155953719,0.2811470489,0
5732,356,122.9753883,POS,Grocery,FR,11,0.07305450838,0.03266604896,0
5473,265,1,POS,Clothing,TR,7,0.09039088312,0.2573142402,0
9093,603,104.5879163,POS,Clothing,UK,21,0.1603513377,0.123226196,0
3684,984,79.11052755,POS,Electronics,FR,22,0.06755968322,0.04002417668,0
3279,678,46.83893796,POS,Electronics,TR,14,0.03069083278,0.03936162819,0
4041,668,58.92429438,QR,Grocery,DE,14,0.05750450721,0.08961677752,0
4565,218,110.175518,ATM,Food,FR,13,0.1799095741,0.04986894223,0
3234,640,171.3483702,Online,Clothing,FR,7,0.2587078573,0.1121736085,0
7006,225,238.5894805,POS,Clothing,FR,14,0.01637270302,0.2015951143,0
2971,617,165.9710894,POS,Electronics,UK,10,0.1742133991,0.216396284,0
1579,135,77.77612334,Online,Food,UK,21,0.08758440805,0.1387930924,0
4514,692,188.3878679,ATM,Travel,US,23,0.1436995625,0.04766729422,0
2873,803,81.92588972,POS,Grocery,TR,20,0.104461726,0.2955560572,0
6134,816,135.0036348,Online,Electronics,US,17,0.1978502165,0.07269082399,0
3659,194,61.85296583,Online,Electronics,TR,7,0.06208381775,0.2482086943,0
6922,185,161.6204549,QR,Clothing,FR,6,0.1684797718,0.2568551006,0
9975,554,10,ATM,Food,UK,13,0.7382638655,0.8676652753,1
1134,236,179.4502879,ATM,Electronics,UK,11,0.2245349542,0.1848702336,0
7865,978,107.1096568,Online,Travel,UK,7,0.163861932,0.1416486493,0
8353,137,150.6594902,QR,Clothing,UK,9,0.03026916517,0.2444183328,0
693,402,29.32425134,ATM,Food,UK,7,0.2698310499,0.2563027035,0
752,876,152.1270796,QR,Food,US,6,0.1669684021,0.01663925244,0
4186,86,48.38883088,Online,Travel,FR,13,0.02854533437,0.2842054625,0
6533,824,32.51781326,ATM,Grocery,DE,17,0.0005028686364,0.1576292768,0
130,543,161.9968404,QR,Clothing,TR,6,0.2371212421,0.2620469803,0
1094,442,68.79576275,QR,Grocery,US,18,0.09963331545,0.2923801972,0
5390,527,135.6167633,QR,Food,DE,6,0.1237280834,0.09278083365,0
1520,715,49.60988342,QR,Clothing,FR,6,0.1834575665,0.2200835425,0
3297,853,85.4060573,POS,Grocery,DE,17,0.2237003571,0.1654041535,0
196,618,106.8947888,POS,Grocery,FR,15,0.1336504079,0.2692591869,0
8890,697,93.61869107,Online,Travel,DE,22,0.1792798186,0.03906791083,0
8469,925,116.9952465,ATM,Clothing,FR,8,0.03875140009,0.1958899969,0
1713,687,31.76756631,QR,Travel,TR,15,0.05132211907,0.0157348266,0
3283,101,133.0615255,ATM,Electronics,DE,10,0.2193201199,0.06084237733,0
3453,929,51.775159,QR,Food,DE,12,0.155586698,0.2450810045,0
5075,765,59.70065516,ATM,Clothing,UK,18,0.1829071232,0.2012610436,0
1291,644,126.7485336,POS,Food,US,6,0.05161932854,0.1217987917,0
6898,145,100.378833,POS,Travel,DE,10,0.09661571075,0.01447935217,0
6203,921,91.25691822,ATM,Grocery,FR,19,0.2622694569,0.2957935366,0
9004,750,86.1462056,POS,Travel,US,10,0.2926445093,0.2892414935,0
2606,753,89.79454368,QR,Electronics,FR,13,0.2596070471,0.2920671798,0
5449,57,102.2012979,POS,Travel,TR,20,0.1147368406,0.2761219686,0
7598,406,54.94299744,ATM,Grocery,DE,20,0.01100166542,0.1259407509,0
5692,617,103.5769081,POS,Travel,US,14,0.1607631377,0.03761620077,0
3382,365,64.93111974,Online,Clothing,UK,20,0.1964138568,0.2423993229,0
2309,944,93.41209059,Online,Travel,US,12,0.04661206757,0.02162878057,0
6153,884,80.74061861,QR,Food,UK,10,0.02980846781,0.1160199845,0
7869,874,39.6794833,POS,Travel,DE,22,0.09710562854,0.1613790189,0
9875,545,10,Online,Clothing,NG,17,0.8124256622,0.8664001702,1
49,675,110.8789768,ATM,Food,UK,9,0.1360449331,0.2865133562,0
5159,516,111.237106,POS,Electronics,DE,10,0.1238367189,0.1627330655,0
7285,379,108.5248154,ATM,Grocery,DE,10,0.1214164782,0.2953777812,0
6603,960,76.98928705,ATM,Clothing,UK,23,0.0936528214,0.2066087893,0
4773,536,189.6557164,QR,Travel,FR,16,0.2910618904,0.03598837343,0
3445,741,132.5928885,ATM,Grocery,FR,21,0.2197042819,0.01157568253,0
7415,560,100.5566296,Online,Electronics,DE,17,0.02743551403,0.2468293049,0
3994,622,29.23974401,QR,Grocery,DE,18,0.1539163812,0.06969765386,0
386,637,178.9914859,ATM,Grocery,US,16,0.1464941941,0.241763541,0
7692,885,106.1163343,Online,Travel,US,12,0.1165838699,0.1184273258,0
4097,518,127.0315363,QR,Clothing,TR,20,0.2686669302,0.1488021796,0
9259,281,75.48217017,POS,Grocery,UK,16,0.270354203,0.234680873,0
4319,487,157.6444023,Online,Travel,FR,13,0.02075694014,0.2385880115,0
3795,252,1,ATM,Grocery,DE,8,0.1539428319,0.2691301844,0
8037,738,97.58958072,ATM,Grocery,DE,13,0.1565407019,0.2759384394,0
1962,924,141.046144,ATM,Food,TR,20,0.1276854951,0.1553128769,0
1013,127,150.0765212,ATM,Food,UK,15,0.08782301632,0.04064505508,0
7906,400,118.8682183,Online,Electronics,UK,10,0.2022481738,0.2326444521,0
8097,871,86.32578833,Online,Electronics,FR,8,0.1955763543,0.01122463923,0
4393,834,25.12255194,Online,Travel,DE,7,0.1107693876,0.06595951321,0
9238,950,159.1120195,POS,Food,TR,19,0.1008381918,0.09442653362,0
7723,393,127.0212001,Online,Electronics,DE,16,0.2398458512,0.1503454151,0
7882,454,33.42091693,POS,Food,TR,13,0.09332195365,0.2668477384,0
2027,10,84.00117353,QR,Travel,TR,16,0.2322462116,0.1359356645,0
1451,70,146.7934415,POS,Travel,TR,17,0.1768457277,0.2231781822,0
2103,186,74.90742053,QR,Food,US,7,0.1975228288,0.1559819882,0
6682,451,117.5249886,POS,Travel,UK,18,0.0426373822,0.06658757584,0
4272,13,95.92629134,QR,Travel,TR,20,0.247796493,0.1994954185,0
6609,557,111.4470108,Online,Travel,UK,7,0.2349502455,0.115896845,0
9846,296,3010.66822,ATM,Clothing,US,4,0.8242021702,0.9786738797,1
8422,981,85.17752427,QR,Clothing,FR,21,0.2257014418,0.2368051722,0
2101,806,12.68137602,POS,Clothing,DE,19,0.2605107311,0.271595335,0
8911,726,75.67304827,POS,Food,TR,12,0.25585095,0.09483370705,0
1510,231,93.29673752,QR,Clothing,US,18,0.1291653083,0.05893339362,0
2896,796,56.12747094,POS,Grocery,TR,22,0.2737184952,0.04515045404,0
9705,330,1944.100766,Online,Travel,NG,17,0.8818313409,0.7697438497,1
9557,321,10,POS,Travel,NG,4,0.899858314,0.9866592791,1
7749,356,149.7295464,POS,Food,DE,20,0.2049754596,0.1488444368,0
2350,699,87.19207784,ATM,Food,US,23,0.2726162811,0.2267672251,0
6318,670,48.82581068,ATM,Grocery,DE,10,0.1984786205,0.1254612353,0
7481,359,136.4710969,Online,Travel,FR,7,0.007855795752,0.1720729857,0
3353,323,23.80706813,Online,Clothing,DE,13,0.1515538564,0.1929808328,0
8933,191,129.4958616,QR,Travel,US,21,0.07965306276,0.1717318987,0
4336,250,87.82585891,ATM,Food,DE,16,0.0991570461,0.0447555203,0
4397,617,19.710457,POS,Clothing,FR,12,0.2073202732,0.2331910757,0
415,156,44.06169186,ATM,Electronics,FR,15,0.09809724038,0.05365461033,0
2295,423,153.13848,POS,Food,FR,12,0.22134038,0.1119736534,0
6499,407,175.6897128,QR,Travel,UK,10,0.0398399777,0.05085110544,0
32,578,6.559847086,ATM,Electronics,FR,8,0.06574463342,0.1625609266,0
1652,790,152.3748457,ATM,Travel,US,9,0.2538171593,0.03832029374,0
5179,751,65.80392373,Online,Travel,US,19,0.03599801878,0.2536431163,0
1440,559,68.96331267,ATM,Electronics,US,6,0.009670833929,0.05786923075,0
7700,241,43.68148019,Online,Grocery,TR,8,0.001871634295,0.05048764691,0
5885,763,95.158405,Online,Travel,FR,10,0.2379436797,0.2995844356,0
4916,13,73.56950179,POS,Travel,DE,15,0.201430009,0.1049069349,0
8463,849,135.7118734,Online,Food,US,21,0.2998775934,0.1080154588,0
619,875,60.9076563,ATM,Grocery,UK,7,0.06312630396,0.05704997141,0
2847,998,51.0128622,ATM,Travel,UK,19,0.2516646316,0.08028085493,0
5808,106,66.61576727,POS,Grocery,US,16,0.1230753688,0.1543451272,0
4751,642,113.9151026,ATM,Travel,FR,20,0.01666190798,0.09766086,0
4700,495,124.968983,POS,Electronics,UK,8,0.277450818,0.1997084138,0
6486,996,4.068295457,QR,Travel,UK,16,0.2407775955,0.02000262842,0
9756,384,2799.150639,ATM,Food,UK,7,0.8132461262,0.9363260001,1
5004,555,172.8611538,QR,Electronics,DE,14,0.1805111984,0.2578169007,0
5312,250,79.58589932,Online,Clothing,FR,6,0.02871266778,0.2384797721,0
5872,394,183.4239082,POS,Travel,US,22,0.02367596049,0.2104783641,0
8952,584,122.3077869,QR,Clothing,DE,11,0.2273427478,0.02532921459,0
5928,836,132.5115755,QR,Food,TR,6,0.2802992491,0.1264368466,0
5431,986,83.28114466,POS,Electronics,FR,15,0.193309029,0.1611300111,0
7756,551,64.60718763,POS,Food,UK,20,0.07535352184,0.1634239194,0
5689,696,123.7326823,POS,Food,DE,12,0.2405435593,0.03962583801,0
1752,654,82.02506117,POS,Clothing,US,7,0.02163488643,0.05207488342,0
4629,526,164.9794239,QR,Electronics,FR,13,0.0497256696,0.2805512215,0
6519,557,146.3832456,QR,Clothing,US,7,0.2029242793,0.2179507111,0
3365,820,97.6809757,POS,Clothing,UK,16,0.04939808454,0.1397404043,0
7549,967,115.4929972,Online,Grocery,DE,22,0.119064791,0.1658643724,0
2668,193,61.09092608,POS,Travel,DE,8,0.2741284103,0.06211337985,0
4334,156,49.21167665,QR,Clothing,FR,11,0.2430112377,0.09186999643,0
9960,284,10,ATM,Food,UK,9,0.839787641,0.8543019147,1
595,547,93.10184506,ATM,Food,FR,13,0.1697772451,0.04864066736,0
8056,140,111.4879496,QR,Clothing,US,13,0.01838104876,0.2056384289,0
6033,386,112.5428126,QR,Food,US,19,0.2725507923,0.01370071525,0
6439,203,91.88244459,POS,Travel,UK,10,0.2826477365,0.1508364498,0
442,570,113.2966293,Online,Electronics,US,16,0.2550968599,0.1872429101,0
9985,392,10,QR,Travel,UK,12,0.8064449579,0.9418588408,1
5638,988,165.273647,ATM,Clothing,FR,15,0.1192509059,0.2121682139,0
2327,997,20.93223869,ATM,Clothing,US,11,0.1593908388,0.2352625771,0
6450,514,26.03461269,Online,Electronics,UK,22,0.08482876827,0.2530312169,0
7051,839,137.0150164,ATM,Electronics,FR,20,0.02149479036,0.2887720671,0
6376,892,150.2929492,ATM,Food,UK,19,0.005366132521,0.04590129245,0
3359,651,163.7217572,QR,Travel,UK,11,0.1687379613,0.2403527559,0
9550,938,10,ATM,Electronics,NG,5,0.9670481823,0.803964212,1
4582,78,162.1218643,ATM,Clothing,DE,17,0.2347024152,0.007265330801,0
2644,799,20.54760572,POS,Clothing,FR,16,0.0006654985434,0.1335501264,0
1050,97,60.62160651,POS,Grocery,DE,13,0.1566692806,0.2081737024,0
1974,49,153.6510497,POS,Electronics,FR,21,0.1520457555,0.02033995288,0
348,739,34.26813021,ATM,Travel,UK,15,0.1616439629,0.2179831208,0
8765,291,101.2010514,ATM,Grocery,US,8,0.04649224734,0.03747546193,0
4009,365,122.007393,QR,Food,US,12,0.05081988675,0.1277188749,0
1391,498,77.82951634,QR,Travel,TR,22,0.2503396981,0.2278223247,0
6751,361,42.45144189,QR,Travel,TR,12,0.1873327635,0.2906120038,0
1107,78,51.00671022,Online,Travel,FR,16,0.07606592273,0.2016936749,0
1703,892,96.1571905,QR,Electronics,US,6,0.05726012462,0.1547150416,0
3423,180,191.3720971,Online,Travel,UK,9,0.29562456,0.1053110849,0
2137,236,99.83628105,Online,Electronics,US,21,0.2667397328,0.0444438892,0
5955,910,95.29126076,ATM,Clothing,UK,10,0.1559956678,0.2141753869,0
601,254,56.97151053,QR,Travel,DE,13,0.06178120695,0.06858432483,0
6784,672,146.8513366,QR,Grocery,FR,10,0.08655286316,0.2426181731,0
3683,368,112.4020321,POS,Clothing,FR,23,0.04230690185,0.2307319896,0
235,928,32.82648602,POS,Food,DE,10,0.1065159681,0.09737157537,0
8269,546,17.10335031,QR,Travel,UK,12,0.1082462793,0.252013572,0
5110,791,82.27046837,POS,Electronics,UK,14,0.007269543881,0.09722485951,0
2751,533,85.45674149,QR,Electronics,US,21,0.1121177674,0.08913731417,0
9136,990,98.72790923,POS,Electronics,FR,20,0.03693167629,0.1353973066,0
6388,81,53.6346373,QR,Electronics,UK,21,0.1793507347,0.2053692743,0
8068,699,127.924226,Online,Clothing,US,21,0.09189528056,0.2904844082,0
1779,694,125.2936591,QR,Travel,US,21,0.2705128664,0.05554636707,0
8207,451,13.89882096,POS,Food,US,14,0.007753411334,0.1722654855,0
4157,178,172.9328761,Online,Electronics,FR,17,0.114526423,0.02052103638,0
4595,286,65.91300329,POS,Clothing,UK,13,0.2730534633,0.1313974382,0
8179,370,121.374966,ATM,Grocery,FR,10,0.1267477174,0.1323953348,0
4222,662,85.32387681,Online,Travel,TR,21,0.2923620055,0.134024263,0
7130,14,27.42409408,QR,Travel,FR,11,0.1750380125,0.0703513161,0
7487,797,139.277316,Online,Grocery,FR,18,0.2958950649,0.192889566,0
6593,753,132.0253341,POS,Electronics,FR,7,0.07694038892,0.06207634529,0
1850,181,11.72856512,Online,Travel,DE,14,0.009208886645,0.2764893285,0
2246,363,143.2424612,ATM,Travel,UK,21,0.2121482452,0.06042213768,0
4729,947,156.3727184,QR,Electronics,US,11,0.06369953189,0.2235456014,0
1060,153,147.4574581,ATM,Food,FR,16,0.08520184451,0.06789980506,0
9317,396,125.7927664,ATM,Food,TR,14,0.2657042998,0.2713787536,0
2006,636,114.6525545,ATM,Grocery,UK,8,0.1185200677,0.1652506205,0
8211,145,169.4642565,ATM,Grocery,FR,15,0.1633205835,0.0703034157,0
5421,991,47.1031669,POS,Clothing,US,11,0.2309174325,0.1859136227,0
5790,261,6.614100092,QR,Grocery,US,20,0.1796309683,0.002152214392,0
211,623,79.26488066,Online,Grocery,UK,16,0.2456523104,0.1374323683,0
5639,81,72.05786515,POS,Food,UK,15,0.105546598,0.21104301,0
1641,299,93.80035131,QR,Electronics,US,9,0.107494643,0.1871961504,0
8907,897,78.09907191,Online,Clothing,TR,11,0.2283788253,0.1409661723,0
1400,539,178.747435,QR,Clothing,US,8,0.01516216328,0.02886543925,0
3129,657,79.0457574,POS,Travel,UK,12,0.063952567,0.160971572,0
2058,776,95.55437045,Online,Electronics,FR,20,0.0811987441,0.1248842208,0
6914,432,38.17221999,ATM,Grocery,TR,16,0.02497714211,0.05022570772,0
8743,557,127.6648712,POS,Food,UK,18,0.1353764057,0.2611501501,0
490,421,143.0592269,QR,Travel,DE,13,0.2434322256,0.2558275501,0
5346,810,52.771164,POS,Grocery,TR,19,0.1937722776,0.00991377423,0
3142,205,83.3422834,POS,Clothing,FR,7,0.2142133726,0.1231668408,0
703,461,66.95528315,QR,Grocery,TR,10,0.1162455285,0.2279091962,0
9460,624,102.3191779,Online,Travel,FR,20,0.2629737476,0.09192087067,0
9600,93,1045.078572,Online,Clothing,FR,18,0.9567288034,0.9130241247,1
1031,321,153.014432,QR,Grocery,TR,18,0.2386058305,0.1011469807,0
7123,411,122.8478091,Online,Travel,DE,12,0.2928008571,0.04289502103,0
1374,615,80.51596789,QR,Food,FR,15,0.2333454841,0.07475608988,0
6251,160,122.6994532,POS,Grocery,DE,9,0.1532500719,0.2965567562,0
6473,844,78.51403055,POS,Clothing,DE,16,0.0469343939,0.04198240529,0
7296,873,124.452875,ATM,Electronics,UK,23,0.2557977758,0.09147779764,0
3943,929,117.8314808,Online,Electronics,TR,16,0.08580339436,0.2389344169,0
2403,4,112.5315837,Online,Clothing,TR,23,0.09141725758,0.1433902297,0
8760,661,116.691881,ATM,Grocery,FR,18,0.1745504586,0.2328333486,0
893,473,80.32268401,QR,Food,US,20,0.1690790936,0.113066347,0
3058,795,141.344461,QR,Travel,US,6,0.1439513696,0.2611746638,0
8595,653,118.6484669,Online,Clothing,TR,14,0.1438474279,0.2196878503,0
1509,56,70.16983225,ATM,Clothing,FR,15,0.1800632047,0.2668293534,0
5720,497,116.6409899,ATM,Grocery,FR,8,0.01130047797,0.1435979074,0
5550,16,129.9605586,POS,Grocery,UK,18,0.1723479136,0.01553091173,0
8425,457,53.44059838,POS,Food,FR,18,0.1827486092,0.1523059668,0
2616,555,188.0835116,POS,Clothing,TR,8,0.1307336308,0.2117304096,0
1066,494,1,ATM,Grocery,TR,11,0.04088911634,0.1670121142,0
5199,460,55.9229364,ATM,Travel,US,17,0.1299696634,0.07329439715,0
7339,431,145.8799635,QR,Travel,DE,19,0.08443026637,0.1766805019,0
6958,343,1,POS,Travel,FR,7,0.01036706129,0.08747564872,0
5796,848,101.1541278,QR,Clothing,US,17,0.2653397244,0.1535518337,0
6719,63,93.75737908,POS,Electronics,UK,9,0.2847107328,0.1639996829,0
3833,342,160.9746511,POS,Grocery,US,10,0.2530701091,0.259930279,0
8069,385,158.4298296,POS,Travel,FR,21,0.1648578214,0.2537078578,0
8346,276,97.54603979,ATM,Travel,TR,21,0.1195527372,0.264929649,0
7544,681,96.86152878,QR,Food,FR,9,0.1496201265,0.2975850388,0
2252,925,113.5298858,QR,Food,DE,18,0.03146253799,0.108554262,0
5027,800,116.7629997,Online,Electronics,US,8,0.2501086101,0.1625031602,0
7134,148,159.4250507,QR,Grocery,DE,18,0.2576788752,0.2500677413,0
7815,228,52.82692107,POS,Grocery,FR,15,0.166291388,0.03709193236,0
9567,877,5182.568535,QR,Electronics,DE,4,0.9708418058,0.8305854325,1
6712,553,148.6883468,Online,Food,TR,12,0.1993069969,0.001369305945,0
6369,995,57.23265021,POS,Travel,DE,6,0.2219681148,0.1945016149,0
4648,443,191.5573538,QR,Electronics,TR,8,0.2970918775,0.08613363823,0
8574,103,141.4646056,QR,Grocery,TR,20,0.03785019299,0.1565191926,0
6166,313,110.4673168,POS,Grocery,FR,14,0.2764501844,0.0201394123,0
5237,367,72.56418293,POS,Clothing,DE,6,0.2090857799,0.009506866003,0
8003,329,104.3011213,ATM,Travel,TR,23,0.1280076448,0.10100689,0
372,673,97.98735508,QR,Clothing,UK,10,0.225915331,0.1419126288,0
6309,558,69.83856642,ATM,Travel,US,18,0.01911146451,0.2169332071,0
8082,627,42.68236956,QR,Food,TR,17,0.03295204619,0.1074256385,0
8460,275,67.22287321,ATM,Clothing,DE,6,0.02526711532,0.1931703813,0
4192,928,113.7831599,QR,Clothing,US,22,0.1531862582,0.2939590541,0
3259,705,172.762132,QR,Clothing,US,16,0.2817658419,0.2610200008,0
3587,21,31.15191728,POS,Clothing,DE,18,0.1100789907,0.1160887617,0
8971,103,151.493667,QR,Clothing,TR,15,0.2403890704,0.1199549924,0
7293,454,104.3527318,Online,Grocery,FR,21,0.02853809727,0.06488336911,0
5171,638,81.94897412,ATM,Travel,DE,23,0.009964422168,0.2060138046,0
7013,505,165.2387167,Online,Clothing,UK,20,0.2974529324,0.292126083,0
2567,165,122.5498685,QR,Travel,FR,20,0.2196708187,0.1236779652,0
3670,424,118.3363876,Online,Electronics,FR,12,0.08192293104,0.2038889252,0
6651,78,142.7867626,ATM,Food,TR,12,0.08632069424,0.2818846133,0
4892,534,99.04197512,POS,Grocery,US,14,0.04626275125,0.198053717,0
7234,117,132.4039006,Online,Food,UK,13,0.08992131653,0.07180132314,0
1600,91,170.3649853,ATM,Clothing,UK,23,0.1280621986,0.08342644248,0
1622,843,28.80030752,QR,Travel,US,23,0.1666850533,0.08854804098,0
3439,649,40.93887762,POS,Electronics,US,14,0.01618653887,0.1605580933,0
5096,835,204.7845165,Online,Travel,TR,12,0.2614223595,0.278909157,0
6333,953,1,QR,Grocery,DE,6,0.1918383247,0.2191397004,0
4140,481,65.20317988,POS,Electronics,DE,8,0.1431238575,0.1197523015,0
104,631,108.1533172,POS,Electronics,DE,7,0.01804658052,0.1354943667,0
8306,699,185.8823843,QR,Electronics,TR,10,0.2259744933,0.2491800601,0
6794,342,83.46519273,QR,Grocery,UK,13,0.2876000372,0.2369644137,0
1857,259,157.4568524,POS,Food,FR,9,0.2000309526,0.03391681016,0
2100,438,126.2653731,Online,Food,DE,17,0.1691710043,0.01045671229,0
1377,484,5.428805408,POS,Grocery,UK,12,0.277822797,0.09272554574,0
2043,827,74.42073974,QR,Food,DE,16,0.2677249711,0.1085823181,0
2959,637,40.60857933,POS,Grocery,FR,11,0.1089861165,0.2033081572,0
492,737,203.6889341,ATM,Electronics,TR,6,0.07946410226,0.1481452855,0
8653,539,171.782236,Online,Electronics,DE,22,0.2868046273,0.05109506417,0
167,872,160.6184059,POS,Food,TR,21,0.05430633199,0.1949756899,0
9916,504,10,ATM,Electronics,NG,10,0.7171484099,0.98620804,1
5243,835,7.755981358,Online,Clothing,UK,10,0.01323674905,0.2348576787,0
9998,411,3019.952898,POS,Food,US,23,0.8343167649,0.7325152646,1
9015,811,82.4305266,Online,Clothing,UK,13,0.09569887932,0.1675629462,0
1517,647,95.31688376,Online,Food,UK,20,0.2482726635,0.1143970143,0
258,552,58.27856332,Online,Electronics,DE,11,0.06737736014,0.07819656247,0
8981,30,54.24581247,Online,Grocery,FR,9,0.1289591997,0.1519060239,0
5944,518,106.672164,QR,Clothing,FR,10,0.156332449,0.007251038202,0
6779,610,144.3410856,POS,Grocery,FR,11,0.08422693418,0.02675060396,0
4377,228,50.6812704,ATM,Travel,UK,21,0.09181229586,0.01471065767,0
6528,380,123.2796088,POS,Travel,DE,20,0.1237940782,0.05746484223,0
7558,30,72.09620339,POS,Travel,DE,21,0.08716935219,0.07777070535,0
1129,82,185.7082179,QR,Electronics,DE,22,0.07887113381,0.2061255097,0
870,762,37.48432085,QR,Clothing,FR,7,0.2779182355,0.2754335441,0
6017,257,206.0420474,Online,Electronics,UK,22,0.1649759574,0.2865884399,0
826,253,129.8536281,QR,Travel,FR,17,0.1451838422,0.03261237506,0
9206,621,70.24251109,POS,Grocery,DE,15,0.1069986367,0.1620116144,0
5857,69,126.7188281,ATM,Grocery,US,10,0.1060410704,0.1305351247,0
7637,102,9.672029688,POS,Food,TR,19,0.09491680242,0.2629013749,0
8428,585,171.271664,QR,Clothing,US,19,0.1750854135,0.1602300253,0
8855,792,124.74356,Online,Grocery,TR,15,0.1857518366,0.2597872206,0
6772,214,104.9200833,Online,Travel,UK,9,0.04291908008,0.2697761532,0
3848,918,108.1816882,ATM,Grocery,DE,23,0.07801914902,0.1139981407,0
2687,124,132.9670498,QR,Travel,UK,6,0.07000009543,0.142179182,0
8023,872,140.8448956,QR,Travel,US,21,0.06653686466,0.151420338,0
4945,849,36.90551086,Online,Electronics,TR,11,0.04697233068,0.1650656149,0
7608,19,129.3901927,QR,Electronics,TR,19,0.1062791318,0.217224052,0
9388,229,170.5823252,Online,Clothing,UK,14,0.1073093957,0.2690762237,0
2147,829,115.6193622,QR,Travel,DE,14,0.2191850638,0.2267727397,0
8339,849,122.6714245,Online,Electronics,FR,6,0.1043097309,0.2762257388,0
8173,861,134.8696663,QR,Clothing,TR,19,0.2540758668,0.2600363559,0
9817,170,1382.947786,POS,Electronics,US,0,0.9717573077,0.9658798597,1
9992,152,826.4725691,QR,Food,TR,0,0.800443917,0.9282116679,1
7552,269,79.77341299,QR,Grocery,TR,11,0.2711089319,0.1403827688,0
1412,411,186.9832626,QR,Clothing,UK,9,0.03182898263,0.04077667841,0
4376,112,50.06746548,POS,Electronics,TR,18,0.0496735669,0.2687183853,0
212,567,64.86711274,POS,Electronics,DE,23,0.02111160724,0.1652672179,0
8316,163,132.5369852,ATM,Travel,FR,7,0.1565073149,0.2366101479,0
1679,789,1,QR,Food,FR,8,0.1840656262,0.05793309632,0
8120,323,73.90521312,QR,Clothing,US,10,0.03432657528,0.2575399776,0
9534,334,239.5737089,Online,Grocery,TR,3,0.9710550346,0.8463428406,1
7318,615,118.7634725,ATM,Grocery,FR,12,0.2986389799,0.1118911193,0
3394,312,35.30913175,POS,Grocery,UK,11,0.2630597769,0.2948265952,0
3720,136,64.18260304,QR,Travel,UK,7,0.1414245075,0.1862420086,0
1389,415,186.9848704,QR,Travel,UK,18,0.290933488,0.1213567225,0
5921,667,172.9029888,QR,Electronics,TR,22,0.05972934199,0.1905943362,0
2832,186,192.0018312,QR,Electronics,TR,11,0.285284748,0.2158163522,0
3546,422,184.3325677,QR,Clothing,UK,12,0.05328872263,0.1561181234,0
7099,705,85.5476062,POS,Clothing,DE,15,0.08667308017,0.1339489042,0
966,463,135.9326314,QR,Travel,UK,18,0.01432684039,0.233263733,0
1210,442,79.24776998,POS,Food,UK,17,0.1095503795,0.0233430447,0
7762,319,265.0485947,ATM,Food,US,6,0.09388885357,0.2512897151,0
8191,307,181.9027799,POS,Clothing,TR,7,0.03623155833,0.1234493432,0
4806,458,69.78552842,QR,Travel,DE,6,0.03993361853,0.26965101,0
9421,159,1,Online,Electronics,FR,8,0.00449940427,0.1103651617,0
175,153,137.6867819,Online,Grocery,FR,6,0.02624999499,0.03334351184,0
357,783,53.0522926,QR,Travel,UK,14,0.04244723589,0.2700218567,0
1685,387,24.3996844,ATM,Electronics,TR,9,0.2575524685,0.1987088693,0
758,680,67.40449823,Online,Grocery,US,12,0.1952199519,0.09782094344,0
4422,197,1,Online,Clothing,TR,7,0.0702396201,0.1840878523,0
6572,863,53.006639,ATM,Clothing,TR,12,0.2189728136,0.2344396083,0
5116,111,134.502917,POS,Grocery,US,21,0.01770408064,0.2315242334,0
8373,752,92.4173164,ATM,Electronics,TR,21,0.2533313562,0.2528179568,0
2993,129,158.0839116,QR,Grocery,US,19,0.1330102362,0.1350852837,0
4118,154,71.03636914,ATM,Clothing,FR,14,0.2570998909,0.2005106391,0
761,760,79.55290554,Online,Electronics,UK,18,0.1879053201,0.2175786751,0
9204,760,102.1927549,ATM,Grocery,DE,19,0.07562084302,0.2952635082,0
9327,987,121.9068286,Online,Clothing,UK,23,0.2460735368,0.16466517,0
9063,773,160.0353876,ATM,Clothing,DE,6,0.203482647,0.2471479652,0
1689,837,81.3628878,ATM,Travel,FR,15,0.04946164131,0.05686402668,0
8726,939,90.33787788,ATM,Electronics,TR,13,0.1916940685,0.2996283909,0
431,823,47.18879797,Online,Grocery,US,6,0.1514109726,0.03030787418,0
3503,669,133.963044,ATM,Food,UK,9,0.1906830381,0.1617147117,0
7888,626,20.37563972,QR,Electronics,UK,12,0.1176762416,0.006379542305,0
8071,270,119.5658883,POS,Electronics,DE,13,0.2111674335,0.1743720126,0
649,16,48.27306846,ATM,Food,FR,10,0.0009094741171,0.1594417206,0
1567,560,85.65972953,QR,Food,US,23,0.02416344495,0.1971528479,0
1810,621,99.28402786,ATM,Travel,US,8,0.07602777539,0.2771843056,0
2281,41,71.48734036,ATM,Grocery,FR,19,0.2046976981,0.174180602,0
9435,472,27.78348833,ATM,Grocery,DE,14,0.2325123781,0.2927073921,0
4592,514,2.827842384,POS,Food,US,8,0.01934431683,0.2770919706,0
4246,351,113.9062745,QR,Electronics,FR,7,0.008583700208,0.2845610216,0
6924,604,75.75800379,QR,Food,DE,18,0.2736022316,0.2096994413,0
8356,545,124.0250117,QR,Grocery,DE,19,0.2287151138,0.1129765134,0
5373,816,73.78212187,ATM,Food,UK,15,0.2075726465,0.2652803683,0
5584,13,166.4536048,Online,Travel,TR,15,0.07084278949,0.170679816,0
6266,332,79.23863854,QR,Food,US,19,0.1103475168,0.1209007557,0
3668,613,129.7349265,ATM,Clothing,US,9,0.1078260756,0.2689577919,0
6089,263,102.0606388,ATM,Food,TR,16,0.2247795897,0.2393748845,0
7862,537,79.18911901,POS,Electronics,DE,11,0.2108669899,0.140685605,0
7540,743,110.7775,POS,Grocery,FR,20,0.09467413389,0.2580715204,0
4457,542,69.01241717,POS,Travel,TR,23,0.2940838414,0.1536114406,0
3596,84,46.77672305,POS,Clothing,UK,16,0.1696261967,0.07758930306,0
3189,609,102.2861398,QR,Electronics,US,16,0.01186698492,0.008918921487,0
2857,702,143.2285986,ATM,Travel,UK,13,0.01986307197,0.2129603873,0
7847,939,110.3138203,POS,Electronics,UK,23,0.008839462375,0.1420867186,0
33,64,120.7737576,Online,Grocery,US,13,0.2439151086,0.1081197617,0
6407,254,140.8277259,POS,Clothing,TR,15,0.1896002481,0.03596825709,0
489,945,65.42938979,QR,Travel,UK,16,0.02089831809,0.1593406008,0
5947,564,16.48529971,Online,Food,DE,7,0.2254729169,0.07423999994,0
314,312,58.83519654,Online,Food,TR,8,0.207367875,0.261974732,0
9125,355,105.9187943,Online,Electronics,DE,14,0.1743050775,0.05234890933,0
3913,892,34.65493855,POS,Travel,UK,10,0.1118736468,0.2810176805,0
4871,999,151.6446742,QR,Travel,UK,8,0.1820442785,0.1474645293,0
1075,595,40.27312465,Online,Clothing,FR,15,0.07409153966,0.0366432982,0
9892,743,2473.939115,POS,Electronics,US,18,0.7145219871,0.9686531201,1
3619,479,176.8568905,POS,Travel,UK,11,0.1943542978,0.2630478601,0
1757,802,53.31231319,Online,Travel,UK,10,0.1305070775,0.1457526666,0
5883,600,253.3751056,ATM,Grocery,FR,16,0.01432342703,0.2897851938,0
7382,784,101.4869515,ATM,Grocery,UK,8,0.09586024341,0.1369076988,0
3784,75,41.59940381,QR,Grocery,DE,7,0.06995348595,0.03833168002,0
1508,541,124.7749335,QR,Grocery,US,15,0.03903717977,0.2126298526,0
388,527,207.986963,QR,Electronics,TR,22,0.1838600987,0.09668116146,0
2342,268,74.55117358,POS,Grocery,TR,12,0.07879353353,0.1511940183,0
1306,195,16.89426432,Online,Food,FR,12,0.2819285346,0.2685892656,0
2494,55,51.77768648,POS,Clothing,DE,11,0.1171391621,0.2583636927,0
7859,983,137.0560006,QR,Food,DE,13,0.2383890507,0.02749476094,0
285,992,111.3995582,Online,Food,DE,9,0.04784575533,0.2083519114,0
2657,186,110.5342594,Online,Grocery,FR,15,0.2670583674,0.2583652116,0
4901,153,162.5764435,QR,Clothing,TR,18,0.1464542453,0.2633351877,0
1656,368,87.39754377,POS,Food,US,21,0.1415735968,0.1547368117,0
1201,605,71.08899167,ATM,Clothing,US,21,0.2676765316,0.1015043431,0
9163,113,38.20418124,QR,Food,DE,14,0.1186136313,0.1636758867,0
782,843,77.62014047,Online,Food,TR,9,0.008109105384,0.2483555181,0
1568,904,69.14608954,POS,Electronics,US,18,0.262329132,0.1872535798,0
8432,753,162.1772801,Online,Electronics,DE,7,0.1611424939,0.07159399268,0
2806,777,38.4984962,Online,Travel,UK,11,0.2839196228,0.1242369882,0
2219,721,69.23236166,POS,Travel,FR,13,0.2409004821,0.253174464,0
593,420,167.8662331,ATM,Clothing,UK,11,0.1883628885,0.04303185722,0
4668,608,95.84607795,POS,Travel,TR,21,0.01550772223,0.1373468972,0
6757,428,123.8800564,ATM,Grocery,TR,9,0.25206661,0.2086485059,0
6410,111,156.5081093,QR,Grocery,UK,16,0.1712899187,0.2250021061,0
3412,499,33.44469506,Online,Travel,FR,6,0.02329443794,0.03739907824,0
4064,706,106.0327324,ATM,Travel,DE,21,0.1315185808,0.1000934553,0
4600,0,129.3696693,POS,Travel,DE,19,0.2181644276,0.2393758537,0
6900,515,20.60626156,Online,Clothing,DE,17,0.2350938996,0.03581906104,0
2483,711,118.7424039,POS,Food,DE,23,0.2576021387,0.2470038984,0
3836,918,182.5374172,ATM,Travel,TR,18,0.01683610501,0.2792196535,0
4164,904,194.336078,Online,Clothing,FR,8,0.2121227576,0.02034137595,0
8088,561,124.915721,POS,Grocery,US,22,0.1618497288,0.2568393717,0
8099,993,65.61576896,ATM,Clothing,FR,11,0.04425249035,0.1637871403,0
6044,583,157.2332492,POS,Electronics,US,7,0.1324671242,0.153000287,0
8479,325,145.7726761,Online,Electronics,UK,15,0.1561503193,0.03781668095,0
2880,795,1,ATM,Food,US,8,0.1372570934,0.2487833251,0
6861,15,156.1079425,QR,Food,FR,22,0.04657604096,0.2300350352,0
6145,675,71.36554048,POS,Food,DE,18,0.1975653296,0.1689700831,0
4780,156,45.16737772,ATM,Clothing,TR,7,0.04237418031,0.07549840173,0
8656,777,79.09836527,QR,Grocery,US,11,0.1095182349,0.01749374359,0
1895,741,144.3691182,Online,Clothing,DE,19,0.03673783182,0.2485122657,0
4128,284,71.5913886,Online,Food,TR,7,0.09318267457,0.2361076814,0
9247,710,80.76219984,POS,Grocery,DE,19,0.09463068584,0.1126471444,0
4503,64,102.6336105,ATM,Food,TR,22,0.1781666164,0.142526923,0
87,655,45.10057163,QR,Electronics,UK,21,0.2594489308,0.09439747765,0
9910,436,422.7368763,Online,Electronics,UK,4,0.7486519184,0.8281390075,1
8681,720,158.9012842,QR,Food,US,7,0.1013124983,0.1473567812,0
2442,468,117.0779737,ATM,Travel,TR,13,0.1627013937,0.08000210784,0
4605,517,182.1635664,ATM,Travel,UK,12,0.02754482271,0.1586663216,0
6240,296,142.1653337,Online,Electronics,TR,15,0.0612809302,0.05753450677,0
2824,977,77.88855371,QR,Clothing,TR,9,0.1870000454,0.1774322082,0
7587,602,120.71008,QR,Travel,US,21,0.02479131521,0.09732634457,0
5479,953,138.0674282,POS,Grocery,TR,6,0.08361837161,0.1094395222,0
815,967,82.42315619,ATM,Food,DE,10,0.2257381768,0.2642290287,0
939,890,78.86005727,ATM,Travel,TR,18,0.0683212428,0.1331721738,0
2175,382,34.07909299,POS,Electronics,DE,10,0.1741900093,0.2653966289,0
8529,481,156.7820634,Online,Electronics,DE,12,0.07279026978,0.2026474386,0
281,458,93.88383089,QR,Electronics,UK,18,0.01012445057,0.09688620538,0
8233,336,79.66343092,ATM,Grocery,UK,8,0.04422583481,0.1640430661,0
2070,270,83.40027706,POS,Clothing,FR,13,0.2018224515,0.1311218635,0
5249,199,150.7447171,POS,Grocery,FR,9,0.1351887281,0.06311066499,0
4247,700,18.70539863,QR,Clothing,DE,14,0.06082347183,0.2848459323,0
7079,540,61.73644355,QR,Food,US,19,0.1871205329,0.1092495529,0
7561,889,63.46952293,QR,Clothing,UK,21,0.02311315274,0.2679215166,0
4402,505,54.62694426,Online,Electronics,UK,19,0.01504153062,0.1535414814,0
835,835,65.74420102,Online,Electronics,US,10,0.190422755,0.0244100186,0
4384,657,94.38620657,QR,Clothing,DE,7,0.1489600625,0.1240959967,0
5843,838,34.0666386,POS,Food,UK,15,0.1101303257,0.1541754653,0
8394,592,61.82561876,QR,Electronics,UK,13,0.0243747101,0.1371205665,0
1786,207,144.5130266,Online,Food,DE,17,0.1952572356,0.08327221924,0
134,483,45.06725184,QR,Clothing,TR,19,0.001715991598,0.2024915544,0
5285,509,1,ATM,Travel,UK,23,0.07245950697,0.2221092742,0
2845,332,111.8049082,Online,Food,UK,17,0.264871135,0.01548003423,0
3014,878,102.2903984,ATM,Clothing,US,7,0.2731030494,0.161828156,0
2116,857,43.67861556,POS,Electronics,UK,13,0.2695470088,0.08239350134,0
3155,293,125.1771378,Online,Food,FR,10,0.07575345209,0.2905343531,0
5795,354,24.04473544,POS,Food,UK,16,0.09425619837,0.2932709675,0
9995,478,2661.977484,QR,Clothing,UK,18,0.9417752237,0.983692509,1
1707,590,39.03568071,ATM,Food,TR,23,0.2246603655,0.1151519746,0
4783,133,90.17053015,Online,Clothing,UK,8,0.08540490534,0.06850189877,0
8112,466,51.69289856,POS,Electronics,DE,14,0.1595879841,0.01399132714,0
8164,284,137.2405525,ATM,Food,US,15,0.1402301252,0.217572047,0
6284,533,76.6101268,ATM,Electronics,TR,21,0.04914261492,0.2753764212,0
9825,164,1725.729748,POS,Travel,FR,13,0.8537374296,0.9160606238,1
9254,733,102.4274272,ATM,Grocery,FR,8,0.2821019235,0.03641270723,0
1036,317,84.9867641,ATM,Clothing,UK,17,0.2615451882,0.04176269041,0
6679,650,39.67092356,QR,Food,FR,10,0.190389459,0.2655429663,0
3158,479,44.26130695,ATM,Grocery,DE,14,0.08177555845,0.2239338312,0
2911,284,136.3665142,ATM,Electronics,FR,17,0.01928159786,0.1261724381,0
8786,348,67.12292081,QR,Grocery,FR,15,0.08373275368,0.2227345009,0
9909,638,2990.163916,Online,Grocery,US,18,0.980183417,0.7536609754,1
4267,926,136.1013479,POS,Electronics,US,10,0.2407344237,0.1821050257,0
9601,551,1699.555991,Online,Travel,TR,8,0.9693373138,0.7044335779,1
3714,91,52.09890462,Online,Clothing,DE,18,0.273209486,0.1476043372,0
970,112,183.8894877,POS,Grocery,DE,11,0.07482815054,0.1721500976,0
4279,973,108.2972931,Online,Grocery,UK,8,0.277578257,0.1342900927,0
9038,85,75.7275933,ATM,Food,TR,22,0.1270733922,0.1027779225,0
5775,167,28.28922013,Online,Grocery,US,21,0.06481581719,0.1576254138,0
7039,186,136.0129329,Online,Travel,US,17,0.03560251225,0.2477806712,0
2747,725,144.6392189,POS,Clothing,FR,15,0.2278057008,0.0007718944167,0
2891,70,92.88597516,POS,Grocery,UK,23,0.2165619462,0.2054852725,0
2314,816,113.9657921,QR,Clothing,US,22,0.1426095857,0.1197895105,0
7226,378,38.11786369,QR,Grocery,TR,9,0.009823466239,0.005711944099,0
9515,563,10,ATM,Electronics,NG,0,0.7180654161,0.8357337677,1
1408,146,89.31616156,ATM,Food,TR,7,0.1494630946,0.2007786257,0
4205,2,107.8163958,POS,Travel,FR,11,0.01391956616,0.1587967561,0
6281,324,96.52829658,QR,Electronics,DE,9,0.1678250791,0.1157544519,0
6355,388,142.6204205,POS,Travel,FR,10,0.1889127537,0.03816705686,0
9842,8,280.6552604,ATM,Food,NG,4,0.8696799491,0.8137512817,1
2488,4,106.4225534,QR,Food,TR,15,0.2716856659,0.04709198681,0
7914,656,64.01205776,Online,Food,TR,15,0.2325919768,0.1882541535,0
3801,609,96.12459944,POS,Clothing,UK,18,0.002279641119,0.02401997149,0
5754,528,135.9298262,ATM,Clothing,US,7,0.06005555014,0.03145709022,0
1437,943,53.35684441,Online,Electronics,US,18,0.0410126913,0.004647285236,0
3146,355,43.87578381,QR,Clothing,UK,11,0.170784349,0.2934903114,0
5599,640,163.4593629,Online,Travel,DE,21,0.1648606026,0.2253314701,0
3863,346,10.92875502,ATM,Travel,UK,7,0.2073585924,0.07553252626,0
8757,316,115.7237306,POS,Grocery,US,9,0.1838587167,0.2773288595,0
2621,490,89.53676442,Online,Electronics,UK,7,0.0004490445451,0.2126447884,0
6652,51,80.26108716,ATM,Travel,UK,6,0.1087309705,0.06687932584,0
9997,574,6427.53053,Online,Clothing,NG,15,0.7603003677,0.9728738324,1
2390,249,186.5085902,ATM,Grocery,US,20,0.112383552,0.01832775519,0
2605,447,121.9975702,ATM,Grocery,DE,19,0.286591499,0.2913795833,0
2415,281,96.92089064,POS,Clothing,UK,14,0.2210992464,0.2340770618,0
8986,521,67.53409974,Online,Clothing,TR,18,0.1490715337,0.1479353898,0
7467,920,138.8321245,ATM,Travel,US,21,0.02572129245,0.07662031672,0
2565,652,24.59928137,Online,Travel,FR,19,0.1224345732,0.2702513127,0
2012,85,140.9527469,QR,Clothing,FR,12,0.2961793122,0.04147995741,0
2075,524,128.755391,Online,Travel,FR,17,0.01712755621,0.2693003641,0
5078,892,117.1374503,Online,Grocery,UK,15,0.09067230554,0.08728917698,0
1746,457,1,Online,Electronics,FR,12,0.03013332327,0.07474517048,0
465,48,48.94685009,Online,Electronics,UK,9,0.0101927461,0.0514906022,0
9027,874,150.7797405,ATM,Electronics,US,18,0.08671450203,0.04574906089,0
3264,28,105.9595407,QR,Clothing,FR,14,0.2206843724,0.01438256603,0
5976,869,149.0607942,Online,Clothing,FR,7,0.06280391337,0.2017795817,0
4626,719,106.3521346,ATM,Travel,FR,20,0.2363657427,0.2902915588,0
392,483,19.73914922,ATM,Travel,FR,10,0.1405320163,0.1033290702,0
7012,909,41.36158399,POS,Travel,FR,13,0.1803664872,0.1677697358,0
1913,639,74.73275539,QR,Travel,FR,8,0.1904203623,0.1338642351,0
4675,888,32.66282407,ATM,Electronics,TR,15,0.06979627647,0.291928779,0
7942,143,1,QR,Food,TR,7,0.1152573638,0.08493286926,0
8544,329,157.7764888,ATM,Grocery,US,18,0.1257890318,0.2166472826,0
2700,571,161.1862021,QR,Electronics,FR,7,0.08962815437,0.2074067482,0
5526,950,63.64012757,ATM,Grocery,US,10,0.04771335802,0.1208810992,0
9351,745,81.09031574,Online,Travel,US,16,0.2099367895,0.06076586235,0
9830,616,791.0293568,QR,Clothing,UK,2,0.8520973084,0.7345622616,1
9811,942,2283.864362,QR,Grocery,NG,3,0.8884656,0.8716433117,1
8843,970,171.7349366,ATM,Travel,TR,7,0.2524908648,0.2129046201,0
7507,191,91.29934423,Online,Travel,DE,13,0.1303134784,0.2534288467,0
3710,314,68.80242919,Online,Food,FR,21,0.1220483182,0.1863449049,0
2453,301,137.4097892,ATM,Grocery,UK,17,0.06377558775,0.2499233423,0
866,637,123.8406798,QR,Travel,UK,21,0.004630339574,0.1810160355,0
1937,211,85.91763089,POS,Travel,UK,22,0.1636645552,0.2716881195,0
4072,324,1,QR,Grocery,FR,11,0.2108681906,0.2480264955,0
4663,428,121.6217694,ATM,Grocery,US,12,0.003557164521,0.2594026556,0
9871,21,1758.689547,ATM,Food,UK,19,0.8707157627,0.7479116499,1
5577,195,39.61668235,POS,Grocery,DE,9,0.1579506337,0.0161421091,0
6135,938,163.9205448,QR,Travel,US,6,0.2421662031,0.1817019069,0
402,224,14.99901161,QR,Clothing,DE,16,0.2021871601,0.1963332156,0
48,256,92.06744083,ATM,Travel,DE,21,0.155542389,0.152455354,0
5657,254,62.25290669,POS,Food,US,19,0.004406559237,0.1391443224,0
2680,961,65.59314689,Online,Food,US,18,0.06240336356,0.1345247199,0
3963,9,74.50837417,Online,Grocery,FR,22,0.2262437428,0.06581748886,0
7151,660,107.1694873,Online,Clothing,US,12,0.2113632402,0.2742040207,0
9505,795,461.9379547,QR,Food,NG,23,0.8162330032,0.7815203204,1
4013,116,141.1021002,ATM,Travel,UK,10,0.0158808512,0.1786416559,0
3721,231,161.6695966,POS,Food,DE,6,0.2585425243,0.09390267137,0
4175,757,59.02566307,QR,Clothing,FR,12,0.1584988355,0.05826654786,0
8268,539,60.12697386,Online,Clothing,DE,8,0.1956591151,0.225162654,0
2069,105,166.0658101,Online,Food,US,19,0.1973461283,0.2612300195,0
2055,180,125.953477,QR,Clothing,UK,16,0.1325066527,0.171804275,0
5141,257,86.70723523,QR,Food,UK,11,0.09502324591,0.1930362091,0
995,725,72.60923816,POS,Clothing,US,10,0.1313781268,0.02211703547,0
3791,914,32.76553999,QR,Grocery,UK,11,0.2101007519,0.1584412464,0
7282,915,100.0428667,Online,Travel,US,21,0.2937541638,0.2738485256,0
4842,698,63.12830555,ATM,Electronics,DE,15,0.1989664201,0.109742831,0
8278,622,60.69858628,POS,Electronics,TR,22,0.09052174706,0.2982090387,0
2588,59,1.755135851,POS,Travel,UK,17,0.2238195924,0.1891430219,0
7301,114,85.50279668,POS,Electronics,TR,11,0.1852062335,0.08015883176,0
5189,420,143.5267772,ATM,Electronics,US,10,0.2247459674,0.1324510159,0
8611,947,147.8963433,Online,Food,DE,14,0.254756912,0.2472028526,0
7363,443,160.0983317,QR,Electronics,US,21,0.07014852795,0.09695874619,0
3335,883,88.57840395,Online,Grocery,US,14,0.2085319151,0.03981827404,0
7732,829,73.31593501,ATM,Clothing,FR,16,0.1408904787,0.1043071909,0
2854,590,131.0695168,QR,Clothing,TR,10,0.2933945686,0.1424566593,0
4311,324,212.892815,Online,Electronics,US,6,0.1121014088,0.1901593022,0
3540,969,1,Online,Grocery,FR,10,0.1900790006,0.01941402851,0
8196,109,119.8947547,POS,Clothing,DE,7,0.05578383085,0.124279553,0
6860,507,42.66974018,ATM,Food,US,19,0.031972449,0.004755484331,0
6505,816,62.48556654,ATM,Clothing,DE,15,0.052919753,0.1680691898,0
1761,498,107.6516959,QR,Grocery,US,21,0.1754269545,0.1904656111,0
5572,997,116.9923694,ATM,Food,UK,22,0.03269103787,0.09557335638,0
417,225,46.7877644,Online,Clothing,DE,13,0.2277002109,0.02626114197,0
793,541,182.2690916,QR,Electronics,FR,9,0.1072778045,0.07389723071,0
7127,20,200.9362456,QR,Food,UK,20,0.1432019817,0.1585328294,0
4997,409,123.1037128,ATM,Clothing,DE,17,0.09663145819,0.02912960665,0
3143,638,32.8386676,QR,Travel,FR,11,0.004752948332,0.01473371649,0
2485,202,24.63957171,POS,Electronics,UK,15,0.1420722284,0.2209060097,0
9022,672,103.6322107,POS,Grocery,FR,15,0.1753584758,0.02858859868,0
2612,461,140.7233366,POS,Clothing,DE,6,0.0404625265,0.2091508693,0
636,752,175.6265351,Online,Electronics,DE,19,0.01302796079,0.1964722272,0
692,882,7.126060867,ATM,Grocery,TR,16,0.09690479934,0.01247915491,0
1026,217,114.6671771,ATM,Electronics,US,23,0.08933331212,0.05135962012,0
2068,398,89.62078274,Online,Travel,UK,11,0.07879788871,0.2566438933,0
1100,451,80.03589285,QR,Clothing,FR,18,0.03077931186,0.004386424984,0
4857,237,152.544412,POS,Grocery,TR,13,0.1615969312,0.1258707388,0
1665,221,117.9926982,POS,Clothing,FR,10,0.1939466188,0.1397420698,0
4100,304,67.57699945,POS,Grocery,DE,16,0.2779525474,0.08676438044,0
19,56,133.3017287,QR,Electronics,DE,13,0.1534506044,0.18733717,0
2711,493,115.9905817,POS,Travel,US,23,0.2828738646,0.1457881154,0
2924,867,13.1038777,QR,Travel,US,11,0.06948921671,0.2260820817,0
5254,682,136.1955983,QR,Grocery,US,21,0.2977086671,0.118675278,0
3132,673,71.86015346,ATM,Clothing,UK,12,0.1359284996,0.1586263253,0
2318,62,9.382064679,Online,Electronics,US,22,0.2033727588,0.10788557,0
2695,881,73.93319288,QR,Food,US,18,0.1728293049,0.2869759606,0
3560,486,138.8591136,POS,Clothing,UK,15,0.006650320077,0.2014535096,0
3936,181,106.2483595,Online,Travel,TR,7,0.1309192178,0.2552524666,0
423,939,124.7689908,POS,Electronics,TR,18,0.03412841447,0.2605711127,0
2614,902,110.7214465,ATM,Travel,TR,14,0.1272073439,0.2499350326,0
110,230,112.685336,Online,Clothing,UK,21,0.01373168474,0.09282688221,0
794,701,156.3173766,Online,Travel,TR,12,0.1021314945,0.2464475962,0
265,226,92.8672901,POS,Clothing,US,18,0.1134793543,0.2830600164,0
259,354,186.8471472,POS,Food,US,10,0.235519833,0.1433635339,0
3793,890,100.237168,Online,Grocery,US,14,0.02624305732,0.1578893761,0
1188,943,196.951635,POS,Grocery,US,9,0.2864522471,0.0423431036,0
726,270,51.00806137,ATM,Electronics,FR,10,0.08637731329,0.2167805127,0
5824,492,92.72275132,QR,Clothing,FR,11,0.1728505103,0.1613115295,0
738,993,134.8068121,ATM,Clothing,US,9,0.2728963399,0.1219828046,0
499,452,210.2093084,Online,Clothing,DE,12,0.2010033342,0.291003639,0
335,674,69.21312709,QR,Clothing,UK,6,0.09632454292,0.1505240889,0
228,174,82.26157394,ATM,Clothing,US,20,0.2818882867,0.1957143399,0
7061,234,21.70144757,ATM,Clothing,US,16,0.1512530391,0.09412272921,0
8106,132,70.29399057,ATM,Travel,US,22,0.2053693174,0.05393796365,0
7905,474,221.9511594,ATM,Electronics,US,12,0.03658949126,0.243043172,0
992,879,158.4084201,Online,Grocery,US,16,0.2673297733,0.2077280768,0
219,217,48.81345731,Online,Grocery,DE,12,0.1602218064,0.1468122031,0
5560,422,171.1645974,Online,Food,FR,22,0.100391084,0.1922410089,0
6655,780,83.6103998,Online,Electronics,TR,20,0.09584945633,0.1442063584,0
2882,860,42.94170922,POS,Electronics,UK,21,0.002730027715,0.1275535758,0
8715,462,95.60367545,ATM,Grocery,TR,15,0.1701056717,0.009401857099,0
9762,217,1455.533469,QR,Food,TR,4,0.8936869491,0.9574127251,1
1160,72,134.5462646,Online,Grocery,FR,12,0.03453058914,0.03320462833,0
5607,699,146.3934383,ATM,Travel,US,18,0.112979305,0.04255753352,0
6920,56,113.7200603,Online,Electronics,TR,6,0.07724287534,0.1336722459,0
9174,338,100.666051,Online,Grocery,TR,20,0.2211608251,0.0383345262,0
7401,763,81.78399186,QR,Clothing,US,17,0.01477649577,0.08652476953,0
1217,869,103.8506998,ATM,Grocery,UK,14,0.07981820012,0.1545940572,0
9634,185,2231.990705,QR,Clothing,UK,7,0.7501207618,0.7273398198,1
3458,501,85.87083084,Online,Clothing,DE,9,0.2213685702,0.2722082096,0
7365,622,78.41257373,POS,Food,UK,16,0.2123101133,0.2111003577,0
637,834,43.42186967,QR,Grocery,UK,7,0.08155548999,0.03706033354,0
8235,729,133.5478786,ATM,Electronics,UK,8,0.1918392093,0.2593205682,0
6889,830,101.1571506,Online,Travel,US,23,0.2155464537,0.1252684234,0
3738,605,94.73646922,POS,Travel,TR,21,0.2913720837,0.1488052124,0
3004,926,52.90924893,Online,Travel,TR,12,0.1770899533,0.01082612116,0
6598,716,52.32878496,Online,Food,TR,20,0.2482323925,0.1065753487,0
4327,611,47.28099024,QR,Clothing,FR,21,0.09504773056,0.1440772723,0
3042,194,53.42391357,QR,Grocery,TR,12,0.1694198601,0.1458085891,0
6051,655,143.1913864,QR,Travel,TR,19,0.03745488092,0.06553566835,0
2487,191,173.3891653,ATM,Grocery,TR,7,0.2763713319,0.2375989917,0
663,153,109.564413,ATM,Travel,FR,21,0.2400227877,0.2272365029,0
6426,900,149.3537701,QR,Travel,US,8,0.03704436915,0.02586594724,0
2146,71,114.7596531,POS,Clothing,DE,17,0.2249268601,0.03052314288,0
2340,675,127.754485,POS,Grocery,FR,22,0.1014485442,0.1774551838,0
8540,155,82.00334143,ATM,Travel,DE,21,0.2251592092,0.01091230192,0
6955,707,40.30487799,ATM,Electronics,TR,7,0.05409860757,0.2852841309,0
5731,689,101.8153671,Online,Food,UK,18,0.1970816127,0.2237644335,0
9695,607,18.6204883,QR,Travel,FR,12,0.7739514687,0.7414418265,1
2719,145,1,ATM,Food,UK,19,0.07210053499,0.2071133393,0
7661,85,89.50130193,ATM,Clothing,FR,21,0.1909742089,0.10571864,0
8671,151,160.7744361,Online,Grocery,FR,12,0.006475431797,0.1001528122,0
7042,337,56.98656855,Online,Grocery,TR,17,0.2362184903,0.07777915408,0
898,127,102.0282274,ATM,Food,TR,21,0.01170263083,0.1329859747,0
828,976,37.89104651,QR,Electronics,DE,13,0.2393158083,0.05085959745,0
8657,381,56.37914237,QR,Food,FR,20,0.2899963504,0.1514058932,0
2648,825,22.91160376,POS,Clothing,US,23,0.2985561608,0.103886932,0
140,881,135.1532573,ATM,Electronics,TR,9,0.285082687,0.1641179943,0
446,361,201.7504555,Online,Travel,FR,19,0.0466857957,0.004195444946,0
4484,852,92.23653479,POS,Electronics,TR,6,0.09114608197,0.01621489884,0
4802,435,19.29118325,POS,Electronics,DE,21,0.2580215409,0.01430144655,0
552,885,119.7867731,QR,Food,DE,8,0.02148466641,0.174529725,0
1764,925,13.26798322,Online,Travel,US,7,0.2649142968,0.2751279663,0
7694,160,108.4495716,ATM,Food,US,11,0.1595095741,0.05657530038,0
4847,807,162.2956924,Online,Food,FR,23,0.1639598854,0.02456062141,0
4282,93,96.89099728,POS,Clothing,TR,22,0.09475789281,0.2134039559,0
3915,748,87.44814351,QR,Travel,FR,21,0.2367422579,0.1995138416,0
8532,296,49.99162243,ATM,Travel,TR,11,0.2850068277,0.1589807166,0
4482,896,47.49482153,ATM,Electronics,FR,14,0.02830967568,0.08582411229,0
4880,618,46.19966811,QR,Electronics,TR,20,0.2675548843,0.2484242355,0
932,239,94.03878219,POS,Travel,TR,11,0.1985773374,0.1838258326,0
4617,96,126.7797698,ATM,Travel,DE,11,0.0005366910601,0.1903983631,0
8742,792,99.91084949,Online,Food,UK,16,0.1492766522,0.05557562008,0
7093,58,104.4853631,Online,Travel,DE,6,0.03888776429,0.03770858808,0
6016,776,67.30756318,ATM,Food,US,22,0.2767695947,0.2597034187,0
6262,628,140.0909645,Online,Clothing,UK,9,0.1323540226,0.02759783388,0
2228,237,86.97902334,ATM,Clothing,US,10,0.08181040401,0.1877766223,0
303,539,77.34085122,Online,Electronics,FR,10,0.1230158207,0.08368456052,0
8725,245,111.5898355,Online,Clothing,DE,16,0.05637705064,0.275860968,0
1409,117,1,ATM,Food,US,12,0.1698374419,0.1530850578,0
8922,320,163.3213519,QR,Travel,FR,11,0.1254120729,0.1911767104,0
5345,50,242.6811291,POS,Electronics,UK,20,0.03854866944,0.25651031,0
8880,520,77.54799036,Online,Food,UK,11,0.005425192065,0.1836993901,0
968,123,91.65810443,QR,Travel,TR,16,0.1566470004,0.2929779108,0
4431,240,46.50287243,POS,Travel,UK,10,0.07230138542,0.2174731249,0
6088,787,119.0675791,Online,Food,DE,17,0.0231360563,0.02823064296,0
127,336,89.86916162,ATM,Electronics,TR,22,0.2690522127,0.1908873874,0
2434,898,122.7533077,Online,Travel,UK,9,0.0640604869,0.1299725221,0
432,607,9.829813289,POS,Clothing,UK,22,0.07145380131,0.2474649923,0
4885,68,136.5982069,ATM,Food,US,7,0.1168683996,0.005425061319,0
9947,123,1381.20143,POS,Food,US,19,0.9403887113,0.818065285,1
1562,413,56.18031283,ATM,Food,UK,12,0.05584787827,0.1898879009,0
4741,449,119.6904419,ATM,Grocery,US,23,0.2359351825,0.2489053811,0
4122,920,41.36525552,Online,Electronics,DE,18,0.1718782234,0.08300484848,0
3955,633,131.0062025,QR,Clothing,DE,14,0.011739388,0.2074204015,0
1139,261,157.5243525,Online,Electronics,TR,12,0.2194592085,0.1038515619,0
1891,972,140.4410201,QR,Food,TR,15,0.03690854129,0.2170552835,0
5517,997,142.3079631,Online,Travel,UK,8,0.09490444459,0.02594012682,0
5379,862,108.1972472,ATM,Clothing,FR,9,0.1179003025,0.1304342565,0
6494,396,68.95578804,ATM,Clothing,FR,6,0.02610199251,0.1997848337,0
1047,582,106.3534287,QR,Travel,US,7,0.1612668156,0.2554109752,0
6295,691,61.3449772,Online,Clothing,FR,19,0.2637558513,0.04934659673,0
6242,214,51.13083749,QR,Travel,FR,10,0.1272893032,0.02531591744,0
3578,522,144.1493103,QR,Grocery,FR,13,0.009240822688,0.2263561803,0
7241,260,91.76854512,Online,Clothing,UK,16,0.1924845216,0.2302352339,0
730,706,93.01005405,ATM,Electronics,FR,9,0.05839568989,0.04180520445,0
3108,407,9.335096382,ATM,Grocery,DE,23,0.140812862,0.1364351451,0
4609,89,74.41091379,QR,Clothing,TR,20,0.06704858517,0.000964412705,0
6148,57,19.50483993,Online,Electronics,DE,11,0.2520825155,0.07101644807,0
5825,267,30.1903342,Online,Travel,UK,15,0.2050796494,0.0159692312,0
9182,691,111.437779,QR,Clothing,FR,10,0.1592657232,0.2749663465,0
8912,496,66.09800684,Online,Electronics,DE,7,0.2277313092,0.1385293862,0
5111,545,72.72236986,Online,Food,US,14,0.2653629264,0.2628063309,0
2419,350,102.5996016,POS,Food,UK,13,0.2865970613,0.1999579713,0
244,712,176.916522,POS,Electronics,FR,8,0.2017274906,0.288246258,0
8357,379,123.0172402,ATM,Travel,TR,20,0.2718467796,0.2065136636,0
8007,355,114.221187,QR,Grocery,TR,19,0.01679887966,0.05986469751,0
6594,116,72.92705457,ATM,Electronics,TR,8,0.1255135225,0.259711499,0
8123,789,117.073837,POS,Electronics,US,17,0.02700318628,0.2053953085,0
717,111,159.7726356,ATM,Food,FR,10,0.1286488849,0.1160508076,0
3347,942,93.11860589,ATM,Clothing,FR,9,0.2789405446,0.2375168768,0
9493,458,42.49155799,QR,Clothing,TR,20,0.1859270244,0.1340705728,0
2917,897,80.08970381,QR,Clothing,UK,12,0.0124514851,0.1012052275,0
859,890,95.76447836,QR,Electronics,UK,11,0.1083835807,0.2482333487,0
3847,614,89.06309935,POS,Travel,US,7,0.09683232249,0.1421451075,0
4314,447,101.2557042,Online,Travel,FR,13,0.2867034182,0.1059970989,0
512,2,35.8685284,Online,Electronics,UK,17,0.007725529702,0.2692806347,0
1745,572,76.63069624,QR,Clothing,DE,12,0.1693115032,0.03748514264,0
7572,998,106.9831064,QR,Clothing,TR,23,0.06839537028,0.1156370539,0
3206,475,108.5056001,POS,Electronics,FR,9,0.04596502183,0.1095925941,0
954,839,145.4111063,QR,Grocery,DE,15,0.1642917272,0.04319474526,0
6529,891,43.74754702,ATM,Food,UK,11,0.05291636231,0.1102711431,0
4116,972,81.95967531,Online,Grocery,TR,17,0.0755754233,0.1067128629,0
2509,778,125.3227623,Online,Clothing,US,9,0.1660875001,0.2129848389,0
602,170,29.15317958,QR,Electronics,UK,22,0.1825875709,0.1992984683,0
5527,367,92.49121743,ATM,Electronics,FR,18,0.1313355545,0.02111155694,0
2767,529,7.846659257,POS,Clothing,DE,15,0.1934458046,0.02259865769,0
4061,105,140.6818074,POS,Travel,DE,19,0.02922133793,0.02295590782,0
9332,157,113.420629,QR,Grocery,DE,9,0.2588730551,0.2247281745,0
8302,892,1,Online,Clothing,TR,21,0.07310896477,0.2148313855,0
894,782,134.2330615,POS,Clothing,US,6,0.1183286607,0.09650889209,0
3783,849,58.9854703,ATM,Clothing,TR,20,0.120302771,0.05027297854,0
8231,164,88.19812142,POS,Food,UK,23,0.01523455159,0.03302704603,0
7804,328,127.4305764,Online,Travel,FR,7,0.2022507463,0.1957862773,0
5288,225,63.18136238,QR,Travel,FR,20,0.259264586,0.0930211583,0
5608,418,42.78233958,Online,Travel,US,10,0.214858379,0.1449753071,0
6361,170,84.73515121,ATM,Clothing,UK,17,0.2180144527,0.2197435317,0
7428,894,95.27467289,Online,Travel,US,9,0.2227046581,0.1954966351,0
5703,585,127.7570405,ATM,Food,FR,6,0.06425638382,0.06240658814,0
8271,636,190.0924013,QR,Food,TR,11,0.06803241057,0.1569749009,0
1213,503,106.9471405,POS,Food,US,6,0.0725364375,0.2327571422,0
6577,731,84.85575611,ATM,Travel,TR,8,0.2004905957,0.2226444275,0
8495,975,70.56576782,QR,Travel,US,14,0.09040230381,0.2480019819,0
3604,223,100.4762079,QR,Clothing,UK,8,0.09101024238,0.1070201037,0
6389,753,66.48547098,ATM,Electronics,FR,19,0.1922159925,0.1413372857,0
7239,474,97.54672358,POS,Travel,FR,9,0.182609256,0.2129475901,0
1903,935,135.1861409,POS,Electronics,UK,15,0.06440182411,0.2254450949,0
2478,551,183.3376564,Online,Clothing,DE,21,0.1801579884,0.1566236749,0
2499,196,109.424319,QR,Food,DE,9,0.008608278149,0.1832273029,0
3227,940,158.1614878,Online,Grocery,DE,22,0.2474111069,0.1400235787,0
8568,269,76.15103053,QR,Travel,TR,19,0.03370321835,0.06288817655,0
8821,50,152.1535246,Online,Electronics,UK,13,0.06829589087,0.2992133578,0
7086,270,60.07637444,Online,Travel,US,15,0.2404637548,0.04837161638,0
4299,441,41.821055,QR,Grocery,UK,10,0.111657891,0.04191211454,0
7510,6,123.3601846,QR,Electronics,DE,10,0.2092579292,0.0557451706,0
178,725,115.3475375,ATM,Grocery,DE,22,0.1984482234,0.1753992389,0
9457,794,143.2057196,QR,Food,FR,7,0.1985793647,0.07949560143,0
3859,134,150.503451,QR,Clothing,FR,21,0.241822406,0.1090159601,0
8915,534,20.3137072,QR,Electronics,FR,16,0.1743050206,0.03957479311,0
5417,705,146.783719,POS,Electronics,US,17,0.1590465922,0.1121818531,0
5764,722,99.23172762,POS,Food,FR,10,0.06617231687,0.1279365761,0
1058,165,148.7131132,QR,Travel,FR,18,0.02822206391,0.2764725659,0
2156,698,63.56353037,ATM,Food,FR,15,0.1163879796,0.1210706765,0
3070,553,106.5985001,POS,Grocery,FR,12,0.0007059347594,0.2498541074,0
549,982,76.99245192,Online,Electronics,TR,9,0.08586552654,0.1926830913,0
2632,431,102.6341227,Online,Food,DE,21,0.208439596,0.1876474781,0
8343,977,145.9714558,Online,Food,TR,23,0.1141445036,0.1381760602,0
6667,431,68.08307156,POS,Travel,TR,22,0.2234466226,0.03191673435,0
2392,509,120.1322256,Online,Electronics,FR,13,0.2385841017,0.07778567199,0
524,330,148.6682976,QR,Electronics,TR,7,0.07229147026,0.1625047967,0
1344,661,120.5495101,ATM,Food,UK,9,0.2688098807,0.2510665725,0
9485,321,61.15050829,ATM,Food,DE,17,0.1351309258,0.1209072388,0
7849,530,55.97963487,POS,Grocery,UK,13,0.1367796367,0.04794439089,0
3419,357,81.81154893,POS,Food,DE,16,0.0973563408,0.1498341734,0
3923,507,64.1168862,QR,Grocery,DE,10,0.1059782986,0.147970516,0
3692,367,199.8913063,Online,Electronics,FR,14,0.2432807576,0.09388112576,0
4253,780,72.68368678,POS,Travel,DE,6,0.1994137388,0.1262268001,0
9086,584,145.6517992,POS,Electronics,UK,6,0.1633860275,0.2928909883,0
8953,51,158.5465389,Online,Clothing,US,13,0.1379041483,0.06330392235,0
8178,25,135.8226597,POS,Electronics,TR,12,0.08364250393,0.113981248,0
1927,943,25.92765102,ATM,Electronics,US,23,0.2849727979,0.1646487321,0
342,181,25.87929295,QR,Travel,FR,23,0.1117991035,0.05730217959,0
297,273,153.1886992,POS,Travel,US,11,0.2782334482,0.192155702,0
7202,213,123.3632088,ATM,Travel,FR,17,0.2719311723,0.1797210143,0
724,835,44.91128185,Online,Electronics,US,6,0.2192686525,0.1059762594,0
2216,886,145.7129772,Online,Food,UK,21,0.2429035106,0.1921296959,0
5557,18,35.53128211,POS,Grocery,US,11,0.2902642347,0.1593335966,0
7232,647,151.2252212,POS,Electronics,UK,13,0.09093988371,0.2106230442,0
3076,533,60.34164706,POS,Clothing,DE,23,0.2152424209,0.1475559,0
5603,264,82.51848619,ATM,Grocery,DE,23,0.2388111856,0.02543124887,0
6110,838,156.2878425,Online,Electronics,TR,10,0.0825717731,0.1735306167,0
7910,931,103.0655199,Online,Electronics,US,13,0.1967225205,0.05477125427,0
4296,938,29.11169034,Online,Clothing,TR,15,0.001092425321,0.03474272703,0
1896,833,150.7127429,QR,Food,FR,18,0.1210858606,0.1696613861,0
9016,981,141.1846119,POS,Clothing,DE,23,0.1766665265,0.1165318143,0
1932,255,137.684695,POS,Food,UK,14,0.06327355477,0.2465880337,0
8819,401,56.65707089,QR,Clothing,TR,18,0.1056205191,0.08596634721,0
9326,570,95.06889478,QR,Grocery,US,7,0.1459024539,0.03403984963,0
4968,308,96.37167565,Online,Clothing,TR,13,0.292740545,0.2873961034,0
7822,454,175.7739833,QR,Electronics,UK,19,0.1196026901,0.04376742655,0
4029,198,74.10173078,POS,Grocery,FR,11,0.1579440185,0.07913931404,0
9314,925,143.9869337,ATM,Travel,TR,7,0.1611666778,0.2376782964,0
2994,193,101.94045,QR,Travel,FR,13,0.001120124521,0.1422627351,0
6567,366,149.3101215,POS,Food,UK,8,0.2878842768,0.2823292956,0
4144,165,61.23368089,QR,Food,DE,13,0.01250736764,0.2471252819,0
2186,716,133.9009958,QR,Electronics,TR,10,0.04886000329,0.1004502789,0
9249,625,72.23158716,QR,Food,US,11,0.09340612583,0.04546768927,0
1009,214,1,POS,Travel,TR,9,0.03019821736,0.03105008325,0
3533,606,75.73164779,POS,Grocery,DE,15,0.01458196416,0.1236228649,0
6892,207,148.7735158,POS,Grocery,TR,11,0.1376418321,0.2344323383,0
9260,64,100.5778961,Online,Electronics,TR,21,0.1778660962,0.1080235191,0
1522,184,204.3187709,Online,Grocery,DE,6,0.01061914186,0.122005435,0
2037,127,12.10782753,ATM,Grocery,US,7,0.03722059031,0.2533290986,0
6233,482,48.52377424,QR,Clothing,TR,22,0.2126357212,0.1173523249,0
5948,186,120.2237661,QR,Grocery,FR,16,0.2998246877,0.2039482132,0
9644,953,1546.52914,POS,Clothing,FR,4,0.8455709851,0.9264317615,1
7917,152,126.3230907,QR,Clothing,DE,19,0.0794157337,0.2794914455,0
3377,259,5.717102587,QR,Grocery,FR,18,0.04947808378,0.1083760854,0
3223,408,40.38182209,ATM,Electronics,UK,7,0.04380443861,0.2896459453,0
1076,482,58.36644235,POS,Clothing,DE,12,0.06636612216,0.08634384366,0
4995,904,139.5021602,POS,Travel,DE,13,0.1190143886,0.2856803996,0
3485,527,71.01212208,Online,Travel,TR,8,0.1192037222,0.2622617991,0
7922,771,21.03140462,QR,Grocery,UK,12,0.02708795137,0.2952427815,0
6451,429,54.02863196,ATM,Electronics,DE,11,0.09643752187,0.04282333478,0